Timestamp,Total Power (W)
2024-10-01 00:00:00,424.83570765056163
2024-10-01 00:01:00,394.4756291776968
2024-10-01 00:02:00,435.16184747208547
2024-10-01 00:03:00,480.3169539590032
2024-10-01 00:04:00,393.8450294643066
2024-10-01 00:05:00,395.2320163097661
2024-10-01 00:06:00,487.2843323954006
2024-10-01 00:07:00,448.07864991590355
2024-10-01 00:08:00,387.6145435542477
2024-10-01 00:09:00,439.595475517821
2024-10-01 00:10:00,390.6733942330884
2024-10-01 00:11:00,391.9319261948305
2024-10-01 00:12:00,428.6877268476432
2024-10-01 00:13:00,322.2936003270116
2024-10-01 00:14:00,333.0762562348616
2024-10-01 00:15:00,392.56857949281545
2024-10-01 00:16:00,371.398218328891
2024-10-01 00:17:00,439.104707934786
2024-10-01 00:18:00,379.33919214939175
2024-10-01 00:19:00,355.46849310291714
2024-10-01 00:20:00,500.7043673671504
2024-10-01 00:21:00,417.4660750092261
2024-10-01 00:22:00,433.4587146158075
2024-10-01 00:23:00,360.166506598225
2024-10-01 00:24:00,405.50033345335606
2024-10-01 00:25:00,439.5748414111897
2024-10-01 00:26:00,377.78171122564044
2024-10-01 00:27:00,455.41215382588837
2024-10-01 00:28:00,407.8841158957857
2024-10-01 00:29:00,424.6128464498263
2024-10-01 00:30:00,410.38612574464264
2024-10-01 00:31:00,534.3514811297832
2024-10-01 00:32:00,442.3207751159389
2024-10-01 00:33:00,391.35986057553083
2024-10-01 00:34:00,486.61388844253685
2024-10-01 00:35:00,385.67692186436716
2024-10-01 00:36:00,458.38573361065806
2024-10-01 00:37:00,351.17324913476995
2024-10-01 00:38:00,383.95217210581495
2024-10-01 00:39:00,461.39954093172014
2024-10-01 00:40:00,489.664867576957
2024-10-01 00:41:00,462.4848383312487
2024-10-01 00:42:00,449.29849546928494
2024-10-01 00:43:00,441.17958512151824
2024-10-01 00:44:00,383.4516831127352
2024-10-01 00:45:00,422.5175168743108
2024-10-01 00:46:00,436.5984469917992
2024-10-01 00:47:00,513.5956525063956
2024-10-01 00:48:00,479.0178947853968
2024-10-01 00:49:00,374.77048341226725
2024-10-01 00:50:00,480.20006289245873
2024-10-01 00:51:00,445.80277896140774
2024-10-01 00:52:00,432.2592721731909
2024-10-01 00:53:00,497.72491423387606
2024-10-01 00:54:00,519.713852127131
2024-10-01 00:55:00,515.7375094841788
2024-10-01 00:56:00,428.2089114535416
2024-10-01 00:57:00,455.6919172873458
2024-10-01 00:58:00,488.6847309239013
2024-10-01 00:59:00,521.8539268694602
2024-10-01 01:00:00,450.05897342733925
2024-10-01 01:01:00,465.66147341931685
2024-10-01 01:02:00,420.539953845928
2024-10-01 01:03:00,416.94401901956917
2024-10-01 01:04:00,518.263483249776
2024-10-01 01:05:00,546.3170593956045
2024-10-01 01:06:00,475.7572742458775
2024-10-01 01:07:00,530.3718396096086
2024-10-01 01:08:00,499.0989408541116
2024-10-01 01:09:00,449.56746870317096
2024-10-01 01:10:00,500.6837699485077
2024-10-01 01:11:00,560.2904151516216
2024-10-01 01:12:00,482.355796525292
2024-10-01 01:13:00,563.1215611057049
2024-10-01 01:14:00,354.6280279420862
2024-10-01 01:15:00,527.4197981685697
2024-10-01 01:16:00,491.36976429664975
2024-10-01 01:17:00,472.74299580022307
2024-10-01 01:18:00,492.94043870294547
2024-10-01 01:19:00,389.6159476857373
2024-10-01 01:20:00,478.63562571112004
2024-10-01 01:21:00,508.08238798549684
2024-10-01 01:22:00,564.7115963804009
2024-10-01 01:23:00,465.4759995536715
2024-10-01 01:24:00,451.5198177807161
2024-10-01 01:25:00,467.39389728211825
2024-10-01 01:26:00,538.7712673255478
2024-10-01 01:27:00,509.94018915205527
2024-10-01 01:28:00,467.4980592258171
2024-10-01 01:29:00,520.1147470775528
2024-10-01 01:30:00,499.7523394029607
2024-10-01 01:31:00,543.7594922396802
2024-10-01 01:32:00,460.6349803494368
2024-10-01 01:33:00,479.74645243256197
2024-10-01 01:34:00,476.8975336123186
2024-10-01 01:35:00,423.68196013153135
2024-10-01 01:36:00,511.9998039895601
2024-10-01 01:37:00,510.5638878427971
2024-10-01 01:38:00,498.0653214495193
2024-10-01 01:39:00,486.3599490335582
2024-10-01 01:40:00,427.58150444071015
2024-10-01 01:41:00,477.5595397064171
2024-10-01 01:42:00,481.67882614445716
2024-10-01 01:43:00,458.90437349316966
2024-10-01 01:44:00,491.13853592129624
2024-10-01 01:45:00,519.5708128565456
2024-10-01 01:46:00,593.8238456337341
2024-10-01 01:47:00,508.3705256011087
2024-10-01 01:48:00,512.6270181965436
2024-10-01 01:49:00,496.11582508085854
2024-10-01 01:50:00,403.96892372579055
2024-10-01 01:51:00,498.6318823725584
2024-10-01 01:52:00,502.9998966664616
2024-10-01 01:53:00,623.1620142449838
2024-10-01 01:54:00,490.3740930372314
2024-10-01 01:55:00,515.0424527511012
2024-10-01 01:56:00,498.1831584288395
2024-10-01 01:57:00,441.41923217300655
2024-10-01 01:58:00,556.9094004364146
2024-10-01 01:59:00,537.2607918905838
2024-10-01 02:00:00,539.0923931273288
2024-10-01 02:01:00,453.9288773206407
2024-10-01 02:02:00,569.3762461554561
2024-10-01 02:03:00,428.9631154757632
2024-10-01 02:04:00,528.1985536585104
2024-10-01 02:05:00,608.1594415322808
2024-10-01 02:06:00,448.8717784308593
2024-10-01 02:07:00,469.8266617475949
2024-10-01 02:08:00,502.84813870096576
2024-10-01 02:09:00,472.3969318737332
2024-10-01 02:10:00,419.7238659504517
2024-10-01 02:11:00,500.35274846725304
2024-10-01 02:12:00,443.45827968944474
2024-10-01 02:13:00,519.8833237150733
2024-10-01 02:14:00,449.844169764584
2024-10-01 02:15:00,572.9052984118464
2024-10-01 02:16:00,455.8207060921884
2024-10-01 02:17:00,478.4367653318069
2024-10-01 02:18:00,534.7539358847498
2024-10-01 02:19:00,432.05494558365325
2024-10-01 02:20:00,504.47318961399117
2024-10-01 02:21:00,557.9414032228873
2024-10-01 02:22:00,411.6763170736607
2024-10-01 02:23:00,500.7306286557283
2024-10-01 02:24:00,503.9238823949894
2024-10-01 02:25:00,529.4341530472293
2024-10-01 02:26:00,427.8913136923396
2024-10-01 02:27:00,423.0945479033735
2024-10-01 02:28:00,514.5757955837736
2024-10-01 02:29:00,502.67222233049114
2024-10-01 02:30:00,499.6749616614204
2024-10-01 02:31:00,503.7832489603574
2024-10-01 02:32:00,451.75344361358594
2024-10-01 02:33:00,496.6446638398954
2024-10-01 02:34:00,498.94649942606526
2024-10-01 02:35:00,447.81994170068185
2024-10-01 02:36:00,576.0547607698339
2024-10-01 02:37:00,505.6702384550566
2024-10-01 02:38:00,421.61016122872843
2024-10-01 02:39:00,513.1841016291136
2024-10-01 02:40:00,430.78792219093884
2024-10-01 02:41:00,518.0264807478239
2024-10-01 02:42:00,535.7370986391624
2024-10-01 02:43:00,435.8932640125428
2024-10-01 02:44:00,524.201407485663
2024-10-01 02:45:00,495.7622019167542
2024-10-01 02:46:00,515.3022269996305
2024-10-01 02:47:00,568.1006186717144
2024-10-01 02:48:00,460.03918237368896
2024-10-01 02:49:00,433.65545039906556
2024-10-01 02:50:00,425.8864457902316
2024-10-01 02:51:00,428.5779889470553
2024-10-01 02:52:00,464.5063725936388
2024-10-01 02:53:00,484.39882487651664
2024-10-01 02:54:00,480.1425441766845
2024-10-01 02:55:00,506.6211540462237
2024-10-01 02:56:00,464.8534846561779
2024-10-01 02:57:00,535.8091076738895
2024-10-01 02:58:00,448.81639778499607
2024-10-01 02:59:00,596.9625642247594
2024-10-01 03:00:00,491.13058179864595
2024-10-01 03:01:00,415.870900688733
2024-10-01 03:02:00,404.05438903387517
2024-10-01 03:03:00,480.58175938418333
2024-10-01 03:04:00,444.13323337125365
2024-10-01 03:05:00,489.8439628616104
2024-10-01 03:06:00,476.6329406405221
2024-10-01 03:07:00,448.1465170153407
2024-10-01 03:08:00,408.2551901797615
2024-10-01 03:09:00,373.64966862671565
2024-10-01 03:10:00,425.8539084051062
2024-10-01 03:11:00,489.7779281063538
2024-10-01 03:12:00,456.4319498700914
2024-10-01 03:13:00,382.2007772977567
2024-10-01 03:14:00,451.89863449825697
2024-10-01 03:15:00,461.24898832861555
2024-10-01 03:16:00,396.52568020322565
2024-10-01 03:17:00,447.1323854489777
2024-10-01 03:18:00,441.0765351275332
2024-10-01 03:19:00,379.73019119792735
2024-10-01 03:20:00,453.47356715752073
2024-10-01 03:21:00,462.3220543835637
2024-10-01 03:22:00,487.12740605541023
2024-10-01 03:23:00,484.3506015440399
2024-10-01 03:24:00,361.4565783389311
2024-10-01 03:25:00,382.12248999712915
2024-10-01 03:26:00,453.4336039127363
2024-10-01 03:27:00,452.0338968819525
2024-10-01 03:28:00,450.75466061163866
2024-10-01 03:29:00,616.2917048966312
2024-10-01 03:30:00,450.84794693561315
2024-10-01 03:31:00,477.7256921586815
2024-10-01 03:32:00,467.2874463566851
2024-10-01 03:33:00,450.7930904148513
2024-10-01 03:34:00,401.0927200005692
2024-10-01 03:35:00,453.43404611418134
2024-10-01 03:36:00,375.4707400791081
2024-10-01 03:37:00,400.8947640068371
2024-10-01 03:38:00,387.08875379856306
2024-10-01 03:39:00,414.0696842746842
2024-10-01 03:40:00,524.3260274069895
2024-10-01 03:41:00,313.8453036188989
2024-10-01 03:42:00,440.13564642398705
2024-10-01 03:43:00,323.79979382676174
2024-10-01 03:44:00,379.451088961227
2024-10-01 03:45:00,456.10671907130313
2024-10-01 03:46:00,403.4843770954396
2024-10-01 03:47:00,344.9942720068798
2024-10-01 03:48:00,361.7276759574847
2024-10-01 03:49:00,430.08458300670776
2024-10-01 03:50:00,358.19894951056455
2024-10-01 03:51:00,404.15381513858483
2024-10-01 03:52:00,394.2243686774511
2024-10-01 03:53:00,357.98220396939007
2024-10-01 03:54:00,496.37769101325546
2024-10-01 03:55:00,419.49678992415045
2024-10-01 03:56:00,285.1664149320565
2024-10-01 03:57:00,394.37158433306865
2024-10-01 03:58:00,350.5877537311827
2024-10-01 03:59:00,424.93010074580695
2024-10-01 04:00:00,341.3171667908165
2024-10-01 04:01:00,373.8448273660001
2024-10-01 04:02:00,403.47339777697744
2024-10-01 04:03:00,420.1583784683039
2024-10-01 04:04:00,315.50684495332666
2024-10-01 04:05:00,357.4523718854638
2024-10-01 04:06:00,349.09091761570954
2024-10-01 04:07:00,338.8377105050911
2024-10-01 04:08:00,458.4483698998639
2024-10-01 04:09:00,389.1019822458214
2024-10-01 04:10:00,304.4919460110824
2024-10-01 04:11:00,412.1187503279215
2024-10-01 04:12:00,471.0294870816697
2024-10-01 04:13:00,415.24773105744555
2024-10-01 04:14:00,286.3657773032663
2024-10-01 04:15:00,336.8396451766736
2024-10-01 04:16:00,423.12149262045847
2024-10-01 04:17:00,323.12480736836596
2024-10-01 04:18:00,379.43960122002
2024-10-01 04:19:00,394.7289283071004
2024-10-01 04:20:00,308.407785932706
2024-10-01 04:21:00,350.5438533937491
2024-10-01 04:22:00,190.23153176048928
2024-10-01 04:23:00,299.8594964893276
2024-10-01 04:24:00,337.2438875715075
2024-10-01 04:25:00,286.28622216875937
2024-10-01 04:26:00,429.10893301258545
2024-10-01 04:27:00,274.8044148628186
2024-10-01 04:28:00,323.1427317854303
2024-10-01 04:29:00,350.52603877960064
2024-10-01 04:30:00,414.9075325790714
2024-10-01 04:31:00,269.9166440884302
2024-10-01 04:32:00,398.7450668569056
2024-10-01 04:33:00,339.98712058200147
2024-10-01 04:34:00,289.30029832984417
2024-10-01 04:35:00,360.39305515312714
2024-10-01 04:36:00,346.1651138269884
2024-10-01 04:37:00,305.1378373599844
2024-10-01 04:38:00,337.58784733539426
2024-10-01 04:39:00,313.79383753313834
2024-10-01 04:40:00,337.7100716232878
2024-10-01 04:41:00,364.1285355464097
2024-10-01 04:42:00,409.3239458143707
2024-10-01 04:43:00,267.14693166495135
2024-10-01 04:44:00,434.71766543225516
2024-10-01 04:45:00,229.50377275144962
2024-10-01 04:46:00,318.5751347032989
2024-10-01 04:47:00,354.65071925828346
2024-10-01 04:48:00,338.3693438559588
2024-10-01 04:49:00,292.284264592221
2024-10-01 04:50:00,312.1273904649978
2024-10-01 04:51:00,297.0126617922283
2024-10-01 04:52:00,291.3387873375907
2024-10-01 04:53:00,362.44672287252627
2024-10-01 04:54:00,336.9924234464171
2024-10-01 04:55:00,283.6867979367934
2024-10-01 04:56:00,362.51865357436384
2024-10-01 04:57:00,332.1259245880317
2024-10-01 04:58:00,356.64239988532444
2024-10-01 04:59:00,346.7352850181584
2024-10-01 05:00:00,273.0749887300125
2024-10-01 05:01:00,285.80307163867536
2024-10-01 05:02:00,350.48081375758875
2024-10-01 05:03:00,342.95541636169537
2024-10-01 05:04:00,310.7294837383843
2024-10-01 05:05:00,316.99561147065674
2024-10-01 05:06:00,374.3843089665629
2024-10-01 05:07:00,280.3115807849608
2024-10-01 05:08:00,336.6514873567123
2024-10-01 05:09:00,298.6109502610227
2024-10-01 05:10:00,297.2780949350687
2024-10-01 05:11:00,362.5602852583846
2024-10-01 05:12:00,348.36936732232533
2024-10-01 05:13:00,347.2690594032001
2024-10-01 05:14:00,371.3805636156832
2024-10-01 05:15:00,306.6879728515417
2024-10-01 05:16:00,339.28478914256846
2024-10-01 05:17:00,289.24145177969535
2024-10-01 05:18:00,320.5491288886646
2024-10-01 05:19:00,297.4381326797091
2024-10-01 05:20:00,308.4180865567581
2024-10-01 05:21:00,332.96774398520984
2024-10-01 05:22:00,261.95913358898684
2024-10-01 05:23:00,407.1685427355954
2024-10-01 05:24:00,251.9461191585052
2024-10-01 05:25:00,241.25422324980298
2024-10-01 05:26:00,359.60477424808994
2024-10-01 05:27:00,341.0369039900921
2024-10-01 05:28:00,332.43330824739667
2024-10-01 05:29:00,332.4371940269797
2024-10-01 05:30:00,300.2192741633774
2024-10-01 05:31:00,255.79971787019878
2024-10-01 05:32:00,304.3026500235583
2024-10-01 05:33:00,266.52351317574653
2024-10-01 05:34:00,349.025978263401
2024-10-01 05:35:00,292.8247530910615
2024-10-01 05:36:00,258.82964845058154
2024-10-01 05:37:00,283.9813719855102
2024-10-01 05:38:00,320.6626726002576
2024-10-01 05:39:00,271.81459477232426
2024-10-01 05:40:00,258.8938148149742
2024-10-01 05:41:00,312.2124962294482
2024-10-01 05:42:00,312.31904965789835
2024-10-01 05:43:00,274.7854239529147
2024-10-01 05:44:00,276.66179329797257
2024-10-01 05:45:00,311.9165798935701
2024-10-01 05:46:00,228.0294696249602
2024-10-01 05:47:00,230.19930781114988
2024-10-01 05:48:00,264.80827467736293
2024-10-01 05:49:00,290.23526626843164
2024-10-01 05:50:00,316.6492549823839
2024-10-01 05:51:00,375.0870172760335
2024-10-01 05:52:00,344.43655265563905
2024-10-01 05:53:00,293.81000019667493
2024-10-01 05:54:00,301.12841275960096
2024-10-01 05:55:00,252.2439401178362
2024-10-01 05:56:00,301.75476931111956
2024-10-01 05:57:00,288.5762846899185
2024-10-01 05:58:00,319.4926445191114
2024-10-01 05:59:00,262.36131149989177
2024-10-01 06:00:00,330.07489824574475
2024-10-01 06:01:00,381.1477295102856
2024-10-01 06:02:00,299.4944074553644
2024-10-01 06:03:00,325.4579703609484
2024-10-01 06:04:00,340.3378067098227
2024-10-01 06:05:00,286.2459714983766
2024-10-01 06:06:00,318.00608035737616
2024-10-01 06:07:00,307.94351530527985
2024-10-01 06:08:00,312.7280181695877
2024-10-01 06:09:00,269.74181870460234
2024-10-01 06:10:00,310.18358221838963
2024-10-01 06:11:00,334.4413154934894
2024-10-01 06:12:00,382.6993580416791
2024-10-01 06:13:00,358.723829083125
2024-10-01 06:14:00,419.0547349553178
2024-10-01 06:15:00,273.6806498572786
2024-10-01 06:16:00,356.3334415309081
2024-10-01 06:17:00,322.5707283237574
2024-10-01 06:18:00,423.5966973182244
2024-10-01 06:19:00,274.41112769615773
2024-10-01 06:20:00,273.57587105899444
2024-10-01 06:21:00,286.3445400396665
2024-10-01 06:22:00,210.88773808018829
2024-10-01 06:23:00,291.5791198217644
2024-10-01 06:24:00,280.7104277655571
2024-10-01 06:25:00,327.002629076662
2024-10-01 06:26:00,337.4021490419703
2024-10-01 06:27:00,414.9696739272846
2024-10-01 06:28:00,369.544313459676
2024-10-01 06:29:00,294.05496994545973
2024-10-01 06:30:00,278.871322756014
2024-10-01 06:31:00,349.2946188637162
2024-10-01 06:32:00,259.6081293902117
2024-10-01 06:33:00,418.12820529055614
2024-10-01 06:34:00,386.4769176424223
2024-10-01 06:35:00,305.0097577768942
2024-10-01 06:36:00,243.78924098841694
2024-10-01 06:37:00,398.13062295326665
2024-10-01 06:38:00,325.7144673564547
2024-10-01 06:39:00,394.3499554063356
2024-10-01 06:40:00,253.7684655623994
2024-10-01 06:41:00,304.56463573297907
2024-10-01 06:42:00,335.85173863261593
2024-10-01 06:43:00,339.0071747558742
2024-10-01 06:44:00,315.2356814402053
2024-10-01 06:45:00,369.9742716174518
2024-10-01 06:46:00,286.55537275329937
2024-10-01 06:47:00,333.9336253511734
2024-10-01 06:48:00,348.194957411164
2024-10-01 06:49:00,369.04084708801054
2024-10-01 06:50:00,380.0493125263877
2024-10-01 06:51:00,289.3968391763934
2024-10-01 06:52:00,270.09409845312274
2024-10-01 06:53:00,411.86477352438936
2024-10-01 06:54:00,365.78779284905374
2024-10-01 06:55:00,312.94872985140057
2024-10-01 06:56:00,429.1411928292554
2024-10-01 06:57:00,358.5872025760197
2024-10-01 06:58:00,412.9973109952028
2024-10-01 06:59:00,358.64622384741074
2024-10-01 07:00:00,459.5541722815916
2024-10-01 07:01:00,445.5386822529883
2024-10-01 07:02:00,346.5864425720173
2024-10-01 07:03:00,408.8841095483931
2024-10-01 07:04:00,393.85292846764446
2024-10-01 07:05:00,431.3016882021525
2024-10-01 07:06:00,315.9170789200997
2024-10-01 07:07:00,399.76587941441295
2024-10-01 07:08:00,419.69124728609256
2024-10-01 07:09:00,280.14617515213615
2024-10-01 07:10:00,310.2395070705814
2024-10-01 07:11:00,268.76600926006995
2024-10-01 07:12:00,358.5881084578795
2024-10-01 07:13:00,409.2717848747503
2024-10-01 07:14:00,449.85387871269927
2024-10-01 07:15:00,379.78699252524535
2024-10-01 07:16:00,458.8638718678409
2024-10-01 07:17:00,309.783215877488
2024-10-01 07:18:00,294.97845271893607
2024-10-01 07:19:00,378.7333051361161
2024-10-01 07:20:00,402.080644475542
2024-10-01 07:21:00,382.61261949448107
2024-10-01 07:22:00,282.24827542325556
2024-10-01 07:23:00,382.5401757774527
2024-10-01 07:24:00,323.1510084687343
2024-10-01 07:25:00,423.2386592168009
2024-10-01 07:26:00,409.46746859671345
2024-10-01 07:27:00,345.52780104092653
2024-10-01 07:28:00,368.21412108856623
2024-10-01 07:29:00,342.3336426973136
2024-10-01 07:30:00,393.5481234815857
2024-10-01 07:31:00,445.82759394468417
2024-10-01 07:32:00,350.1729473784312
2024-10-01 07:33:00,426.05045155641136
2024-10-01 07:34:00,375.72395734532773
2024-10-01 07:35:00,363.9814776523366
2024-10-01 07:36:00,399.66118299048935
2024-10-01 07:37:00,354.6371996493466
2024-10-01 07:38:00,380.10223086898543
2024-10-01 07:39:00,349.2746802195754
2024-10-01 07:40:00,508.7869416065335
2024-10-01 07:41:00,413.6939374635588
2024-10-01 07:42:00,378.3222579482901
2024-10-01 07:43:00,425.38273517633263
2024-10-01 07:44:00,410.4397109808103
2024-10-01 07:45:00,406.3769101200992
2024-10-01 07:46:00,449.49964040511185
2024-10-01 07:47:00,458.02898140374447
2024-10-01 07:48:00,394.98694142825514
2024-10-01 07:49:00,394.07534005952783
2024-10-01 07:50:00,410.46350965980724
2024-10-01 07:51:00,310.4652074668003
2024-10-01 07:52:00,351.14195305939336
2024-10-01 07:53:00,496.5802707569552
2024-10-01 07:54:00,511.81454749598026
2024-10-01 07:55:00,418.43826102184886
2024-10-01 07:56:00,461.03585369570584
2024-10-01 07:57:00,449.08224294918534
2024-10-01 07:58:00,588.7690394294955
2024-10-01 07:59:00,492.1022906858739
2024-10-01 08:00:00,431.01924348308364
2024-10-01 08:01:00,390.9224616626684
2024-10-01 08:02:00,359.65406325720005
2024-10-01 08:03:00,451.4187452718764
2024-10-01 08:04:00,404.68925423051894
2024-10-01 08:05:00,372.6471345503212
2024-10-01 08:06:00,412.67576316593545
2024-10-01 08:07:00,392.16291327900814
2024-10-01 08:08:00,531.8243816248552
2024-10-01 08:09:00,492.7671177766423
2024-10-01 08:10:00,449.49493665058054
2024-10-01 08:11:00,525.0895900718663
2024-10-01 08:12:00,456.1497572953489
2024-10-01 08:13:00,410.3960056588764
2024-10-01 08:14:00,530.7849810252545
2024-10-01 08:15:00,482.7323029933269
2024-10-01 08:16:00,405.0717555703334
2024-10-01 08:17:00,448.5534093854872
2024-10-01 08:18:00,415.4145089625983
2024-10-01 08:19:00,391.1690947394328
2024-10-01 08:20:00,507.7199848108206
2024-10-01 08:21:00,557.9721195163228
2024-10-01 08:22:00,393.65103247872685
2024-10-01 08:23:00,492.793732331325
2024-10-01 08:24:00,433.1665314157876
2024-10-01 08:25:00,442.38310690985185
2024-10-01 08:26:00,438.1475222112587
2024-10-01 08:27:00,425.58245009436826
2024-10-01 08:28:00,472.2095722135298
2024-10-01 08:29:00,429.22402612852557
2024-10-01 08:30:00,485.2687626744279
2024-10-01 08:31:00,470.194565695003
2024-10-01 08:32:00,461.70559366356866
2024-10-01 08:33:00,429.20713021876884
2024-10-01 08:34:00,446.664676738652
2024-10-01 08:35:00,514.1761700698635
2024-10-01 08:36:00,502.3410949790673
2024-10-01 08:37:00,429.2911900705042
2024-10-01 08:38:00,483.994205649464
2024-10-01 08:39:00,517.4403403394699
2024-10-01 08:40:00,397.22870694390787
2024-10-01 08:41:00,508.6794007671733
2024-10-01 08:42:00,449.1768999538582
2024-10-01 08:43:00,511.61884100723944
2024-10-01 08:44:00,445.69074173168536
2024-10-01 08:45:00,394.35821128466785
2024-10-01 08:46:00,403.95749155389547
2024-10-01 08:47:00,488.45469702361004
2024-10-01 08:48:00,499.73581204795465
2024-10-01 08:49:00,442.21635912528745
2024-10-01 08:50:00,520.0274512316558
2024-10-01 08:51:00,405.67046918495953
2024-10-01 08:52:00,486.07400734278485
2024-10-01 08:53:00,429.4414714149045
2024-10-01 08:54:00,457.99740079766786
2024-10-01 08:55:00,493.53859004953966
2024-10-01 08:56:00,448.7098522517786
2024-10-01 08:57:00,473.0469126905332
2024-10-01 08:58:00,543.1157001333266
2024-10-01 08:59:00,464.46493481581285
2024-10-01 09:00:00,535.584603280731
2024-10-01 09:01:00,437.7870304856053
2024-10-01 09:02:00,521.2167726904112
2024-10-01 09:03:00,567.2409128263369
2024-10-01 09:04:00,371.997818120738
2024-10-01 09:05:00,456.13440447530274
2024-10-01 09:06:00,525.2133835273432
2024-10-01 09:07:00,486.5695301644786
2024-10-01 09:08:00,515.6224579789023
2024-10-01 09:09:00,467.1905461292136
2024-10-01 09:10:00,502.0251496816037
2024-10-01 09:11:00,490.1988080707667
2024-10-01 09:12:00,556.6398817816277
2024-10-01 09:13:00,511.22097733012106
2024-10-01 09:14:00,515.6102242815825
2024-10-01 09:15:00,478.34735403413475
2024-10-01 09:16:00,474.7529167257936
2024-10-01 09:17:00,477.6782215129441
2024-10-01 09:18:00,519.1824850300325
2024-10-01 09:19:00,478.54521525247173
2024-10-01 09:20:00,514.1985319392081
2024-10-01 09:21:00,603.575944995336
2024-10-01 09:22:00,543.4390038305083
2024-10-01 09:23:00,483.6391884467301
2024-10-01 09:24:00,560.0393792496194
2024-10-01 09:25:00,479.59394687525867
2024-10-01 09:26:00,398.09123177966035
2024-10-01 09:27:00,449.57359668177475
2024-10-01 09:28:00,406.399484312766
2024-10-01 09:29:00,482.3052962363233
2024-10-01 09:30:00,500.7245126194084
2024-10-01 09:31:00,583.5288305682855
2024-10-01 09:32:00,515.9374716498652
2024-10-01 09:33:00,488.5010035904572
2024-10-01 09:34:00,540.7720512767419
2024-10-01 09:35:00,388.5715938273083
2024-10-01 09:36:00,510.7165525677665
2024-10-01 09:37:00,537.2674652053906
2024-10-01 09:38:00,424.5642303557621
2024-10-01 09:39:00,555.4315827182568
2024-10-01 09:40:00,514.9000877845821
2024-10-01 09:41:00,476.923359320542
2024-10-01 09:42:00,529.0204921409911
2024-10-01 09:43:00,610.5909008559008
2024-10-01 09:44:00,505.80570787758637
2024-10-01 09:45:00,508.7609059581356
2024-10-01 09:46:00,473.00072747317904
2024-10-01 09:47:00,453.0769375869268
2024-10-01 09:48:00,536.6678953855125
2024-10-01 09:49:00,451.91050729050346
2024-10-01 09:50:00,497.8383341859739
2024-10-01 09:51:00,469.90429114341873
2024-10-01 09:52:00,517.2452045568656
2024-10-01 09:53:00,509.4703716563456
2024-10-01 09:54:00,544.137418236829
2024-10-01 09:55:00,466.21495885010444
2024-10-01 09:56:00,477.65969799452284
2024-10-01 09:57:00,441.635341607053
2024-10-01 09:58:00,467.76147556494413
2024-10-01 09:59:00,508.22641816436794
2024-10-01 10:00:00,526.5788416417371
2024-10-01 10:01:00,441.97204616018456
2024-10-01 10:02:00,530.8945194060752
2024-10-01 10:03:00,554.513165332215
2024-10-01 10:04:00,506.70333624375144
2024-10-01 10:05:00,579.1551050677114
2024-10-01 10:06:00,445.8931206769412
2024-10-01 10:07:00,421.600795836915
2024-10-01 10:08:00,394.13229759596766
2024-10-01 10:09:00,557.0892809323616
2024-10-01 10:10:00,514.2082304709925
2024-10-01 10:11:00,477.897877144338
2024-10-01 10:12:00,493.8471425783401
2024-10-01 10:13:00,422.7304568025392
2024-10-01 10:14:00,600.4334661538785
2024-10-01 10:15:00,483.73281008544495
2024-10-01 10:16:00,481.8524689540231
2024-10-01 10:17:00,511.7673045698952
2024-10-01 10:18:00,498.61111935988237
2024-10-01 10:19:00,484.82216077335886
2024-10-01 10:20:00,433.15733587750657
2024-10-01 10:21:00,495.2935555563744
2024-10-01 10:22:00,564.846606892419
2024-10-01 10:23:00,537.0279820933416
2024-10-01 10:24:00,548.4144528432761
2024-10-01 10:25:00,442.17921668083983
2024-10-01 10:26:00,417.2315715608904
2024-10-01 10:27:00,459.3814100561178
2024-10-01 10:28:00,467.4032773965338
2024-10-01 10:29:00,518.2604189218107
2024-10-01 10:30:00,377.84916388967827
2024-10-01 10:31:00,537.8594129171314
2024-10-01 10:32:00,452.3791631304706
2024-10-01 10:33:00,437.8215378631195
2024-10-01 10:34:00,407.434992966401
2024-10-01 10:35:00,374.1608026565188
2024-10-01 10:36:00,496.9146133630688
2024-10-01 10:37:00,458.2636751949821
2024-10-01 10:38:00,388.9308927098434
2024-10-01 10:39:00,387.4958536126832
2024-10-01 10:40:00,434.27133288292185
2024-10-01 10:41:00,533.31257025522
2024-10-01 10:42:00,435.6732343767585
2024-10-01 10:43:00,372.2775772085284
2024-10-01 10:44:00,433.9203445097334
2024-10-01 10:45:00,431.3351787361732
2024-10-01 10:46:00,308.88220969512645
2024-10-01 10:47:00,439.75854836664917
2024-10-01 10:48:00,429.6651220137418
2024-10-01 10:49:00,474.75277390781685
2024-10-01 10:50:00,531.1131627322304
2024-10-01 10:51:00,493.7090533047749
2024-10-01 10:52:00,422.6446004551614
2024-10-01 10:53:00,379.46401119384075
2024-10-01 10:54:00,562.1528574562195
2024-10-01 10:55:00,435.1338904888455
2024-10-01 10:56:00,431.5513287725287
2024-10-01 10:57:00,428.32455336442695
2024-10-01 10:58:00,438.1052928636704
2024-10-01 10:59:00,419.64784140358734
2024-10-01 11:00:00,396.84238645564
2024-10-01 11:01:00,396.8372407187345
2024-10-01 11:02:00,421.1925609379616
2024-10-01 11:03:00,394.30461865239323
2024-10-01 11:04:00,384.4750581827681
2024-10-01 11:05:00,424.0764682100141
2024-10-01 11:06:00,404.64008766700056
2024-10-01 11:07:00,491.2192353840823
2024-10-01 11:08:00,282.0986428039687
2024-10-01 11:09:00,467.8471976837511
2024-10-01 11:10:00,474.1982764604413
2024-10-01 11:11:00,306.84437262943464
2024-10-01 11:12:00,391.9973438514577
2024-10-01 11:13:00,389.17575806888715
2024-10-01 11:14:00,335.98679990956316
2024-10-01 11:15:00,366.0849062505641
2024-10-01 11:16:00,348.05934453038896
2024-10-01 11:17:00,489.8133630035411
2024-10-01 11:18:00,447.5950401732217
2024-10-01 11:19:00,462.9999984854115
2024-10-01 11:20:00,434.1170816058253
2024-10-01 11:21:00,340.1925038491081
2024-10-01 11:22:00,369.03134025769947
2024-10-01 11:23:00,418.33925764244736
2024-10-01 11:24:00,331.3784975092218
2024-10-01 11:25:00,426.75061748629435
2024-10-01 11:26:00,377.70195075276087
2024-10-01 11:27:00,369.59668830222586
2024-10-01 11:28:00,422.5074847392906
2024-10-01 11:29:00,407.79692504357763
2024-10-01 11:30:00,366.1625051843746
2024-10-01 11:31:00,440.8074033542066
2024-10-01 11:32:00,327.4211564724871
2024-10-01 11:33:00,410.90808643472985
2024-10-01 11:34:00,408.4071887129077
2024-10-01 11:35:00,361.91972225103586
2024-10-01 11:36:00,392.3529737990743
2024-10-01 11:37:00,312.1445429575848
2024-10-01 11:38:00,419.5603521070783
2024-10-01 11:39:00,362.77781269342546
2024-10-01 11:40:00,344.5560835850757
2024-10-01 11:41:00,421.81766441157083
2024-10-01 11:42:00,332.8308961106346
2024-10-01 11:43:00,296.3120568032536
2024-10-01 11:44:00,287.5971206618515
2024-10-01 11:45:00,394.42920338446817
2024-10-01 11:46:00,298.81428417721213
2024-10-01 11:47:00,449.2896758002015
2024-10-01 11:48:00,256.17512814541783
2024-10-01 11:49:00,443.8237123272221
2024-10-01 11:50:00,368.2889712970142
2024-10-01 11:51:00,351.6477986095605
2024-10-01 11:52:00,327.9912503892981
2024-10-01 11:53:00,373.95639563368036
2024-10-01 11:54:00,350.8891133744194
2024-10-01 11:55:00,406.71631159125343
2024-10-01 11:56:00,356.05231459802
2024-10-01 11:57:00,356.65531405400844
2024-10-01 11:58:00,329.7687199417059
2024-10-01 11:59:00,343.9211944148227
2024-10-01 12:00:00,360.987977355666
2024-10-01 12:01:00,258.92937665411614
2024-10-01 12:02:00,275.8791504029455
2024-10-01 12:03:00,379.31319098829977
2024-10-01 12:04:00,349.5659821321726
2024-10-01 12:05:00,330.70764395588003
2024-10-01 12:06:00,339.72419983857094
2024-10-01 12:07:00,355.0890857480935
2024-10-01 12:08:00,309.64152938390487
2024-10-01 12:09:00,296.64601409721604
2024-10-01 12:10:00,344.2976802047155
2024-10-01 12:11:00,284.54357943431955
2024-10-01 12:12:00,352.84449197994064
2024-10-01 12:13:00,246.28534363069323
2024-10-01 12:14:00,381.868205367584
2024-10-01 12:15:00,353.0496209801009
2024-10-01 12:16:00,341.24417173239476
2024-10-01 12:17:00,376.61397564374045
2024-10-01 12:18:00,409.8038791826493
2024-10-01 12:19:00,376.3135629190871
2024-10-01 12:20:00,232.63060338438493
2024-10-01 12:21:00,259.78925208103294
2024-10-01 12:22:00,291.6356619910412
2024-10-01 12:23:00,323.3045108060571
2024-10-01 12:24:00,347.0213228011338
2024-10-01 12:25:00,284.0048068630696
2024-10-01 12:26:00,328.79933701257966
2024-10-01 12:27:00,280.87638926206466
2024-10-01 12:28:00,287.2698759454339
2024-10-01 12:29:00,246.7287888663148
2024-10-01 12:30:00,270.13225763243486
2024-10-01 12:31:00,247.95791263303923
2024-10-01 12:32:00,266.0129950038717
2024-10-01 12:33:00,366.7696958587536
2024-10-01 12:34:00,265.91518230284487
2024-10-01 12:35:00,444.31845854979196
2024-10-01 12:36:00,336.6963190468775
2024-10-01 12:37:00,320.6202680495179
2024-10-01 12:38:00,267.8257056469648
2024-10-01 12:39:00,345.1414388117363
2024-10-01 12:40:00,280.7437402521657
2024-10-01 12:41:00,315.04326135590736
2024-10-01 12:42:00,436.38170136626877
2024-10-01 12:43:00,303.0268571099674
2024-10-01 12:44:00,364.76367550336624
2024-10-01 12:45:00,271.62922668089027
2024-10-01 12:46:00,304.54464257202847
2024-10-01 12:47:00,394.35819373791577
2024-10-01 12:48:00,274.01207142680084
2024-10-01 12:49:00,395.5433703736063
2024-10-01 12:50:00,339.88739797685326
2024-10-01 12:51:00,275.97374294979966
2024-10-01 12:52:00,335.33324873166856
2024-10-01 12:53:00,351.9749379038688
2024-10-01 12:54:00,334.09071131879193
2024-10-01 12:55:00,224.16068607664877
2024-10-01 12:56:00,266.0055465477548
2024-10-01 12:57:00,289.6957909390368
2024-10-01 12:58:00,298.0782588211461
2024-10-01 12:59:00,332.58068532339564
2024-10-01 13:00:00,310.1982720466753
2024-10-01 13:01:00,234.33118211395345
2024-10-01 13:02:00,319.9125485832511
2024-10-01 13:03:00,331.25531497334254
2024-10-01 13:04:00,328.5580715458797
2024-10-01 13:05:00,354.4692870085334
2024-10-01 13:06:00,342.0072668585272
2024-10-01 13:07:00,323.1703012841359
2024-10-01 13:08:00,296.6223989959227
2024-10-01 13:09:00,217.021289743755
2024-10-01 13:10:00,321.50817566538564
2024-10-01 13:11:00,310.38886191017025
2024-10-01 13:12:00,313.57992120469834
2024-10-01 13:13:00,236.17934197128338
2024-10-01 13:14:00,245.9990217375743
2024-10-01 13:15:00,352.7638492321606
2024-10-01 13:16:00,298.20207600653043
2024-10-01 13:17:00,334.34775082562527
2024-10-01 13:18:00,301.8007542281169
2024-10-01 13:19:00,302.0039774403144
2024-10-01 13:20:00,347.58088605330886
2024-10-01 13:21:00,275.0341458416234
2024-10-01 13:22:00,305.83123607431696
2024-10-01 13:23:00,278.11933982152755
2024-10-01 13:24:00,279.7352518645341
2024-10-01 13:25:00,286.2474242119829
2024-10-01 13:26:00,313.07764683965627
2024-10-01 13:27:00,278.31736466655093
2024-10-01 13:28:00,365.34529438763116
2024-10-01 13:29:00,258.1486118358953
2024-10-01 13:30:00,293.8756180408059
2024-10-01 13:31:00,281.5915394728166
2024-10-01 13:32:00,376.304478347888
2024-10-01 13:33:00,314.1793414880279
2024-10-01 13:34:00,356.35829856546474
2024-10-01 13:35:00,230.92089231682115
2024-10-01 13:36:00,319.0025505919144
2024-10-01 13:37:00,350.6009033411231
2024-10-01 13:38:00,310.7209986847802
2024-10-01 13:39:00,360.3862690094631
2024-10-01 13:40:00,281.77119665993075
2024-10-01 13:41:00,378.64417699966396
2024-10-01 13:42:00,423.68060951972893
2024-10-01 13:43:00,291.1702783776626
2024-10-01 13:44:00,287.6310768966192
2024-10-01 13:45:00,383.18680231485894
2024-10-01 13:46:00,390.1248222299382
2024-10-01 13:47:00,285.6489897994757
2024-10-01 13:48:00,291.4454416763643
2024-10-01 13:49:00,299.0452307712121
2024-10-01 13:50:00,246.60837054591704
2024-10-01 13:51:00,268.6113555161381
2024-10-01 13:52:00,265.0664555574705
2024-10-01 13:53:00,277.6295002794942
2024-10-01 13:54:00,315.0472185101343
2024-10-01 13:55:00,329.2703365515704
2024-10-01 13:56:00,395.87866421003366
2024-10-01 13:57:00,269.24572660752455
2024-10-01 13:58:00,369.2049308671751
2024-10-01 13:59:00,310.130185039995
2024-10-01 14:00:00,319.2125298937193
2024-10-01 14:01:00,356.29788478908614
2024-10-01 14:02:00,267.3069425345486
2024-10-01 14:03:00,343.464432047781
2024-10-01 14:04:00,333.5820501870078
2024-10-01 14:05:00,350.8119153291164
2024-10-01 14:06:00,341.5919346126739
2024-10-01 14:07:00,450.8567155127932
2024-10-01 14:08:00,297.1767863798715
2024-10-01 14:09:00,303.4996983809048
2024-10-01 14:10:00,299.8917736603173
2024-10-01 14:11:00,304.2874984319012
2024-10-01 14:12:00,301.2176576708894
2024-10-01 14:13:00,393.5764076280057
2024-10-01 14:14:00,406.2020675610021
2024-10-01 14:15:00,307.70331882657536
2024-10-01 14:16:00,295.6989322741773
2024-10-01 14:17:00,361.9756576535233
2024-10-01 14:18:00,311.89377810869274
2024-10-01 14:19:00,372.2632410850926
2024-10-01 14:20:00,351.88597605180655
2024-10-01 14:21:00,267.0870323503279
2024-10-01 14:22:00,421.39493071049617
2024-10-01 14:23:00,434.9697853436284
2024-10-01 14:24:00,315.7032736757372
2024-10-01 14:25:00,328.1347871057079
2024-10-01 14:26:00,363.0004148613802
2024-10-01 14:27:00,366.6271593430519
2024-10-01 14:28:00,384.03837135911556
2024-10-01 14:29:00,452.8376531119974
2024-10-01 14:30:00,344.70552919770205
2024-10-01 14:31:00,314.87245230493005
2024-10-01 14:32:00,287.06449853322005
2024-10-01 14:33:00,320.7355849811617
2024-10-01 14:34:00,356.8856055845755
2024-10-01 14:35:00,449.53771183381804
2024-10-01 14:36:00,335.2048707467565
2024-10-01 14:37:00,373.55795686797325
2024-10-01 14:38:00,362.83779710453535
2024-10-01 14:39:00,424.3759983250035
2024-10-01 14:40:00,492.6071085483498
2024-10-01 14:41:00,341.0277094997619
2024-10-01 14:42:00,344.4160923759761
2024-10-01 14:43:00,422.4190261457428
2024-10-01 14:44:00,405.6342208099269
2024-10-01 14:45:00,465.2091666008422
2024-10-01 14:46:00,403.4095961590612
2024-10-01 14:47:00,357.59294316025444
2024-10-01 14:48:00,406.4393649444985
2024-10-01 14:49:00,433.69533281854876
2024-10-01 14:50:00,420.64198680455246
2024-10-01 14:51:00,406.3432349286736
2024-10-01 14:52:00,435.67859249390466
2024-10-01 14:53:00,442.1783678218079
2024-10-01 14:54:00,454.19340975489933
2024-10-01 14:55:00,418.8957034728953
2024-10-01 14:56:00,379.48166576835683
2024-10-01 14:57:00,396.5529609067419
2024-10-01 14:58:00,450.92451167859247
2024-10-01 14:59:00,351.1358799950458
2024-10-01 15:00:00,411.801475708525
2024-10-01 15:01:00,375.08729570600616
2024-10-01 15:02:00,397.5789154246326
2024-10-01 15:03:00,461.45244962760523
2024-10-01 15:04:00,408.47346860365553
2024-10-01 15:05:00,402.6292099322868
2024-10-01 15:06:00,333.7033835037872
2024-10-01 15:07:00,440.397349690456
2024-10-01 15:08:00,436.74676625510665
2024-10-01 15:09:00,514.0223164243474
2024-10-01 15:10:00,391.85656127034963
2024-10-01 15:11:00,419.5874845218993
2024-10-01 15:12:00,422.481982740195
2024-10-01 15:13:00,490.2663615086318
2024-10-01 15:14:00,408.00762204392373
2024-10-01 15:15:00,428.099712322737
2024-10-01 15:16:00,445.9169696455105
2024-10-01 15:17:00,426.2231142503258
2024-10-01 15:18:00,395.93823273558695
2024-10-01 15:19:00,429.32814617540583
2024-10-01 15:20:00,474.6651817260646
2024-10-01 15:21:00,371.013729268943
2024-10-01 15:22:00,430.3395687065137
2024-10-01 15:23:00,390.0320650458037
2024-10-01 15:24:00,486.13262822871883
2024-10-01 15:25:00,351.558053822987
2024-10-01 15:26:00,401.1030623437458
2024-10-01 15:27:00,449.2359005779727
2024-10-01 15:28:00,509.9718010638885
2024-10-01 15:29:00,429.7222653039379
2024-10-01 15:30:00,406.55761325370474
2024-10-01 15:31:00,529.6766344921876
2024-10-01 15:32:00,364.51240663475636
2024-10-01 15:33:00,328.26000399155737
2024-10-01 15:34:00,461.4808557252934
2024-10-01 15:35:00,415.6496377610454
2024-10-01 15:36:00,390.9550628261285
2024-10-01 15:37:00,478.69077580789593
2024-10-01 15:38:00,456.7108916197945
2024-10-01 15:39:00,417.5562388926854
2024-10-01 15:40:00,382.9754379427917
2024-10-01 15:41:00,491.8349473269533
2024-10-01 15:42:00,481.9342628270599
2024-10-01 15:43:00,445.66799991964194
2024-10-01 15:44:00,544.1514662765737
2024-10-01 15:45:00,399.49820561615627
2024-10-01 15:46:00,377.89878877198515
2024-10-01 15:47:00,420.74179694439846
2024-10-01 15:48:00,454.20937829823674
2024-10-01 15:49:00,469.7962336989215
2024-10-01 15:50:00,446.6969238798084
2024-10-01 15:51:00,477.47962768944603
2024-10-01 15:52:00,398.4064676111827
2024-10-01 15:53:00,534.2664863898076
2024-10-01 15:54:00,459.0535398521954
2024-10-01 15:55:00,520.0965492788351
2024-10-01 15:56:00,482.4262937597356
2024-10-01 15:57:00,489.17336181571295
2024-10-01 15:58:00,495.85694325391535
2024-10-01 15:59:00,490.77389035424767
2024-10-01 16:00:00,501.53129145108267
2024-10-01 16:01:00,536.8460848730622
2024-10-01 16:02:00,481.19424395799774
2024-10-01 16:03:00,507.78433366905153
2024-10-01 16:04:00,468.79936827024187
2024-10-01 16:05:00,546.229884189919
2024-10-01 16:06:00,441.32796107173243
2024-10-01 16:07:00,566.1036547502927
2024-10-01 16:08:00,474.9431213200105
2024-10-01 16:09:00,406.29180578587983
2024-10-01 16:10:00,485.1003103069368
2024-10-01 16:11:00,445.4918552213623
2024-10-01 16:12:00,522.4106201045983
2024-10-01 16:13:00,448.5657433985218
2024-10-01 16:14:00,459.6906076727393
2024-10-01 16:15:00,388.30976215164293
2024-10-01 16:16:00,460.94253268294443
2024-10-01 16:17:00,363.1188141073711
2024-10-01 16:18:00,405.85630727996147
2024-10-01 16:19:00,523.7944430112175
2024-10-01 16:20:00,525.769434297682
2024-10-01 16:21:00,508.44133889557884
2024-10-01 16:22:00,439.4918734576546
2024-10-01 16:23:00,486.1103883114494
2024-10-01 16:24:00,488.9540339636796
2024-10-01 16:25:00,431.8369374449521
2024-10-01 16:26:00,565.5287843741594
2024-10-01 16:27:00,534.8132511385614
2024-10-01 16:28:00,480.4656520951512
2024-10-01 16:29:00,493.40922406026584
2024-10-01 16:30:00,503.0173846782404
2024-10-01 16:31:00,391.02695100146764
2024-10-01 16:32:00,481.2523139805976
2024-10-01 16:33:00,459.9914019681698
2024-10-01 16:34:00,444.47089523083787
2024-10-01 16:35:00,480.9399235545883
2024-10-01 16:36:00,585.3039826683769
2024-10-01 16:37:00,527.8681112426443
2024-10-01 16:38:00,467.6548458931272
2024-10-01 16:39:00,525.2122021914845
2024-10-01 16:40:00,566.9014720017644
2024-10-01 16:41:00,543.4973230370365
2024-10-01 16:42:00,500.56033374612724
2024-10-01 16:43:00,465.5263299522117
2024-10-01 16:44:00,533.0598085539356
2024-10-01 16:45:00,518.0794534900757
2024-10-01 16:46:00,543.4024043897267
2024-10-01 16:47:00,530.6198646406897
2024-10-01 16:48:00,551.5383713354538
2024-10-01 16:49:00,472.4793273733421
2024-10-01 16:50:00,565.2720001943198
2024-10-01 16:51:00,509.4243115908988
2024-10-01 16:52:00,603.4302075154801
2024-10-01 16:53:00,465.31137989777403
2024-10-01 16:54:00,586.6533222830668
2024-10-01 16:55:00,509.81577075186334
2024-10-01 16:56:00,467.3951564257467
2024-10-01 16:57:00,475.7983066657403
2024-10-01 16:58:00,483.9824863351205
2024-10-01 16:59:00,521.1961126565426
2024-10-01 17:00:00,526.0982658668629
2024-10-01 17:01:00,471.2208859761471
2024-10-01 17:02:00,498.61827960902855
2024-10-01 17:03:00,606.8603920218195
2024-10-01 17:04:00,586.0156564795578
2024-10-01 17:05:00,521.3270852612177
2024-10-01 17:06:00,501.26428402168625
2024-10-01 17:07:00,505.1997176335538
2024-10-01 17:08:00,529.6889559802761
2024-10-01 17:09:00,447.66923569597793
2024-10-01 17:10:00,485.7167836514257
2024-10-01 17:11:00,414.91413641513066
2024-10-01 17:12:00,518.0432555789243
2024-10-01 17:13:00,530.1617359195166
2024-10-01 17:14:00,473.34358949363906
2024-10-01 17:15:00,575.8844163174671
2024-10-01 17:16:00,435.5602137270087
2024-10-01 17:17:00,423.27448969649777
2024-10-01 17:18:00,507.34194810015543
2024-10-01 17:19:00,548.0818545233236
2024-10-01 17:20:00,579.5124406382165
2024-10-01 17:21:00,471.9425733051585
2024-10-01 17:22:00,548.3732550194356
2024-10-01 17:23:00,492.04799962409993
2024-10-01 17:24:00,484.8581405554273
2024-10-01 17:25:00,537.1705509289952
2024-10-01 17:26:00,525.083809351893
2024-10-01 17:27:00,413.1103321184827
2024-10-01 17:28:00,565.2014988766139
2024-10-01 17:29:00,559.8059645533893
2024-10-01 17:30:00,458.93266180625074
2024-10-01 17:31:00,509.3929720949518
2024-10-01 17:32:00,513.6790190665628
2024-10-01 17:33:00,501.36874877739484
2024-10-01 17:34:00,460.1603138593959
2024-10-01 17:35:00,453.41800176610997
2024-10-01 17:36:00,485.02828324722964
2024-10-01 17:37:00,544.232606129781
2024-10-01 17:38:00,512.0498199279634
2024-10-01 17:39:00,465.59638139698654
2024-10-01 17:40:00,521.9530913765627
2024-10-01 17:41:00,340.16600109382455
2024-10-01 17:42:00,539.2404613640746
2024-10-01 17:43:00,394.0097521395576
2024-10-01 17:44:00,462.0510348718783
2024-10-01 17:45:00,423.351762836422
2024-10-01 17:46:00,413.7480557842583
2024-10-01 17:47:00,535.6552018854827
2024-10-01 17:48:00,453.345563827988
2024-10-01 17:49:00,493.15777816299897
2024-10-01 17:50:00,472.57388735144406
2024-10-01 17:51:00,497.84483796347047
2024-10-01 17:52:00,476.8924983898681
2024-10-01 17:53:00,407.9463083825047
2024-10-01 17:54:00,520.9398691510328
2024-10-01 17:55:00,445.45558743281197
2024-10-01 17:56:00,391.3176795359415
2024-10-01 17:57:00,446.7310360149398
2024-10-01 17:58:00,542.1516597288474
2024-10-01 17:59:00,508.58868733497764
2024-10-01 18:00:00,447.5961772953187
2024-10-01 18:01:00,446.5045386551269
2024-10-01 18:02:00,446.8119719688347
2024-10-01 18:03:00,565.6452922843193
2024-10-01 18:04:00,479.8069116672015
2024-10-01 18:05:00,481.1027564920047
2024-10-01 18:06:00,509.9938850520643
2024-10-01 18:07:00,469.2869278924482
2024-10-01 18:08:00,443.25205802081484
2024-10-01 18:09:00,445.23252654973476
2024-10-01 18:10:00,450.30519067948933
2024-10-01 18:11:00,450.8489821060472
2024-10-01 18:12:00,487.90624371598943
2024-10-01 18:13:00,452.92679439580377
2024-10-01 18:14:00,485.7565290708769
2024-10-01 18:15:00,443.8742452800969
2024-10-01 18:16:00,450.61814111284434
2024-10-01 18:17:00,345.5436489660699
2024-10-01 18:18:00,490.02860059277805
2024-10-01 18:19:00,460.2866458634147
2024-10-01 18:20:00,491.60444543990286
2024-10-01 18:21:00,295.6248443034581
2024-10-01 18:22:00,543.5822213782818
2024-10-01 18:23:00,430.9023230942052
2024-10-01 18:24:00,492.0019563721691
2024-10-01 18:25:00,383.30147152652324
2024-10-01 18:26:00,464.63260680278523
2024-10-01 18:27:00,380.0137196957364
2024-10-01 18:28:00,400.1803313457553
2024-10-01 18:29:00,525.7485776210126
2024-10-01 18:30:00,419.18532442449606
2024-10-01 18:31:00,438.25798272940233
2024-10-01 18:32:00,469.5513374389119
2024-10-01 18:33:00,449.48863253604657
2024-10-01 18:34:00,430.8773051682371
2024-10-01 18:35:00,440.25172640977513
2024-10-01 18:36:00,540.8175274556934
2024-10-01 18:37:00,416.4048975302232
2024-10-01 18:38:00,427.9761587037361
2024-10-01 18:39:00,469.0858381871918
2024-10-01 18:40:00,470.4581339878905
2024-10-01 18:41:00,473.1591430231019
2024-10-01 18:42:00,444.3672657860109
2024-10-01 18:43:00,353.90123811811736
2024-10-01 18:44:00,491.34165762919554
2024-10-01 18:45:00,350.9695432821254
2024-10-01 18:46:00,422.03371960318174
2024-10-01 18:47:00,367.80195587586434
2024-10-01 18:48:00,400.921569105217
2024-10-01 18:49:00,419.17854863074683
2024-10-01 18:50:00,417.4197019453238
2024-10-01 18:51:00,421.0590311741723
2024-10-01 18:52:00,479.25971634343034
2024-10-01 18:53:00,419.86230243753334
2024-10-01 18:54:00,383.58973296358346
2024-10-01 18:55:00,442.6147111507364
2024-10-01 18:56:00,452.49774342327817
2024-10-01 18:57:00,330.2590400760643
2024-10-01 18:58:00,420.12625891946357
2024-10-01 18:59:00,423.93359668671565
2024-10-01 19:00:00,372.61763454690686
2024-10-01 19:01:00,454.90441255919234
2024-10-01 19:02:00,377.24223232581545
2024-10-01 19:03:00,389.65271679362604
2024-10-01 19:04:00,373.35239249325735
2024-10-01 19:05:00,381.4204966860862
2024-10-01 19:06:00,324.4670847717889
2024-10-01 19:07:00,305.9215864838362
2024-10-01 19:08:00,456.2969336658057
2024-10-01 19:09:00,332.87568225875265
2024-10-01 19:10:00,324.31098066441297
2024-10-01 19:11:00,264.8729793034741
2024-10-01 19:12:00,339.26158094901837
2024-10-01 19:13:00,303.7279156141987
2024-10-01 19:14:00,450.6617098702838
2024-10-01 19:15:00,417.73641744319934
2024-10-01 19:16:00,331.52897509955505
2024-10-01 19:17:00,477.25578279508096
2024-10-01 19:18:00,412.4265890837067
2024-10-01 19:19:00,345.8081397356226
2024-10-01 19:20:00,235.79813788462556
2024-10-01 19:21:00,474.04183467295525
2024-10-01 19:22:00,288.75017851596067
2024-10-01 19:23:00,274.7010179031822
2024-10-01 19:24:00,406.84993047082156
2024-10-01 19:25:00,476.4680240642065
2024-10-01 19:26:00,422.4618201948352
2024-10-01 19:27:00,380.22042913295877
2024-10-01 19:28:00,380.548738367783
2024-10-01 19:29:00,392.27733583990397
2024-10-01 19:30:00,386.35824480752734
2024-10-01 19:31:00,361.28659519850345
2024-10-01 19:32:00,351.2624676880532
2024-10-01 19:33:00,341.75855097485555
2024-10-01 19:34:00,306.03640376781186
2024-10-01 19:35:00,328.55815869336544
2024-10-01 19:36:00,256.8124250654233
2024-10-01 19:37:00,335.42292987942153
2024-10-01 19:38:00,289.80150962536067
2024-10-01 19:39:00,282.9544751000161
2024-10-01 19:40:00,346.04345834370343
2024-10-01 19:41:00,405.57581810697064
2024-10-01 19:42:00,380.83083726081696
2024-10-01 19:43:00,255.34183472419068
2024-10-01 19:44:00,283.3500729798151
2024-10-01 19:45:00,378.8476107929123
2024-10-01 19:46:00,281.6754072084756
2024-10-01 19:47:00,318.57219347131854
2024-10-01 19:48:00,356.32407071431527
2024-10-01 19:49:00,279.4355880182363
2024-10-01 19:50:00,332.16684812520083
2024-10-01 19:51:00,259.25616135379954
2024-10-01 19:52:00,294.962699856345
2024-10-01 19:53:00,340.1082860795844
2024-10-01 19:54:00,243.57224728117814
2024-10-01 19:55:00,344.36322578673276
2024-10-01 19:56:00,320.49013444098404
2024-10-01 19:57:00,348.2442055067181
2024-10-01 19:58:00,330.9784101978556
2024-10-01 19:59:00,387.1681944688614
2024-10-01 20:00:00,324.416499816601
2024-10-01 20:01:00,295.89488703674436
2024-10-01 20:02:00,322.70586875904604
2024-10-01 20:03:00,342.99781401534136
2024-10-01 20:04:00,317.5340707099811
2024-10-01 20:05:00,316.39518515873505
2024-10-01 20:06:00,278.55706832887165
2024-10-01 20:07:00,279.8193144328767
2024-10-01 20:08:00,242.158593324114
2024-10-01 20:09:00,399.1091099929246
2024-10-01 20:10:00,248.79557333893644
2024-10-01 20:11:00,275.7191076005024
2024-10-01 20:12:00,273.83692713985755
2024-10-01 20:13:00,353.91383984381565
2024-10-01 20:14:00,293.84798905665593
2024-10-01 20:15:00,370.4280603422815
2024-10-01 20:16:00,273.8296479615649
2024-10-01 20:17:00,320.93495202132254
2024-10-01 20:18:00,264.7168983563733
2024-10-01 20:19:00,413.25875353070734
2024-10-01 20:20:00,246.15655448758872
2024-10-01 20:21:00,320.58091108503083
2024-10-01 20:22:00,336.35042774076874
2024-10-01 20:23:00,324.9416372897966
2024-10-01 20:24:00,294.59586786815885
2024-10-01 20:25:00,296.99632939838654
2024-10-01 20:26:00,305.3236686643135
2024-10-01 20:27:00,295.44741110941123
2024-10-01 20:28:00,350.67463333473916
2024-10-01 20:29:00,412.70880517402816
2024-10-01 20:30:00,274.0289122268097
2024-10-01 20:31:00,233.15312151247403
2024-10-01 20:32:00,296.98790991764884
2024-10-01 20:33:00,430.1652404295163
2024-10-01 20:34:00,260.7928685971554
2024-10-01 20:35:00,382.7483621463171
2024-10-01 20:36:00,384.51262439378525
2024-10-01 20:37:00,272.8024021740585
2024-10-01 20:38:00,328.80439566051365
2024-10-01 20:39:00,381.66772158737524
2024-10-01 20:40:00,281.2033941070391
2024-10-01 20:41:00,289.91191286864165
2024-10-01 20:42:00,270.95730716664605
2024-10-01 20:43:00,249.27322015623116
2024-10-01 20:44:00,267.5361709449236
2024-10-01 20:45:00,238.81131617153108
2024-10-01 20:46:00,301.74007244064643
2024-10-01 20:47:00,261.58408988130685
2024-10-01 20:48:00,311.83817328110104
2024-10-01 20:49:00,222.4394827338462
2024-10-01 20:50:00,316.88290863129265
2024-10-01 20:51:00,342.1392015183235
2024-10-01 20:52:00,200.91902827570556
2024-10-01 20:53:00,319.47086881672965
2024-10-01 20:54:00,362.33286152791123
2024-10-01 20:55:00,240.66783922316569
2024-10-01 20:56:00,384.9980557547931
2024-10-01 20:57:00,322.558958788032
2024-10-01 20:58:00,266.6149670701954
2024-10-01 20:59:00,299.35358746396975
2024-10-01 21:00:00,330.35374507927037
2024-10-01 21:01:00,306.5518467736965
2024-10-01 21:02:00,330.02231361454704
2024-10-01 21:03:00,257.4024659437885
2024-10-01 21:04:00,312.2744453923842
2024-10-01 21:05:00,233.50949350325845
2024-10-01 21:06:00,299.04121000257794
2024-10-01 21:07:00,259.83282771546544
2024-10-01 21:08:00,268.69572925899274
2024-10-01 21:09:00,367.73913597988974
2024-10-01 21:10:00,360.9803791437561
2024-10-01 21:11:00,337.3702274503929
2024-10-01 21:12:00,252.81408770896792
2024-10-01 21:13:00,292.14356462851964
2024-10-01 21:14:00,369.1708868579991
2024-10-01 21:15:00,316.1715093793183
2024-10-01 21:16:00,425.6393397404886
2024-10-01 21:17:00,329.94337769140117
2024-10-01 21:18:00,320.50187183201626
2024-10-01 21:19:00,296.08271041958375
2024-10-01 21:20:00,318.8717605427825
2024-10-01 21:21:00,305.2443426341458
2024-10-01 21:22:00,348.9631950692249
2024-10-01 21:23:00,362.0994784026759
2024-10-01 21:24:00,275.6880291101521
2024-10-01 21:25:00,249.16539278244113
2024-10-01 21:26:00,224.67256622656063
2024-10-01 21:27:00,342.65430595402967
2024-10-01 21:28:00,262.87427543268626
2024-10-01 21:29:00,211.20175165512683
2024-10-01 21:30:00,339.0945414915485
2024-10-01 21:31:00,445.15041345254633
2024-10-01 21:32:00,321.04705363703783
2024-10-01 21:33:00,364.140470892367
2024-10-01 21:34:00,327.18773745443
2024-10-01 21:35:00,319.0469588108429
2024-10-01 21:36:00,370.8550994722208
2024-10-01 21:37:00,311.31186836966424
2024-10-01 21:38:00,340.13383964313573
2024-10-01 21:39:00,343.801869654306
2024-10-01 21:40:00,295.27915532709886
2024-10-01 21:41:00,379.2662509362364
2024-10-01 21:42:00,321.91016873218535
2024-10-01 21:43:00,293.8782976120432
2024-10-01 21:44:00,359.5116283717287
2024-10-01 21:45:00,288.79630242887896
2024-10-01 21:46:00,336.1751100579864
2024-10-01 21:47:00,335.369036535204
2024-10-01 21:48:00,391.19107807723617
2024-10-01 21:49:00,361.71469743389764
2024-10-01 21:50:00,337.8238874404572
2024-10-01 21:51:00,381.07075219893375
2024-10-01 21:52:00,410.81155524720793
2024-10-01 21:53:00,370.3217565646106
2024-10-01 21:54:00,344.0900405959835
2024-10-01 21:55:00,279.132651119979
2024-10-01 21:56:00,292.6314952653667
2024-10-01 21:57:00,331.79909714534176
2024-10-01 21:58:00,317.7680881621356
2024-10-01 21:59:00,340.08848272186196
2024-10-01 22:00:00,353.4726472161232
2024-10-01 22:01:00,378.33741321199443
2024-10-01 22:02:00,349.5497486238424
2024-10-01 22:03:00,378.6307335559446
2024-10-01 22:04:00,358.76915029754946
2024-10-01 22:05:00,258.0204546354306
2024-10-01 22:06:00,311.0837010568993
2024-10-01 22:07:00,352.11087274237053
2024-10-01 22:08:00,300.1031411792526
2024-10-01 22:09:00,391.8645451386911
2024-10-01 22:10:00,439.69323614431585
2024-10-01 22:11:00,425.38848019800946
2024-10-01 22:12:00,355.0797946065283
2024-10-01 22:13:00,441.5964019226439
2024-10-01 22:14:00,375.8079789135418
2024-10-01 22:15:00,352.8409189502937
2024-10-01 22:16:00,340.35154151789277
2024-10-01 22:17:00,357.2302374241459
2024-10-01 22:18:00,354.2822607905815
2024-10-01 22:19:00,383.5543677428857
2024-10-01 22:20:00,384.40952656340477
2024-10-01 22:21:00,377.8849554996748
2024-10-01 22:22:00,400.93568528980455
2024-10-01 22:23:00,439.9812465882146
2024-10-01 22:24:00,429.2905670317394
2024-10-01 22:25:00,308.93539751326665
2024-10-01 22:26:00,256.85491935627573
2024-10-01 22:27:00,432.640631916826
2024-10-01 22:28:00,318.95707679895816
2024-10-01 22:29:00,377.4415666011009
2024-10-01 22:30:00,331.5551940071472
2024-10-01 22:31:00,301.3447492898844
2024-10-01 22:32:00,419.9014839184675
2024-10-01 22:33:00,432.1720652610846
2024-10-01 22:34:00,366.77586299667473
2024-10-01 22:35:00,267.4371926978273
2024-10-01 22:36:00,371.06558992151275
2024-10-01 22:37:00,419.35683055030154
2024-10-01 22:38:00,327.20991480408844
2024-10-01 22:39:00,411.7121293018834
2024-10-01 22:40:00,403.1667901658386
2024-10-01 22:41:00,434.2842483861259
2024-10-01 22:42:00,412.68505645329077
2024-10-01 22:43:00,359.4376620327961
2024-10-01 22:44:00,469.3031944445488
2024-10-01 22:45:00,402.929823358034
2024-10-01 22:46:00,410.8706635215479
2024-10-01 22:47:00,366.9497207506059
2024-10-01 22:48:00,392.8236084067197
2024-10-01 22:49:00,372.1192964235772
2024-10-01 22:50:00,409.0806845834528
2024-10-01 22:51:00,504.6785473457252
2024-10-01 22:52:00,351.8595189231661
2024-10-01 22:53:00,341.13401325747367
2024-10-01 22:54:00,496.72389909743634
2024-10-01 22:55:00,414.04802987751464
2024-10-01 22:56:00,392.404679068386
2024-10-01 22:57:00,479.1926646165627
2024-10-01 22:58:00,398.2505211717572
2024-10-01 22:59:00,521.1601481136222
2024-10-01 23:00:00,465.0785604077578
2024-10-01 23:01:00,408.1032858369507
2024-10-01 23:02:00,541.6745873422362
2024-10-01 23:03:00,404.82722923643666
2024-10-01 23:04:00,473.51476946729144
2024-10-01 23:05:00,452.66463194615864
2024-10-01 23:06:00,504.06979719457775
2024-10-01 23:07:00,518.333502663396
2024-10-01 23:08:00,443.1255947007196
2024-10-01 23:09:00,405.11392798080004
2024-10-01 23:10:00,467.0346097835261
2024-10-01 23:11:00,411.39292082470274
2024-10-01 23:12:00,547.1820041897131
2024-10-01 23:13:00,454.5643886667943
2024-10-01 23:14:00,430.6873163481156
2024-10-01 23:15:00,459.3937379897068
2024-10-01 23:16:00,384.00006128582277
2024-10-01 23:17:00,403.96242035358375
2024-10-01 23:18:00,513.7404287229214
2024-10-01 23:19:00,422.0412679874136
2024-10-01 23:20:00,403.6960940086891
2024-10-01 23:21:00,484.0191316475824
2024-10-01 23:22:00,517.6055214648316
2024-10-01 23:23:00,495.3905490957241
2024-10-01 23:24:00,510.35637126225095
2024-10-01 23:25:00,423.8136552019025
2024-10-01 23:26:00,391.65040612404584
2024-10-01 23:27:00,538.8830492795477
2024-10-01 23:28:00,448.74549190227066
2024-10-01 23:29:00,453.3884350528814
2024-10-01 23:30:00,533.3776772088243
2024-10-01 23:31:00,495.80443683069007
2024-10-01 23:32:00,491.79917549849574
2024-10-01 23:33:00,578.2534437786209
2024-10-01 23:34:00,438.812451142671
2024-10-01 23:35:00,518.3517116711809
2024-10-01 23:36:00,475.7678232245681
2024-10-01 23:37:00,487.2901770500479
2024-10-01 23:38:00,551.2131329899069
2024-10-01 23:39:00,501.0962212503572
2024-10-01 23:40:00,503.5193559110322
2024-10-01 23:41:00,531.115260471611
2024-10-01 23:42:00,460.1126511206912
2024-10-01 23:43:00,437.25508266936754
2024-10-01 23:44:00,427.8151042389014
2024-10-01 23:45:00,382.5622898059137
2024-10-01 23:46:00,584.4994294824306
2024-10-01 23:47:00,427.32185074031
2024-10-01 23:48:00,472.19687321232846
2024-10-01 23:49:00,470.1801141497405
2024-10-01 23:50:00,500.13613133572386
2024-10-01 23:51:00,526.2813232093818
2024-10-01 23:52:00,529.23031141528
2024-10-01 23:53:00,457.74831038433376
2024-10-01 23:54:00,479.2248786701673
2024-10-01 23:55:00,502.3718497260392
2024-10-01 23:56:00,476.4531618530829
2024-10-01 23:57:00,569.8827166489554
2024-10-01 23:58:00,514.6746377546672
2024-10-01 23:59:00,527.4628466840337
2024-10-02 00:00:00,524.4385885061334
