Time Bucket (America/Costa_Rica),UTEM CIER DAVID-Mains_A (kWhs),UTEM CIER DAVID-Mains_B (kWhs),UTEM CIER DAVID-Mains_C (kWhs),UTEM CIER DAVID-Air Conditioner-AC fotovoltaica 1 (kWhs),UTEM CIER DAVID-Air Conditioner-AC fotovoltaica 2 (kWhs),UTEM CIER DAVID-Air Conditioner-AC Aula Magna  (kWhs),UTEM CIER DAVID-Air Conditioner-AC Aula Magna (kWhs),UTEM CIER DAVID-Sub Panel-Tab Secundario L1 (kWhs),UTEM CIER DAVID-Sub Panel-Tab Secundario L2 (kWhs),UTEM CIER DAVID-Sub Panel-Tab Secundario L3 (kWhs),UTEM CIER DAVID-Sub Panel-Tablero Secundario2 L1 (kWhs),UTEM CIER DAVID-Sub Panel-Tablero Secundario2 L2 (kWhs),UTEM CIER DAVID-Sub Panel-Tablero Secundario2 L3 (kWhs),UTEM CIER DAVID-Solar/Generation-Inversor (kWhs),UTEM CIER DAVID-Room/Multi-use Circuit-Contactos David (kWhs),UTEM CIER DAVID-Lights-Alumbrado (kWhs),UTEM CIER DAVID-Lights-Alumbrado Fotovoltaico (kWhs),UTEM CIER DAVID-Other-Circuit_15 (kWhs),UTEM CIER DAVID-Other-Circuit_16 (kWhs)
09/26/2024 00:00:00,0.2273,0.0057,0.0259,0.0171,0.008,0.0126,0.0145,0.0577,0.0263,0.0085,0.1901,0.0,0.0041,-0.0,0.0184,0.1733,0.0,0,0
09/26/2024 01:00:00,0.2278,0.0056,0.0259,0.0172,0.0082,0.0126,0.0147,0.0581,0.0265,0.0085,0.1904,0.0,0.004,-0.0,0.0186,0.1749,0.0,0,0
09/26/2024 02:00:00,0.2279,0.0057,0.0259,0.0173,0.0083,0.0127,0.0147,0.0584,0.0267,0.0086,0.1903,0.0,0.004,-0.0,0.0188,0.1737,0.0,0,0
09/26/2024 03:00:00,0.2284,0.0058,0.0259,0.0174,0.0083,0.0128,0.0148,0.0585,0.0268,0.0086,0.1907,0.0,0.004,-0.0,0.0189,0.1757,0.0,0,0
09/26/2024 04:00:00,0.2287,0.0059,0.0259,0.0174,0.0084,0.0128,0.0149,0.059,0.0269,0.0086,0.1906,0.0,0.004,-0.0,0.019,0.1743,0.0,0,0
09/26/2024 05:00:00,0.2172,0.0059,0.026,0.0174,0.0085,0.0128,0.015,0.0486,0.027,0.0087,0.1908,0.0,0.0043,-0.0,0.0191,0.1758,0.0,0,0
09/26/2024 06:00:00,0.1547,0.0059,0.026,0.0173,0.0086,0.0129,0.0151,0.0325,0.027,0.0087,0.1482,0.0,0.0044,-0.0,0.0189,0.1317,0.0,0,0
09/26/2024 07:00:00,1.0403,1.2408,1.7707,0.0167,0.0077,2.0675,2.4719,0.0323,0.0269,0.0085,0.0189,0.0,0.0048,-0.0,0.0184,0.0000,0.0,0,0
09/26/2024 08:00:00,1.2906,1.5416,2.2158,0.0149,0.0063,2.5729,3.0705,0.029,0.0242,0.0076,0.0166,0.0,0.0218,-0.0,0.0161,0.0003,0.0,0,0
09/26/2024 09:00:00,1.3743,1.6467,2.4429,0.0153,0.0068,2.7446,3.2793,0.03,0.0251,0.0079,0.017,0.0,0.0769,-0.0,0.0163,0.0000,0.0,0,0
09/26/2024 10:00:00,2.558,2.3188,2.9888,0.8268,0.8695,2.9094,3.4434,0.0311,0.0277,0.0083,0.3116,0.1901,0.0759,-0.0,0.0389,0.0002,0.2702,0,0
09/26/2024 11:00:00,4.6879,3.299,3.6818,2.4353,2.5546,2.7886,3.2803,0.0295,0.0262,0.0083,0.885,0.4577,0.0338,-0.0,0.1286,0.0072,0.7505,0,0
09/26/2024 12:00:00,4.359,2.9872,3.0618,2.4785,2.602,2.0806,2.4548,0.0302,0.0235,0.0084,0.8692,0.5459,0.0122,-0.0,0.1129,0.0072,0.7505,0,0
09/26/2024 13:00:00,3.4486,1.7679,1.3453,2.6042,2.7497,0.0119,0.0148,0.0314,0.0261,0.0088,0.8297,0.4981,0.0033,-0.0,0.1162,0.0072,0.7076,0,0
09/26/2024 14:00:00,2.4409,1.8105,2.2957,1.5763,1.6578,1.7204,2.0372,0.0315,0.026,0.0082,0.0223,0.0244,0.003,-0.0,0.022,0.0072,0.0,0,0
09/26/2024 15:00:00,0.7225,0.8649,1.259,0.0165,0.0078,1.433,1.7186,0.0311,0.0244,0.0083,0.0207,0.0,0.0023,-0.0,0.0204,0.0072,0.0,0,0
09/26/2024 16:00:00,3.7494,1.4354,1.8553,2.0579,2.1556,1.6004,0.015,0.0316,0.0244,0.0089,0.8973,0.43,0.0056,-0.0,0.2562,0.0072,0.6362,0,0
09/26/2024 17:00:00,3.3791,1.7438,1.2827,2.5104,2.6319,0.0121,0.0149,0.032,0.0251,0.0089,0.8597,0.518,0.0025,-0.0,0.0706,0.0072,0.7854,0,0
09/26/2024 18:00:00,3.2872,1.6963,1.2516,2.4378,2.5641,0.0122,0.0147,0.0487,0.0262,0.0087,0.8201,0.508,0.0025,-0.0,0.0345,0.0072,0.7728,0,0
09/26/2024 19:00:00,3.2112,1.5748,1.1127,2.1774,2.2885,0.0119,0.0146,0.0573,0.0264,0.009,0.9948,0.5142,0.0024,-0.0,0.0339,0.0072,0.7783,0,0
09/26/2024 20:00:00,0.234,0.0202,0.0254,0.0172,0.008,0.0126,0.0145,0.055,0.0263,0.0085,0.1996,0.0145,0.0027,-0.0,0.0,0.0072,0.021,0,0
09/26/2024 21:00:00,0.2127,0.0059,0.0255,0.017,0.0077,0.0125,0.0145,0.0549,0.0259,0.0084,0.1785,0.0,0.0025,-0.0,0.0,0.0072,0.0,0,0
09/26/2024 22:00:00,0.2124,0.0084,0.0245,0.0168,0.0075,0.0124,0.0143,0.0546,0.0245,0.0092,0.1785,0.0,0.0024,-0.0,0.0,0.1776,0.0,0,0
09/26/2024 23:00:00,0.2125,0.0092,0.0254,0.0169,0.0076,0.0125,0.0145,0.0552,0.0245,0.0087,0.1783,0.0,0.0026,-0.0,0.0,0.1773,0.0,0,0
09/27/2024 00:00:00,0.2134,0.0081,0.0257,0.017,0.0078,0.0125,0.0146,0.0558,0.0251,0.0085,0.1788,0.0,0.0027,-0.0,0.0,0.1778,0.0,0,0
09/27/2024 01:00:00,0.2133,0.0061,0.0257,0.0171,0.008,0.0126,0.0147,0.0557,0.0263,0.0085,0.179,0.0,0.0028,-0.0,0.0,0.1783,0.0,0,0
09/27/2024 02:00:00,0.2141,0.0061,0.0258,0.0172,0.008,0.0126,0.0147,0.056,0.0265,0.0085,0.1796,0.0,0.0027,-0.0,0.0,0.1790,0.0,0,0
09/27/2024 03:00:00,0.2152,0.0061,0.0258,0.0172,0.0082,0.0127,0.0148,0.0567,0.0266,0.0086,0.18,0.0,0.0032,-0.0,0.0,0.1794,0.0,0,0
09/27/2024 04:00:00,0.2159,0.0061,0.0258,0.0173,0.0083,0.0127,0.0148,0.0569,0.0268,0.0086,0.1807,0.0,0.003,-0.0,0.0,0.1801,0.0,0,0
09/27/2024 05:00:00,0.2156,0.0061,0.0258,0.0172,0.0084,0.0127,0.0148,0.0567,0.0268,0.0086,0.1806,0.0,0.003,-0.0,0.0,0.1800,0.0,0,0
09/27/2024 06:00:00,0.1767,0.0062,0.0258,0.0172,0.0084,0.0128,0.0149,0.0568,0.0268,0.0086,0.1409,0.0,0.0031,-0.0,0.0,0.1404,0.0,0,0
09/27/2024 07:00:00,0.0088,0.0063,0.0258,0.017,0.0088,0.0131,0.0152,0.0306,0.027,0.0085,0.0,0.0,0.0033,-0.0,0.0,0.0000,0.0,0,0
09/27/2024 08:00:00,0.0083,0.0062,0.0257,0.017,0.009,0.0131,0.0152,0.0302,0.0272,0.0085,0.0,0.0,0.0034,-0.0,0.0,0.0000,0.0,0,0
09/27/2024 09:00:00,0.0083,0.0061,0.0257,0.0169,0.0087,0.0129,0.0151,0.0299,0.0269,0.0085,0.0,0.0,0.0034,-0.0,0.0,0.0000,0.0,0,0
09/27/2024 10:00:00,0.0083,0.0061,0.0256,0.0168,0.0085,0.0128,0.0151,0.0297,0.0267,0.0084,0.0,0.0,0.0033,-0.0,0.0,0.0000,0.0,0,0
09/27/2024 11:00:00,0.0082,0.0061,0.0256,0.0167,0.0085,0.0128,0.015,0.0297,0.0266,0.0084,0.0,0.0,0.0032,-0.0,0.0,0.0000,0.0,0,0
09/27/2024 12:00:00,0.0083,0.0061,0.0255,0.0168,0.0084,0.0128,0.015,0.0297,0.0266,0.0084,0.0,0.0,0.0029,-0.0,0.0,0.0000,0.0,0,0
09/27/2024 13:00:00,0.0082,0.0061,0.0255,0.0168,0.0086,0.0127,0.015,0.0297,0.0267,0.0084,0.0,0.0,0.0035,-0.0,0.0,0.0000,0.0,0,0
09/27/2024 14:00:00,0.0083,0.0062,0.0254,0.0168,0.0086,0.0129,0.0151,0.0297,0.0266,0.0084,0.0,0.0,0.0035,-0.0,0.0,0.0000,0.0,0,0
09/27/2024 15:00:00,0.0082,0.0062,0.0254,0.0168,0.0088,0.0129,0.015,0.0297,0.0266,0.0084,0.0,0.0,0.0029,-0.0,0.0,0.0000,0.0,0,0
09/27/2024 16:00:00,0.0077,0.0059,0.0245,0.0159,0.0079,0.0122,0.0142,0.0281,0.0252,0.008,0.0,0.0,0.0025,-0.0,0.0,0.0000,0.0,0,0
09/27/2024 17:00:00,0.0277,0.0061,0.0254,0.0166,0.0083,0.0127,0.0147,0.0467,0.0263,0.0083,0.0,0.0,0.0026,-0.0,0.0,0.0000,0.0,0,0
09/27/2024 18:00:00,0.0837,0.006,0.0254,0.0168,0.0081,0.0127,0.0147,0.0557,0.0264,0.0084,0.0467,0.0,0.0031,-0.0,0.0,0.0466,0.0,0,0
09/27/2024 19:00:00,0.2187,0.0059,0.0254,0.017,0.0078,0.0124,0.0146,0.0555,0.0264,0.0085,0.1838,0.0,0.0031,-0.0,0.0,0.1833,0.0,0,0
09/27/2024 20:00:00,0.2199,0.006,0.0253,0.0172,0.0078,0.0126,0.0147,0.0561,0.0265,0.0085,0.1845,0.0,0.003,-0.0,0.0,0.1840,0.0,0,0
09/27/2024 21:00:00,0.2205,0.0059,0.0254,0.0172,0.0079,0.0126,0.0147,0.0565,0.0266,0.0085,0.185,0.0,0.0029,-0.0,0.0,0.1846,0.0,0,0
09/27/2024 22:00:00,0.2192,0.006,0.0254,0.0172,0.0081,0.0126,0.0147,0.0561,0.0266,0.0085,0.1842,0.0,0.0032,-0.0,0.0,0.1839,0.0,0,0
09/27/2024 23:00:00,0.2188,0.0061,0.0255,0.0173,0.0082,0.0127,0.0148,0.0565,0.0268,0.0085,0.1837,0.0,0.0037,-0.0,0.0,0.1834,0.0,0,0
09/28/2024 00:00:00,0.22,0.006,0.0255,0.0173,0.0083,0.0126,0.0148,0.0573,0.0268,0.0086,0.1842,0.0,0.0035,-0.0,0.0,0.1839,0.0,0,0
09/28/2024 01:00:00,0.2194,0.0061,0.0255,0.0173,0.0082,0.0127,0.0148,0.0567,0.027,0.0086,0.1843,0.0,0.003,-0.0,0.0,0.1840,0.0,0,0
09/28/2024 02:00:00,0.2205,0.006,0.0255,0.0171,0.0081,0.0127,0.0147,0.057,0.0268,0.0086,0.1851,0.0,0.0028,-0.0,0.0,0.1848,0.0,0,0
09/28/2024 03:00:00,0.2211,0.0059,0.0255,0.0171,0.008,0.0127,0.0147,0.0575,0.0268,0.0086,0.1852,0.0,0.0027,-0.0,0.0,0.1850,0.0,0,0
09/28/2024 04:00:00,0.2201,0.006,0.0256,0.0171,0.0084,0.0127,0.0148,0.0566,0.0269,0.0086,0.1851,0.0,0.0028,-0.0,0.0,0.1849,0.0,0,0
09/28/2024 05:00:00,0.2198,0.0059,0.0256,0.017,0.0081,0.0126,0.0147,0.0564,0.0269,0.0086,0.185,0.0,0.0029,-0.0,0.0,0.1848,0.0,0,0
09/28/2024 06:00:00,0.1923,0.006,0.0256,0.0171,0.0081,0.0127,0.0148,0.0446,0.0268,0.0086,0.1704,0.0,0.0027,-0.0,0.0,0.1702,0.0,0,0
09/28/2024 07:00:00,0.0081,0.0062,0.0257,0.0169,0.0089,0.013,0.0151,0.0299,0.0269,0.0085,0.0,0.0,0.0028,-0.0,0.0,0.0000,0.0,0,0
09/28/2024 08:00:00,0.0081,0.0061,0.0257,0.0168,0.0088,0.0129,0.0151,0.0298,0.0269,0.0085,0.0,0.0,0.0027,-0.0,0.0,0.0000,0.0,0,0
09/28/2024 09:00:00,0.0082,0.0061,0.0256,0.0169,0.0089,0.0129,0.0151,0.0298,0.0269,0.0084,0.0,0.0,0.0028,-0.0,0.0,0.0000,0.0,0,0
09/28/2024 10:00:00,0.0082,0.0061,0.0255,0.0168,0.0087,0.0129,0.0151,0.0296,0.0269,0.0085,0.0,0.0,0.0028,-0.0,0.0,0.0000,0.0,0,0
09/28/2024 11:00:00,0.0082,0.0061,0.0255,0.0167,0.0084,0.0129,0.0151,0.0296,0.0269,0.0084,0.0,0.0,0.0029,-0.0,0.0,0.0000,0.0,0,0
09/28/2024 12:00:00,0.0082,0.006,0.0255,0.0167,0.0082,0.0128,0.015,0.0295,0.0266,0.0084,0.0,0.0,0.0033,-0.0,0.0,0.0000,0.0,0,0
09/28/2024 13:00:00,0.0082,0.006,0.0255,0.0167,0.0083,0.0129,0.0149,0.0295,0.0267,0.0085,0.0,0.0,0.0028,-0.0,0.0,0.0000,0.0,0,0
09/28/2024 14:00:00,0.0081,0.0061,0.0255,0.0168,0.0084,0.0128,0.015,0.0296,0.0267,0.0084,0.0,0.0,0.0031,-0.0,0.0,0.0000,0.0,0,0
09/28/2024 15:00:00,0.0082,0.0061,0.0255,0.0169,0.0087,0.0129,0.0151,0.0298,0.0269,0.0085,0.0,0.0,0.0032,-0.0,0.0,0.0000,0.0,0,0
09/28/2024 16:00:00,0.0081,0.0061,0.0255,0.0169,0.0088,0.0129,0.0151,0.0298,0.0269,0.0085,0.0,0.0,0.0037,-0.0,0.0,0.0000,0.0,0,0
09/28/2024 17:00:00,0.0081,0.0062,0.0255,0.0168,0.0086,0.0129,0.0151,0.0297,0.0268,0.0085,0.0,0.0,0.0031,-0.0,0.0,0.0000,0.0,0,0
09/28/2024 18:00:00,0.0537,0.0061,0.0255,0.0169,0.0085,0.0129,0.0148,0.0508,0.0267,0.0084,0.022,0.0,0.003,-0.0,0.0,0.0220,0.0,0,0
09/28/2024 19:00:00,0.2202,0.0059,0.0254,0.0172,0.0079,0.0126,0.0147,0.0561,0.0267,0.0085,0.1849,0.0,0.003,-0.0,0.0,0.1848,0.0,0,0
09/28/2024 20:00:00,0.2203,0.006,0.0253,0.0173,0.008,0.0127,0.0147,0.0561,0.0267,0.0085,0.1851,0.0,0.003,-0.0,0.0,0.1849,0.0,0,0
09/28/2024 21:00:00,0.2212,0.006,0.0254,0.0173,0.0083,0.0127,0.0147,0.0567,0.0269,0.0085,0.1856,0.0,0.0031,-0.0,0.0,0.1855,0.0,0,0
09/28/2024 22:00:00,0.2217,0.006,0.0255,0.0173,0.0084,0.0127,0.0148,0.0571,0.027,0.0086,0.186,0.0,0.0034,-0.0,0.0,0.1859,0.0,0,0
09/28/2024 23:00:00,0.2211,0.0058,0.0256,0.017,0.0078,0.0125,0.0145,0.0562,0.0265,0.0085,0.186,0.0,0.0026,-0.0,0.0,0.1859,0.0,0,0
09/29/2024 00:00:00,0.2205,0.0059,0.0255,0.017,0.0078,0.0126,0.0146,0.0561,0.0266,0.0085,0.1854,0.0,0.0026,-0.0,0.0,0.1853,0.0,0,0
09/29/2024 01:00:00,0.2215,0.0061,0.0251,0.0174,0.0085,0.0128,0.0149,0.0571,0.0272,0.0087,0.186,0.0,0.0025,-0.0,0.0,0.1859,0.0,0,0
09/29/2024 02:00:00,0.2215,0.0061,0.0251,0.0174,0.0083,0.0128,0.0148,0.0571,0.0272,0.0087,0.1859,0.0,0.0027,-0.0,0.0,0.1858,0.0,0,0
09/29/2024 03:00:00,0.2214,0.0061,0.0251,0.0175,0.0085,0.0128,0.0149,0.0571,0.0273,0.0087,0.1859,0.0,0.0025,-0.0,0.0,0.1858,0.0,0,0
09/29/2024 04:00:00,0.223,0.0061,0.0251,0.0175,0.0086,0.0129,0.0149,0.0548,0.0274,0.0087,0.1854,0.0,0.0028,-0.0,0.0,0.1853,0.0,0,0
09/29/2024 05:00:00,0.2223,0.0062,0.0253,0.0176,0.0088,0.0129,0.015,0.0565,0.0274,0.0086,0.186,0.0,0.0034,-0.0,0.0,0.1858,0.0,0,0
09/29/2024 06:00:00,0.1712,0.0062,0.0256,0.0174,0.0087,0.0129,0.015,0.0572,0.0274,0.0086,0.1347,0.0,0.0033,-0.0,0.0,0.1346,0.0,0,0
09/29/2024 07:00:00,0.0181,0.0062,0.0257,0.0171,0.009,0.013,0.0151,0.0389,0.0273,0.0086,0.0,0.0,0.0033,-0.0,0.0,0.0000,0.0,0,0
09/29/2024 08:00:00,0.0082,0.0061,0.0257,0.0169,0.0087,0.013,0.0151,0.0297,0.0271,0.0086,0.0,0.0,0.0029,-0.0,0.0,0.0000,0.0,0,0
09/29/2024 09:00:00,0.0081,0.006,0.0256,0.0168,0.0088,0.013,0.015,0.0296,0.027,0.0085,0.0,0.0,0.0028,-0.0,0.0,0.0000,0.0,0,0
09/29/2024 10:00:00,0.008,0.0059,0.0255,0.0168,0.0088,0.0129,0.015,0.0295,0.027,0.0085,0.0,0.0,0.0031,-0.0,0.0,0.0000,0.0,0,0
09/29/2024 11:00:00,0.008,0.0059,0.0253,0.0167,0.0087,0.0129,0.015,0.0293,0.0269,0.0085,0.0,0.0,0.0029,-0.0,0.0,0.0000,0.0,0,0
09/29/2024 12:00:00,0.008,0.0059,0.0254,0.0166,0.0085,0.0129,0.0149,0.0292,0.0268,0.0085,0.0,0.0,0.0028,-0.0,0.0,0.0000,0.0,0,0
09/29/2024 13:00:00,0.0081,0.0061,0.0253,0.0167,0.0087,0.0129,0.015,0.0293,0.0269,0.0085,0.0,0.0,0.0029,-0.0,0.0,0.0000,0.0,0,0
09/29/2024 14:00:00,0.0081,0.0061,0.0253,0.0168,0.0089,0.0129,0.015,0.0295,0.027,0.0085,0.0,0.0,0.003,-0.0,0.0,0.0000,0.0,0,0
09/29/2024 15:00:00,0.0082,0.0062,0.0255,0.0169,0.0088,0.013,0.0151,0.0297,0.027,0.0085,0.0,0.0,0.003,-0.0,0.0,0.0000,0.0,0,0
09/29/2024 16:00:00,0.0081,0.0061,0.0255,0.0168,0.0088,0.013,0.015,0.0296,0.0267,0.0085,0.0,0.0,0.0029,-0.0,0.0,0.0000,0.0,0,0
09/29/2024 17:00:00,0.0093,0.0062,0.0256,0.0168,0.0086,0.0129,0.015,0.0306,0.0267,0.0085,0.0,0.0,0.003,-0.0,0.0,0.0000,0.0,0,0
09/29/2024 18:00:00,0.0367,0.0061,0.0256,0.0168,0.0086,0.0129,0.0147,0.0549,0.0266,0.0084,0.0,0.0,0.0032,-0.0,0.0,0.0000,0.0,0,0
09/29/2024 19:00:00,0.2185,0.006,0.0254,0.0173,0.0084,0.0127,0.0148,0.0558,0.0268,0.0085,0.1839,0.0,0.0033,-0.0,0.0,0.1837,0.0,0,0
09/29/2024 20:00:00,0.2191,0.006,0.0254,0.0173,0.0084,0.0128,0.0148,0.0566,0.0268,0.0086,0.1837,0.0,0.0034,-0.0,0.0,0.1835,0.0,0,0
09/29/2024 21:00:00,0.2187,0.006,0.0255,0.0173,0.0084,0.0128,0.0148,0.0569,0.0269,0.0086,0.1835,0.0,0.0031,-0.0,0.0,0.1833,0.0,0,0
09/29/2024 22:00:00,0.2197,0.0061,0.0255,0.0173,0.0085,0.0128,0.0148,0.0579,0.0269,0.0086,0.1837,0.0,0.0031,-0.0,0.0,0.1835,0.0,0,0
09/29/2024 23:00:00,0.2193,0.0062,0.0255,0.0174,0.0087,0.0129,0.0149,0.0577,0.0271,0.0086,0.1836,0.0,0.0033,-0.0,0.0,0.1835,0.0,0,0
09/30/2024 00:00:00,0.2189,0.0062,0.0255,0.0174,0.0086,0.0129,0.0149,0.0572,0.027,0.0087,0.1838,0.0,0.0034,-0.0,0.0,0.1836,0.0,0,0
09/30/2024 01:00:00,0.2199,0.0062,0.0255,0.0174,0.0087,0.0129,0.0149,0.0579,0.0272,0.0087,0.1841,0.0,0.0034,-0.0,0.0,0.1840,0.0,0,0
09/30/2024 02:00:00,0.2202,0.0062,0.0255,0.0174,0.0088,0.013,0.0149,0.0582,0.0273,0.0087,0.1843,0.0,0.0036,-0.0,0.0,0.1841,0.0,0,0
09/30/2024 03:00:00,0.2211,0.0062,0.0255,0.0176,0.0091,0.013,0.015,0.059,0.0276,0.0087,0.1845,0.0,0.004,-0.0,0.0,0.1843,0.0,0,0
09/30/2024 04:00:00,0.2213,0.0062,0.0255,0.0177,0.009,0.0131,0.0151,0.059,0.0278,0.0087,0.1847,0.0,0.0041,-0.0,0.0,0.1845,0.0,0,0
09/30/2024 05:00:00,0.2127,0.0062,0.0255,0.0176,0.0091,0.0131,0.0152,0.051,0.0277,0.0087,0.1849,0.0,0.0039,-0.0,0.0,0.1847,0.0,0,0
09/30/2024 06:00:00,0.1341,0.0062,0.0256,0.0174,0.009,0.013,0.0153,0.0304,0.0274,0.0087,0.1281,0.0,0.0039,-0.0,0.0,0.1279,0.0,0,0
09/30/2024 07:00:00,0.7612,0.9189,1.2942,0.0167,0.0081,1.5309,1.8311,0.0298,0.027,0.0085,0.0,0.0,0.0036,-0.0,0.0,0.0000,0.0,0,0
09/30/2024 08:00:00,1.1905,1.4384,2.0345,0.0145,0.0064,2.3947,2.8649,0.0262,0.0237,0.0074,0.0,0.0,0.0064,-0.0,0.0,0.0000,0.0,0,0
09/30/2024 09:00:00,1.3325,1.6186,2.315,0.0156,0.0073,2.6875,3.2236,0.0282,0.0256,0.008,0.0,0.0,0.0219,-0.0,0.0,0.0000,0.0,0,0
09/30/2024 10:00:00,1.376,1.6733,2.4008,0.0156,0.0073,2.8035,3.3323,0.0282,0.0257,0.008,0.0,0.0,0.0198,-0.0,0.0,0.0000,0.0,0,0
09/30/2024 11:00:00,1.238,1.5071,2.1667,0.0158,0.0072,2.5586,3.0019,0.0283,0.0259,0.008,0.0,0.0,0.0104,-0.0,0.0,0.0000,0.0,0,0
09/30/2024 12:00:00,0.0081,0.006,0.0252,0.0166,0.0086,0.0128,0.0148,0.0291,0.0266,0.0084,0.0,0.0,0.0037,-0.0,0.0,0.0000,0.0,0,0
09/30/2024 13:00:00,2.0325,1.0317,0.8109,1.5322,1.6403,0.0123,0.0151,0.0311,0.0302,0.0088,0.4859,0.2822,0.0034,-0.0,0.0481,0.0000,0.4343,0,0
09/30/2024 14:00:00,4.4235,2.8469,2.8676,2.6443,2.8201,1.7634,2.0618,0.0325,0.0362,0.009,0.9024,0.5141,0.0031,-0.0,0.0925,0.0000,0.8037,0,0
09/30/2024 15:00:00,4.1494,2.6003,2.5306,2.5419,2.6929,1.4205,1.7073,0.0324,0.0267,0.009,0.8943,0.5083,0.0028,-0.0,0.0979,0.0246,0.7904,0,0
09/30/2024 16:00:00,3.3274,1.37,1.256,2.4275,2.5766,0.0111,0.0147,0.0316,0.0261,0.0088,0.8765,0.1852,0.0042,-0.0,0.1029,0.0246,0.7678,0,0
09/30/2024 17:00:00,3.9913,2.64,2.4822,2.3436,2.4866,1.3582,1.6333,0.0322,0.0315,0.0086,0.9624,0.6754,0.1081,-0.0,0.1974,0.0246,0.7575,0,0
09/30/2024 18:00:00,4.517,3.8926,3.9122,2.2951,2.4414,2.6044,3.1643,0.0372,0.0257,0.0082,0.9056,1.1893,0.4889,-0.0,0.1416,0.0246,0.7477,0,0
09/30/2024 19:00:00,2.657,1.2907,0.9504,1.7431,1.8592,0.0118,0.0143,0.0553,0.026,0.0087,0.8709,0.4422,0.0403,-0.0,0.0571,0.0246,0.6337,0,0
09/30/2024 20:00:00,0.2169,0.006,0.0255,0.0173,0.008,0.0127,0.0147,0.0564,0.0267,0.0085,0.1808,0.0,0.0042,-0.0,0.0,0.1801,0.0,0,0
09/30/2024 21:00:00,0.2172,0.006,0.0253,0.0172,0.0082,0.0127,0.0147,0.0569,0.0266,0.0085,0.1812,0.0,0.0032,-0.0,0.0,0.1809,0.0,0,0
09/30/2024 22:00:00,0.2149,0.006,0.0254,0.017,0.0077,0.0125,0.0145,0.0548,0.0261,0.0084,0.1809,0.0,0.0028,-0.0,0.0,0.1807,0.0,0,0
09/30/2024 23:00:00,0.2167,0.006,0.0254,0.0169,0.0079,0.0126,0.0145,0.0565,0.0263,0.0084,0.1813,0.0,0.0029,-0.0,0.0,0.1811,0.0,0,0
10/01/2024 00:00:00,0.2169,0.0059,0.0254,0.0169,0.008,0.0125,0.0145,0.0565,0.0262,0.0085,0.1815,0.0,0.0025,-0.0,0.0,0.1813,0.0,0,0
10/01/2024 01:00:00,0.2161,0.0059,0.0255,0.0169,0.0079,0.0125,0.0145,0.0558,0.0263,0.0084,0.1814,0.0,0.0027,-0.0,0.0,0.1813,0.0,0,0
10/01/2024 02:00:00,0.2165,0.0059,0.0256,0.017,0.0079,0.0125,0.0146,0.0565,0.0264,0.0085,0.1814,0.0,0.0027,-0.0,0.0,0.1812,0.0,0,0
10/01/2024 03:00:00,0.2175,0.006,0.0256,0.0171,0.008,0.0126,0.0146,0.0571,0.0266,0.0085,0.1818,0.0,0.003,-0.0,0.0,0.1817,0.0,0,0
10/01/2024 04:00:00,0.2172,0.006,0.0256,0.0171,0.0081,0.0127,0.0147,0.0566,0.0267,0.0085,0.182,0.0,0.0032,-0.0,0.0,0.1820,0.0,0,0
10/01/2024 05:00:00,0.2181,0.006,0.0256,0.0171,0.008,0.0127,0.0146,0.0574,0.0268,0.0085,0.1822,0.0,0.0031,-0.0,0.0,0.1822,0.0,0,0
10/01/2024 06:00:00,0.1547,0.006,0.0257,0.017,0.0083,0.0127,0.0148,0.0416,0.0267,0.0085,0.1357,0.0,0.0032,-0.0,0.0,0.1357,0.0,0,0
10/01/2024 07:00:00,0.0081,0.0061,0.0257,0.0167,0.0088,0.0129,0.015,0.0297,0.0268,0.0085,0.0,0.0,0.0032,-0.0,0.0,0.0000,0.0,0,0
10/01/2024 08:00:00,0.008,0.0061,0.0256,0.0167,0.0085,0.0129,0.0149,0.0295,0.0267,0.0084,0.0,0.0,0.0029,-0.0,0.0,0.0000,0.0,0,0
10/01/2024 09:00:00,0.008,0.006,0.0254,0.0166,0.0083,0.0128,0.0149,0.0293,0.0266,0.0084,0.0,0.0,0.0028,-0.0,0.0,0.0000,0.0,0,0
10/01/2024 10:00:00,0.0079,0.0059,0.0253,0.0165,0.0082,0.0127,0.0148,0.0291,0.0265,0.0084,0.0,0.0,0.0027,-0.0,0.0,0.0000,0.0,0,0
10/01/2024 11:00:00,0.0079,0.006,0.0254,0.0165,0.0083,0.0128,0.0148,0.0291,0.0265,0.0084,0.0,0.0,0.0028,-0.0,0.0,0.0000,0.0,0,0
10/01/2024 12:00:00,0.008,0.006,0.0253,0.0166,0.0083,0.0128,0.0149,0.0293,0.0266,0.0084,0.0,0.0,0.0029,-0.0,0.0,0.0000,0.0,0,0
10/01/2024 13:00:00,0.0079,0.006,0.0252,0.0165,0.0084,0.0128,0.0148,0.0292,0.0265,0.0084,0.0,0.0,0.0029,-0.0,0.0,0.0000,0.0,0,0
10/01/2024 14:00:00,0.008,0.006,0.0252,0.0165,0.0082,0.0127,0.0148,0.0291,0.0263,0.0083,0.0,0.0,0.0026,-0.0,0.0,0.0000,0.0,0,0
10/01/2024 15:00:00,0.008,0.006,0.0253,0.0165,0.0081,0.0127,0.0148,0.0291,0.0262,0.0083,0.0,0.0,0.0027,-0.0,0.0,0.0000,0.0,0,0
10/01/2024 16:00:00,0.008,0.006,0.0253,0.0165,0.0079,0.0127,0.0147,0.0291,0.0261,0.0083,0.0,0.0,0.0025,-0.0,0.0,0.0000,0.0,0,0
10/01/2024 17:00:00,0.0339,0.006,0.0253,0.0165,0.008,0.0126,0.0145,0.052,0.026,0.0082,0.0,0.0,0.0025,-0.0,0.0,0.0000,0.0,0,0
10/01/2024 18:00:00,0.0626,0.0059,0.0252,0.0165,0.008,0.0126,0.0144,0.0549,0.026,0.0082,0.0261,0.0,0.0025,-0.0,0.0,0.0261,0.0,0,0
10/01/2024 19:00:00,0.2174,0.0058,0.0252,0.0169,0.0078,0.0124,0.0144,0.0556,0.0262,0.0084,0.1826,0.0,0.0027,-0.0,0.0,0.1826,0.0,0,0
10/01/2024 20:00:00,0.2172,0.0059,0.0252,0.017,0.0079,0.0125,0.0145,0.0556,0.0262,0.0084,0.1824,0.0,0.0027,-0.0,0.0,0.1824,0.0,0,0
10/01/2024 21:00:00,0.2168,0.0059,0.0253,0.017,0.0076,0.0125,0.0145,0.0556,0.0262,0.0084,0.182,0.0,0.0026,-0.0,0.0,0.1821,0.0,0,0
10/01/2024 22:00:00,0.2169,0.0059,0.0254,0.017,0.0076,0.0125,0.0145,0.056,0.0261,0.0085,0.182,0.0,0.0027,-0.0,0.0,0.1821,0.0,0,0
10/01/2024 23:00:00,0.2166,0.006,0.0254,0.017,0.0079,0.0126,0.0146,0.0562,0.0264,0.0085,0.1818,0.0,0.0028,-0.0,0.0,0.1818,0.0,0,0
10/02/2024 00:00:00,0.2171,0.006,0.0254,0.0171,0.008,0.0126,0.0146,0.0566,0.0265,0.0085,0.1821,0.0,0.0028,-0.0,0.0,0.1821,0.0,0,0
10/02/2024 01:00:00,0.2174,0.0061,0.0254,0.0172,0.0081,0.0127,0.0147,0.0569,0.0267,0.0085,0.1821,0.0,0.0028,-0.0,0.0,0.1822,0.0,0,0
10/02/2024 02:00:00,0.218,0.0061,0.0254,0.0172,0.008,0.0127,0.0147,0.0576,0.0268,0.0086,0.1822,0.0,0.003,-0.0,0.0,0.1823,0.0,0,0
10/02/2024 03:00:00,0.218,0.006,0.0254,0.0172,0.0081,0.0127,0.0148,0.0574,0.0269,0.0086,0.1825,0.0,0.0033,-0.0,0.0,0.1825,0.0,0,0
10/02/2024 04:00:00,0.2185,0.006,0.0254,0.0173,0.0083,0.0127,0.0148,0.0576,0.0271,0.0086,0.1828,0.0,0.0035,-0.0,0.0,0.1828,0.0,0,0
10/02/2024 05:00:00,0.2082,0.0059,0.0254,0.0173,0.0083,0.0127,0.0149,0.0481,0.0271,0.0086,0.1831,0.0,0.0034,-0.0,0.0,0.1830,0.0,0,0
10/02/2024 06:00:00,0.1436,0.0061,0.0255,0.0172,0.0084,0.0128,0.015,0.0299,0.027,0.0086,0.1378,0.0,0.0034,-0.0,0.0,0.1377,0.0,0,0
10/02/2024 07:00:00,0.8015,0.9848,1.3835,0.0165,0.0077,1.6185,1.9621,0.0296,0.0266,0.0084,0.0,0.0,0.0106,-0.0,0.0,0.0000,0.0,0,0
10/02/2024 08:00:00,1.2037,1.6168,2.107,0.016,0.007,2.4585,3.0422,0.0288,0.0259,0.0081,0.0,0.0904,0.0224,-0.0,0.0,0.0000,0.0,0,0
10/02/2024 09:00:00,1.0509,1.8745,2.1315,0.0213,0.0125,2.1621,3.2319,0.0291,0.0263,0.0083,0.0018,0.2513,0.0213,-0.0,0.0002,0.0000,0.0016,0,0
10/02/2024 10:00:00,1.7785,2.54,1.8552,1.2641,1.3387,0.1212,3.0099,0.0271,0.0235,0.0077,0.4536,0.4177,0.0139,-0.0,0.0449,0.0000,0.4055,0,0
10/02/2024 11:00:00,3.5372,3.6841,2.398,2.564,2.7283,0.1346,3.4185,0.0316,0.078,0.0089,0.8899,0.6673,0.0071,-0.0,0.0941,0.0011,0.7894,0,0
10/02/2024 12:00:00,3.6328,3.5405,2.4758,2.6513,2.8204,0.137,3.5264,0.0322,0.0268,0.009,0.8952,0.4786,0.0027,-0.0025,0.0912,0.0085,0.7984,0,0
10/02/2024 13:00:00,3.5159,3.4368,2.4027,2.5691,2.7333,0.132,3.4217,0.031,0.0269,0.0087,0.8611,0.4661,0.003,-0.0,0.0903,0.0085,0.7648,0,0
10/02/2024 14:00:00,3.6785,3.4823,2.4412,2.6104,2.7697,0.1344,3.4834,0.0318,0.0347,0.009,0.9782,0.4503,0.0031,-0.0,0.1916,0.0085,0.7802,0,0
10/02/2024 15:00:00,3.6886,2.2769,1.7438,2.6514,2.8088,0.1988,0.9471,0.032,0.0266,0.009,0.9206,0.5145,0.0035,-0.0,0.1336,0.0085,0.7857,0,0
10/02/2024 16:00:00,3.387,1.6234,1.3283,2.5668,2.7154,0.0112,0.0146,0.0311,0.0258,0.0087,0.7982,0.3715,0.0046,-0.0,0.0262,0.0085,0.7665,0,0
10/02/2024 17:00:00,4.0631,1.7337,2.0694,2.474,2.6045,1.6111,0.0145,0.0305,0.0241,0.0084,0.8014,0.5258,0.0033,-0.0,0.0467,0.0085,0.7506,0,0
10/02/2024 18:00:00,1.9647,0.757,1.0628,1.1044,1.1551,0.9835,0.0143,0.0434,0.0237,0.0082,0.3709,0.2168,0.0045,-0.0,0.0218,0.0085,0.3394,0,0
10/02/2024 19:00:00,0.2224,0.0119,0.0253,0.0168,0.0074,0.0122,0.014,0.0542,0.0254,0.0082,0.1865,0.0061,0.0046,-0.0,0.0167,0.0085,0.0,0,0
10/02/2024 20:00:00,0.2282,0.006,0.0256,0.017,0.0076,0.0124,0.0143,0.0577,0.0259,0.0083,0.1896,0.0,0.0038,-0.0,0.0176,0.0085,0.0,0,0
10/02/2024 21:00:00,0.23,0.006,0.0255,0.0171,0.0079,0.0126,0.0145,0.0584,0.0262,0.0084,0.1916,0.0,0.0028,-0.0,0.0182,0.0085,0.0,0,0
10/02/2024 22:00:00,0.231,0.0117,0.0255,0.0171,0.0078,0.0126,0.0145,0.0592,0.0263,0.0084,0.192,0.0057,0.0024,-0.0,0.0181,0.1387,0.0,0,0
10/02/2024 23:00:00,0.2311,0.0061,0.0255,0.0172,0.0079,0.0126,0.0146,0.0595,0.0264,0.0085,0.192,0.0,0.0025,-0.0,0.0184,0.1658,0.0,0,0
10/03/2024 00:00:00,0.2299,0.0061,0.0255,0.0173,0.0082,0.0127,0.0147,0.0587,0.0265,0.0085,0.192,0.0,0.0028,-0.0,0.0187,0.1672,0.0,0,0
10/03/2024 01:00:00,0.2303,0.0062,0.0255,0.0174,0.0082,0.0128,0.0148,0.0592,0.0267,0.0085,0.1921,0.0,0.0029,-0.0,0.019,0.1668,0.0,0,0
10/03/2024 02:00:00,0.2305,0.0061,0.0256,0.0174,0.0083,0.0128,0.0148,0.0593,0.0269,0.0086,0.1923,0.0,0.0034,-0.0,0.0192,0.1683,0.0,0,0
10/03/2024 03:00:00,0.2323,0.0063,0.0255,0.0175,0.0083,0.013,0.0149,0.0606,0.0271,0.0086,0.1929,0.0,0.0036,-0.0,0.0192,0.1718,0.0,0,0
10/03/2024 04:00:00,0.2321,0.0062,0.0255,0.0175,0.0083,0.0129,0.0149,0.0604,0.0272,0.0086,0.1931,0.0,0.0034,-0.0,0.0193,0.1709,0.0,0,0
10/03/2024 05:00:00,0.2214,0.0062,0.0255,0.0175,0.0084,0.0129,0.015,0.0503,0.0272,0.0086,0.1936,0.0,0.0034,-0.0,0.0192,0.1675,0.0,0,0
10/03/2024 06:00:00,0.1573,0.0062,0.0255,0.0175,0.0087,0.013,0.0152,0.0327,0.0273,0.0086,0.151,0.0,0.0035,-0.0,0.0192,0.1283,0.0,0,0
10/03/2024 07:00:00,1.1364,1.5144,1.951,0.0165,0.0083,2.2617,2.7412,0.0318,0.0265,0.0082,0.0187,0.1394,0.0475,-0.0,0.0184,0.0000,0.0,0,0
10/03/2024 08:00:00,1.2465,1.655,2.1879,0.0151,0.0074,2.4842,2.9853,0.0294,0.0246,0.0076,0.017,0.1574,0.0847,-0.0,0.0168,0.0000,0.0,0,0
10/03/2024 09:00:00,1.1733,1.5109,2.0435,0.0137,0.0064,2.3402,2.8072,0.0265,0.0222,0.0069,0.0153,0.1021,0.042,-0.0,0.015,0.0000,0.0,0,0
10/03/2024 10:00:00,2.2817,2.0095,2.4468,0.8473,0.8938,2.3383,2.7697,0.0251,0.0247,0.0067,0.2926,0.205,0.0128,-0.0,0.0353,0.0008,0.2553,0,0
10/03/2024 11:00:00,4.3504,3.068,3.431,2.2852,2.4132,2.6185,3.0945,0.0276,0.0246,0.0077,0.795,0.397,0.0065,-0.0,0.0892,0.0008,0.7004,0,0
10/03/2024 12:00:00,3.4274,2.5027,2.7389,1.8336,1.9379,2.0318,2.4714,0.0218,0.0181,0.0061,0.6176,0.3673,0.0268,-0.0,0.0632,0.0008,0.5501,0,0
10/03/2024 13:00:00,4.7881,3.4758,3.7463,2.5925,2.742,2.8425,3.3902,0.0308,0.0257,0.0086,0.8207,0.5095,0.0031,-0.0,0.0444,0.0008,0.7713,0,0
10/03/2024 14:00:00,0.8264,0.8049,1.0622,0.2327,0.2375,1.1079,1.3265,0.0308,0.025,0.0083,0.0824,0.032,0.0038,-0.0,0.0208,0.0008,0.061,0,0
10/03/2024 15:00:00,0.021,0.0075,0.0259,0.0165,0.0082,0.0128,0.0147,0.0312,0.0252,0.0083,0.0208,0.0,0.0031,-0.0,0.0203,0.0008,0.0,0,0
10/03/2024 16:00:00,2.9372,1.4114,1.1237,2.1735,2.286,0.0113,0.0145,0.031,0.024,0.0098,0.7513,0.3495,0.0034,-0.0,0.082,0.0008,0.6645,0,0
10/03/2024 17:00:00,3.2271,1.4739,1.2303,2.3964,2.512,0.0099,0.0136,0.0291,0.0266,0.0123,0.8167,0.2954,0.0031,-0.0,0.0818,0.0008,0.7292,0,0
10/03/2024 18:00:00,3.9139,1.9396,2.1152,2.4636,2.5755,1.07,0.0148,0.0373,0.0285,0.0357,0.9081,0.7286,0.3088,-0.0,0.1225,0.0008,0.7701,0,0
10/03/2024 19:00:00,3.3975,1.5333,1.6783,2.0097,2.1037,0.8082,0.0146,0.0561,0.0309,0.0327,0.9569,0.5425,0.232,-0.0,0.1299,0.0008,0.6459,0,0
10/03/2024 20:00:00,0.225,0.0136,0.0246,0.0168,0.0074,0.0122,0.0141,0.0565,0.0243,0.0082,0.1873,0.0053,0.0039,-0.0,0.0204,0.0008,0.0,0,0
10/03/2024 21:00:00,0.2276,0.0091,0.0247,0.017,0.0075,0.0125,0.0144,0.0571,0.0245,0.0084,0.1902,0.0,0.0024,-0.0,0.021,0.0008,0.0,0,0
10/03/2024 22:00:00,0.2288,0.0091,0.0248,0.0171,0.0078,0.0126,0.0145,0.0582,0.0247,0.0084,0.1907,0.0,0.0023,-0.0,0.0213,0.0008,0.0,0,0
10/03/2024 23:00:00,0.2295,0.0061,0.0248,0.0172,0.0081,0.0127,0.0146,0.0586,0.0263,0.0084,0.1913,0.0,0.0023,-0.0,0.0216,0.0008,0.0,0,0
10/04/2024 00:00:00,0.2307,0.0062,0.0247,0.0173,0.0081,0.0127,0.0147,0.0592,0.0266,0.0085,0.1921,0.0,0.0023,-0.0,0.0219,0.0008,0.0,0,0
10/04/2024 01:00:00,0.2304,0.0062,0.0248,0.0174,0.0084,0.0129,0.0148,0.0594,0.0268,0.0085,0.1918,0.0,0.0026,-0.0,0.0192,0.0008,0.0,0,0
10/04/2024 02:00:00,0.2312,0.0061,0.0248,0.0174,0.0085,0.0129,0.0148,0.0601,0.0269,0.0085,0.192,0.0,0.0028,-0.0,0.0191,0.0008,0.0,0,0
10/04/2024 03:00:00,0.2307,0.0062,0.0249,0.0174,0.0083,0.0127,0.0148,0.0596,0.0268,0.0086,0.1921,0.0,0.0027,-0.0,0.0189,0.0008,0.0,0,0
10/04/2024 04:00:00,0.2315,0.0061,0.0248,0.0174,0.0083,0.0128,0.0148,0.0603,0.0269,0.0086,0.1923,0.0,0.0027,-0.0,0.0189,0.0008,0.0,0,0
10/04/2024 05:00:00,0.2308,0.0061,0.0248,0.0174,0.0082,0.0128,0.0148,0.0593,0.027,0.0086,0.1926,0.0,0.0027,-0.0,0.0189,0.0008,0.0,0,0
10/04/2024 06:00:00,0.1546,0.0062,0.0248,0.0173,0.0084,0.013,0.015,0.0383,0.027,0.0086,0.142,0.0,0.0028,-0.0,0.0189,0.0008,0.0,0,0
10/04/2024 07:00:00,0.9343,1.1155,1.577,0.0165,0.0077,1.8542,2.2225,0.0321,0.0266,0.0083,0.0188,0.0,0.0057,-0.0,0.0182,0.0008,0.0,0,0
10/04/2024 08:00:00,1.2942,1.55,2.2155,0.0152,0.0065,2.579,3.0879,0.03,0.025,0.0078,0.0171,0.0001,0.0309,-0.0,0.0165,0.0008,0.0,0,0
10/04/2024 09:00:00,1.4326,1.7126,2.4631,0.0161,0.0074,2.856,3.4109,0.0316,0.0265,0.0084,0.0179,0.0001,0.0243,-0.0,0.0175,0.0005,0.0,0,0
10/04/2024 10:00:00,1.4435,1.7775,2.5532,0.016,0.0073,2.9211,3.5399,0.0313,0.0263,0.0083,0.0176,0.0001,0.0217,-0.0,0.0172,0.0000,0.0,0,0
10/04/2024 11:00:00,4.3548,3.3347,3.7053,2.1723,2.297,2.9345,3.5893,0.0318,0.0304,0.0088,0.7669,0.4705,0.0444,-0.0,0.0899,0.0003,0.6717,0,0
10/04/2024 12:00:00,4.9811,3.6147,3.8493,2.6585,2.8061,2.9198,3.4873,0.0317,0.027,0.0089,0.9108,0.5667,0.0122,-0.0,0.1017,0.0003,0.8029,0,0
10/04/2024 13:00:00,4.9772,3.3535,3.8322,2.6525,2.8031,2.9067,3.478,0.0317,0.0265,0.009,0.9189,0.3113,0.0076,-0.0,0.1153,0.0003,0.7974,0,0
10/04/2024 14:00:00,5.1434,3.5051,3.8313,2.6508,2.8009,2.914,3.5007,0.0317,0.0253,0.009,1.0748,0.4537,0.0072,-0.0,0.2803,0.0003,0.7887,0,0
10/04/2024 15:00:00,3.0831,2.207,2.3261,1.7091,1.8041,1.7035,2.0498,0.0206,0.0164,0.0057,0.5433,0.3446,0.0091,-0.0,0.0348,0.0003,0.5065,0,0
10/04/2024 16:00:00,2.4361,1.7335,1.8027,1.3825,1.4578,1.2787,1.5409,0.0167,0.0129,0.0046,0.4293,0.2855,0.0097,-0.0,0.0177,0.0003,0.4097,0,0
10/04/2024 17:00:00,4.7933,3.4797,3.7286,2.5924,2.727,2.8173,3.4024,0.0318,0.0243,0.0088,0.8202,0.5058,0.0077,-0.0,0.0382,0.0003,0.7764,0,0
10/04/2024 18:00:00,4.7306,3.337,3.6064,2.5122,2.6448,2.7066,3.3087,0.0391,0.0246,0.0123,0.8635,0.4492,0.0079,-0.0,0.0524,0.0003,0.7762,0,0
10/04/2024 19:00:00,4.4197,2.6783,2.8853,2.4221,2.5602,1.9193,2.3645,0.0636,0.026,0.009,0.9906,0.3085,0.0087,-0.0,0.0289,0.0003,0.7797,0,0
10/04/2024 20:00:00,0.4142,0.1089,0.0822,0.1274,0.1258,0.0124,0.0144,0.0578,0.0261,0.0085,0.2645,0.0495,0.0082,-0.0,0.021,0.0003,0.0744,0,0
10/04/2024 21:00:00,0.2278,0.0061,0.0259,0.0172,0.0079,0.0125,0.0145,0.0584,0.0262,0.0085,0.1897,0.0002,0.0082,-0.0,0.0213,0.0003,0.0,0,0
10/04/2024 22:00:00,0.2283,0.006,0.026,0.0169,0.0073,0.0122,0.0143,0.0585,0.0257,0.0084,0.1897,0.0002,0.0078,-0.0,0.0207,0.0003,0.0,0,0
10/04/2024 23:00:00,0.2293,0.006,0.0261,0.0171,0.0077,0.0123,0.0144,0.0592,0.0259,0.0084,0.1904,0.0002,0.0079,-0.0,0.021,0.0003,0.0,0,0
10/05/2024 00:00:00,0.2283,0.0061,0.0261,0.017,0.0078,0.0124,0.0144,0.0582,0.026,0.0085,0.1904,0.0002,0.0079,-0.0,0.0211,0.0003,0.0,0,0
10/05/2024 01:00:00,0.229,0.0061,0.0261,0.0172,0.0077,0.0125,0.0146,0.0588,0.0262,0.0085,0.1907,0.0002,0.008,-0.0,0.0215,0.0003,0.0,0,0
10/05/2024 02:00:00,0.2291,0.0062,0.0261,0.0173,0.008,0.0125,0.0146,0.0589,0.0264,0.0085,0.1909,0.0002,0.0081,-0.0,0.0217,0.0003,0.0,0,0
10/05/2024 03:00:00,0.2291,0.0061,0.0262,0.0173,0.008,0.0126,0.0147,0.059,0.0265,0.0086,0.1908,0.0002,0.0082,-0.0,0.0218,0.0003,0.0,0,0
10/05/2024 04:00:00,0.2291,0.0061,0.0262,0.0174,0.0079,0.0127,0.0147,0.059,0.0266,0.0086,0.1909,0.0002,0.0082,-0.0,0.0218,0.0003,0.0,0,0
10/05/2024 05:00:00,0.2295,0.0062,0.0262,0.0174,0.0081,0.0126,0.0148,0.0585,0.0267,0.0086,0.1919,0.0002,0.0082,-0.0,0.0217,0.0003,0.0,0,0
10/05/2024 06:00:00,0.1685,0.0061,0.0262,0.0172,0.0082,0.0126,0.0149,0.0447,0.0267,0.0086,0.1488,0.0002,0.0082,-0.0,0.0216,0.0003,0.0,0,0
10/05/2024 07:00:00,0.0211,0.0062,0.0263,0.017,0.0083,0.0129,0.015,0.0323,0.0267,0.0085,0.0219,0.0002,0.0081,-0.0,0.0216,0.0003,0.0,0,0
10/05/2024 08:00:00,0.021,0.0062,0.0262,0.0169,0.0083,0.0128,0.015,0.032,0.0267,0.0085,0.0215,0.0002,0.0081,-0.0,0.0211,0.0003,0.0,0,0
10/05/2024 09:00:00,0.0209,0.0061,0.0261,0.0169,0.0083,0.0128,0.0149,0.0318,0.0265,0.0084,0.0212,0.0002,0.008,-0.0,0.0208,0.0003,0.0,0,0
10/05/2024 10:00:00,0.0209,0.0061,0.026,0.0168,0.0083,0.0128,0.0149,0.0317,0.0266,0.0084,0.0211,0.0001,0.008,-0.0,0.0206,0.0003,0.0,0,0
10/05/2024 11:00:00,0.0208,0.0061,0.0261,0.0167,0.0081,0.0127,0.0149,0.0316,0.0264,0.0084,0.0209,0.0002,0.008,-0.0,0.0205,0.0003,0.0,0,0
10/05/2024 12:00:00,0.0207,0.006,0.0261,0.0167,0.0081,0.0126,0.0148,0.0316,0.0264,0.0084,0.0208,0.0001,0.008,-0.0,0.0203,0.0003,0.0,0,0
10/05/2024 13:00:00,0.0207,0.0061,0.0261,0.0168,0.0082,0.0127,0.0148,0.0316,0.0265,0.0084,0.0208,0.0001,0.008,-0.0,0.0203,0.0189,0.0,0,0
10/05/2024 14:00:00,0.0208,0.0062,0.0257,0.0168,0.0083,0.0126,0.0148,0.0316,0.0264,0.0084,0.0209,0.0002,0.0076,-0.0,0.0205,0.0166,0.0,0,0
10/05/2024 15:00:00,0.0207,0.0061,0.0256,0.0168,0.0082,0.0126,0.0148,0.0316,0.0263,0.0084,0.0209,0.0001,0.0074,-0.0,0.0204,0.0171,0.0,0,0
10/05/2024 16:00:00,0.0206,0.0061,0.0256,0.0166,0.008,0.0126,0.0148,0.0314,0.0262,0.0084,0.0206,0.0001,0.0073,-0.0,0.0202,0.0142,0.0,0,0
10/05/2024 17:00:00,0.0207,0.0065,0.0257,0.0167,0.0079,0.0126,0.0147,0.0314,0.0258,0.0084,0.0207,0.0001,0.0073,-0.0,0.0203,0.0128,0.0,0,0
10/05/2024 18:00:00,0.0436,0.0061,0.0257,0.0168,0.0082,0.0126,0.0148,0.0317,0.0263,0.0084,0.043,0.0001,0.0074,-0.0,0.0208,0.0289,0.0,0,0
10/05/2024 19:00:00,0.2216,0.0059,0.0256,0.0172,0.0077,0.0124,0.0146,0.0492,0.0262,0.0085,0.1936,0.0001,0.0076,-0.0,0.0209,0.1466,0.0,0,0
10/05/2024 20:00:00,0.2314,0.006,0.0256,0.0172,0.0076,0.0124,0.0145,0.0582,0.0263,0.0085,0.1934,0.0001,0.0077,-0.0,0.0212,0.1471,0.0,0,0
10/05/2024 21:00:00,0.2314,0.006,0.0256,0.0172,0.0078,0.0125,0.0145,0.0584,0.0264,0.0085,0.1933,0.0001,0.0077,-0.0,0.0215,0.1473,0.0,0,0
10/05/2024 22:00:00,0.231,0.0061,0.0257,0.0172,0.0077,0.0125,0.0146,0.0583,0.0264,0.0085,0.1932,0.0002,0.0077,-0.0,0.0215,0.1475,0.0,0,0
10/05/2024 23:00:00,0.2309,0.0062,0.0257,0.0173,0.008,0.0126,0.0147,0.0588,0.0265,0.0085,0.1928,0.0002,0.0078,-0.0,0.0217,0.1467,0.0,0,0
10/06/2024 00:00:00,0.2318,0.0061,0.0258,0.0172,0.0078,0.0125,0.0146,0.0593,0.0264,0.0085,0.1932,0.0002,0.0076,-0.0,0.0215,0.1468,0.0,0,0
10/06/2024 01:00:00,0.2305,0.0061,0.0258,0.0172,0.0077,0.0124,0.0146,0.0585,0.0264,0.0085,0.1928,0.0002,0.0076,-0.0,0.0214,0.1466,0.0,0,0
10/06/2024 02:00:00,0.2309,0.0061,0.0258,0.0173,0.0077,0.0125,0.0146,0.0594,0.0265,0.0085,0.1924,0.0002,0.0076,-0.0,0.0213,0.1460,0.0,0,0
10/06/2024 03:00:00,0.2314,0.0061,0.0258,0.0174,0.0079,0.0125,0.0147,0.06,0.0267,0.0086,0.1925,0.0002,0.0078,-0.0,0.0216,0.1454,0.0,0,0
10/06/2024 04:00:00,0.231,0.0061,0.0258,0.0173,0.0081,0.0126,0.0147,0.0596,0.0267,0.0086,0.1926,0.0002,0.0078,-0.0,0.0215,0.1455,0.0,0,0
10/06/2024 05:00:00,0.6255,0.5656,0.0545,0.0173,0.0079,0.0124,0.0147,0.0589,0.0267,0.0086,0.1931,0.0002,0.0077,-0.0,0.0215,0.1465,0.0,0,0
10/06/2024 06:00:00,0.1839,0.0061,0.0258,0.0172,0.0078,0.0126,0.0148,0.0493,0.0267,0.0085,0.1587,0.0002,0.0077,-0.0,0.0214,0.1202,0.0,0,0
10/06/2024 07:00:00,0.0209,0.0062,0.0259,0.0169,0.0082,0.0128,0.015,0.0322,0.0266,0.0085,0.0217,0.0001,0.0076,-0.0,0.0213,0.0111,0.0,0,0
10/06/2024 08:00:00,0.0208,0.0061,0.0258,0.0168,0.0082,0.0127,0.0149,0.0319,0.0265,0.0085,0.0213,0.0001,0.0075,-0.0,0.0209,0.0109,0.0,0,0
10/06/2024 09:00:00,0.021,0.0062,0.0258,0.017,0.0084,0.0128,0.015,0.0322,0.0267,0.0085,0.2813,0.0002,0.2315,-0.0,0.0214,0.0109,0.0,0,0
10/06/2024 10:00:00,0.0211,0.0063,0.0256,0.0171,0.0085,0.013,0.0152,0.0324,0.0271,0.0085,0.0222,0.0002,0.0079,-0.0,0.0217,0.0113,0.0,0,0
10/06/2024 11:00:00,0.0211,0.0061,0.0256,0.017,0.0086,0.0129,0.0151,0.0323,0.0271,0.0085,0.022,0.0002,0.0078,-0.0,0.0215,0.0114,0.0,0,0
10/06/2024 12:00:00,0.0209,0.0061,0.0256,0.0169,0.0083,0.0127,0.0149,0.032,0.0267,0.0085,0.0215,0.0002,0.0076,-0.0,0.021,0.0112,0.0,0,0
10/06/2024 13:00:00,0.0207,0.006,0.0256,0.0168,0.0081,0.0127,0.0149,0.0318,0.0266,0.0084,0.0212,0.0002,0.0076,-0.0,0.0207,0.0107,0.0,0,0
10/06/2024 14:00:00,0.021,0.0061,0.0257,0.0168,0.0082,0.0127,0.0149,0.0318,0.0264,0.0084,0.0214,0.0001,0.0075,-0.0,0.021,0.0105,0.0,0,0
10/06/2024 15:00:00,0.021,0.0062,0.0257,0.0169,0.0083,0.0127,0.015,0.0319,0.0266,0.0084,0.0216,0.0001,0.0076,-0.0,0.0211,0.0105,0.0,0,0
10/06/2024 16:00:00,0.0209,0.0061,0.0257,0.0169,0.0084,0.0128,0.0149,0.0319,0.0266,0.0085,0.0216,0.0002,0.0076,-0.0,0.0211,0.0105,0.0,0,0
10/06/2024 17:00:00,0.0216,0.0062,0.0257,0.017,0.0085,0.0128,0.0149,0.0327,0.0266,0.0084,0.0215,0.0001,0.0076,-0.0,0.0211,0.0105,0.0,0,0
10/06/2024 18:00:00,0.1119,0.0061,0.0256,0.0171,0.0081,0.0126,0.0148,0.0581,0.0266,0.0084,0.0805,0.0002,0.0077,-0.0,0.0212,0.0700,0.0,0,0
10/06/2024 19:00:00,0.2321,0.0059,0.0256,0.0172,0.0078,0.0125,0.0146,0.0589,0.0266,0.0085,0.1938,0.0002,0.0078,-0.0,0.0211,0.1836,0.0,0,0
10/06/2024 20:00:00,0.2321,0.006,0.0255,0.0172,0.0079,0.0124,0.0146,0.0587,0.0265,0.0085,0.1939,0.0002,0.0078,-0.0,0.0212,0.1836,0.0,0,0
10/06/2024 21:00:00,0.2322,0.006,0.0256,0.0173,0.0079,0.0125,0.0146,0.0593,0.0266,0.0085,0.1937,0.0002,0.0078,-0.0,0.0216,0.1832,0.0,0,0
10/06/2024 22:00:00,0.2326,0.006,0.0257,0.0173,0.0078,0.0125,0.0146,0.0599,0.0266,0.0085,0.1938,0.0002,0.0078,-0.0,0.0217,0.1832,0.0,0,0
10/06/2024 23:00:00,0.2328,0.0061,0.0257,0.0174,0.008,0.0126,0.0147,0.0604,0.0268,0.0086,0.1938,0.0002,0.0079,-0.0,0.022,0.1832,0.0,0,0
10/07/2024 00:00:00,0.2331,0.0061,0.0257,0.0175,0.0081,0.0126,0.0147,0.0606,0.0268,0.0086,0.194,0.0002,0.0079,-0.0,0.0221,0.1833,0.0,0,0
10/07/2024 01:00:00,0.2311,0.0061,0.0257,0.0175,0.0081,0.0127,0.0148,0.0592,0.0271,0.0086,0.1936,0.0002,0.0081,-0.0,0.0196,0.1832,0.0,0,0
10/07/2024 02:00:00,0.2318,0.0061,0.0257,0.0176,0.0083,0.0128,0.0149,0.06,0.0272,0.0087,0.1936,0.0002,0.0082,-0.0,0.0193,0.1833,0.0,0,0
10/07/2024 03:00:00,0.2321,0.0062,0.0257,0.0176,0.0082,0.0127,0.0149,0.0602,0.0273,0.0087,0.1937,0.0002,0.0083,-0.0,0.0193,0.1836,0.0,0,0
10/07/2024 04:00:00,0.2322,0.0062,0.0257,0.0176,0.0082,0.0128,0.0149,0.0601,0.0273,0.0087,0.1938,0.0002,0.0082,-0.0,0.0192,0.1837,0.0,0,0
10/07/2024 05:00:00,0.2322,0.0061,0.0257,0.0175,0.0083,0.0127,0.015,0.0601,0.0273,0.0086,0.194,0.0002,0.0082,-0.0,0.0191,0.1839,0.0,0,0
10/07/2024 06:00:00,-0.285,0.2166,0.0545,0.0174,0.0082,0.0127,0.0152,0.0326,0.0271,0.0087,0.1608,0.0002,0.0081,-0.0,0.0189,0.1489,0.0,0,0
10/07/2024 07:00:00,0.0208,0.0061,0.0258,0.0171,0.0083,0.0128,0.0151,0.0324,0.0271,0.0085,0.019,0.0002,0.0078,-0.0,0.0186,0.0000,0.0,0,0
10/07/2024 08:00:00,0.0212,0.006,0.0259,0.0168,0.008,0.0127,0.015,0.0319,0.0267,0.0085,0.0188,0.0002,0.0078,-0.0,0.0183,0.0000,0.0,0,0
10/07/2024 09:00:00,0.021,0.006,0.0257,0.0167,0.008,0.0125,0.0148,0.0317,0.0265,0.0084,0.0182,0.0002,0.0075,-0.0,0.0178,0.0000,0.0,0,0
10/07/2024 10:00:00,0.0213,0.0061,0.0261,0.0168,0.0079,0.0126,0.0149,0.0319,0.0267,0.0084,0.0187,0.0002,0.0083,-0.0,0.0182,0.0000,0.0,0,0
10/07/2024 11:00:00,0.0239,0.0076,0.027,0.0189,0.0103,0.0127,0.015,0.0318,0.0267,0.0085,0.0193,0.0007,0.0083,-0.0,0.0182,0.0000,0.0007,0,0
10/07/2024 12:00:00,1.973,1.0456,0.7611,1.4626,1.541,0.0122,0.015,0.0321,0.0267,0.0087,0.5111,0.3342,0.0079,-0.0,0.018,0.0016,0.4944,0,0
10/07/2024 13:00:00,3.2352,1.7072,1.2352,2.4021,2.5384,0.012,0.0152,0.0326,0.027,0.009,0.821,0.5367,0.0079,-0.0,0.0201,0.0020,0.8034,0,0
10/07/2024 14:00:00,3.2694,1.6407,1.2855,2.3843,2.5225,0.0865,0.1043,0.0325,0.0323,0.009,0.8286,0.4272,0.0081,-0.0,0.032,0.0006,0.7953,0,0
10/07/2024 15:00:00,3.7463,2.3312,2.1314,2.3907,2.5176,1.0586,1.2708,0.0323,0.0312,0.0341,0.8173,0.528,0.0077,-0.0,0.0274,0.0049,0.7871,0,0
10/07/2024 16:00:00,3.1723,1.7054,1.2402,2.3881,2.5268,0.012,0.0152,0.0325,0.0662,0.018,0.7701,0.4953,0.0082,-0.0,0.0335,0.0050,0.7331,0,0
10/07/2024 17:00:00,3.5244,1.8212,1.5747,2.3716,2.5229,0.3315,0.4012,0.0326,0.027,0.0185,0.9818,0.4704,0.0644,-0.0,0.2662,0.0058,0.7109,0,0
10/07/2024 18:00:00,4.5406,3.4371,3.8155,2.3334,2.4693,2.6549,3.2613,0.0371,0.0268,0.0087,0.8759,0.6641,0.3581,-0.0,0.0358,0.0058,0.7794,0,0
10/07/2024 19:00:00,2.868,1.8782,2.0852,1.4321,1.5158,1.3647,1.7122,0.0585,0.0269,0.0087,0.7264,0.3259,0.1971,-0.0,0.0359,0.0058,0.5026,0,0
10/07/2024 20:00:00,0.2238,0.0061,0.0259,0.0173,0.0082,0.0127,0.0147,0.0584,0.0267,0.0085,0.1854,0.0002,0.0087,-0.0,0.0,0.1570,0.0,0,0
10/07/2024 21:00:00,0.2236,0.0062,0.0259,0.0173,0.008,0.0128,0.0147,0.0588,0.0268,0.0085,0.1854,0.0002,0.0086,-0.0,0.0,0.1567,0.0,0,0
10/07/2024 22:00:00,0.2239,0.0062,0.0261,0.0172,0.0079,0.0126,0.0147,0.0591,0.0266,0.0085,0.1856,0.0002,0.0084,-0.0,0.0,0.1603,0.0,0,0
10/07/2024 23:00:00,0.2244,0.0063,0.0261,0.0173,0.0082,0.0127,0.0148,0.0597,0.0269,0.0086,0.1858,0.0002,0.0084,-0.0,0.0,0.1560,0.0,0,0
10/08/2024 00:00:00,0.2246,0.0062,0.0261,0.0173,0.0081,0.0127,0.0148,0.0599,0.0269,0.0086,0.1859,0.0002,0.0084,-0.0,0.0,0.1506,0.0,0,0
10/08/2024 01:00:00,0.2247,0.0061,0.0262,0.0173,0.008,0.0127,0.0147,0.0597,0.0269,0.0086,0.1862,0.0002,0.0083,-0.0,0.0,0.1620,0.0,0,0
10/08/2024 02:00:00,0.2245,0.0061,0.0262,0.0173,0.0081,0.0127,0.0147,0.0595,0.0269,0.0086,0.1862,0.0002,0.0083,-0.0,0.0,0.1815,0.0,0,0
10/08/2024 03:00:00,0.2246,0.0062,0.0262,0.0174,0.0081,0.0128,0.0149,0.0597,0.027,0.0087,0.1862,0.0002,0.0084,-0.0,0.0,0.1813,0.0,0,0
10/08/2024 04:00:00,0.2248,0.0061,0.0262,0.0174,0.0081,0.0128,0.0149,0.0598,0.0272,0.0086,0.1863,0.0002,0.0084,-0.0,0.0,0.1815,0.0,0,0
10/08/2024 05:00:00,0.2158,0.0061,0.0262,0.0174,0.0083,0.0128,0.015,0.0516,0.0272,0.0086,0.1864,0.0002,0.0085,-0.0,0.0,0.1814,0.0,0,0
10/08/2024 06:00:00,0.1501,0.006,0.0261,0.0173,0.0084,0.0129,0.0151,0.0325,0.0271,0.0086,0.1408,0.0002,0.0084,-0.0,0.0,0.1369,0.0,0,0
10/08/2024 07:00:00,0.0126,0.006,0.0261,0.017,0.0084,0.0129,0.0151,0.0324,0.027,0.0085,0.0002,0.0002,0.0083,-0.0,0.0,0.0000,0.0,0,0
10/08/2024 08:00:00,0.0128,0.0056,0.0261,0.0168,0.0083,0.0129,0.0149,0.032,0.0268,0.0084,0.0004,0.0002,0.0084,-0.0,0.0,0.0022,0.0,0,0
10/08/2024 09:00:00,0.0128,0.0055,0.026,0.0167,0.0083,0.0128,0.015,0.0319,0.0268,0.0084,0.0003,0.0002,0.0083,-0.0,0.0,0.0021,0.0,0,0
10/08/2024 10:00:00,1.1768,0.6076,0.4494,0.8471,0.8864,0.0125,0.015,0.032,0.0269,0.0087,0.3354,0.1971,0.0083,-0.0,0.0383,0.0040,0.2946,0,0
10/08/2024 11:00:00,3.2392,1.2465,1.2214,2.3693,2.4949,0.0109,0.015,0.0323,0.0269,0.0091,0.8721,0.0894,0.0089,-0.0,0.0628,0.0002,0.8035,0,0
10/08/2024 12:00:00,3.3127,1.7274,1.2653,2.4564,2.5917,0.0117,0.015,0.0322,0.027,0.0089,0.8545,0.5301,0.008,-0.0,0.0562,0.0002,0.7923,0,0
10/08/2024 13:00:00,3.3832,1.7483,1.3081,2.5275,2.6798,0.0116,0.015,0.0321,0.0279,0.009,0.8467,0.5147,0.0078,-0.0,0.0552,0.0002,0.7857,0,0
10/08/2024 14:00:00,4.4375,2.7996,2.903,2.5281,2.6843,1.8707,2.2401,0.032,0.0293,0.009,0.9707,0.4417,0.008,-0.0,0.1839,0.0002,0.7819,0,0
10/08/2024 15:00:00,4.0223,2.4687,2.4773,2.5338,2.6937,1.3533,1.6301,0.0319,0.0264,0.0453,0.8097,0.4193,0.0078,-0.0,0.0292,0.0002,0.7752,0,0
10/08/2024 16:00:00,3.3012,1.3838,1.3284,2.389,2.6715,0.0109,0.015,0.032,0.0329,0.0357,0.8293,0.2087,0.0084,-0.0,0.0572,0.0002,0.7665,0,0
10/08/2024 17:00:00,3.555,2.0249,1.9428,2.4541,2.6132,0.777,0.9372,0.032,0.0269,0.0088,0.6982,0.3621,0.0169,-0.0,0.0294,0.0002,0.6655,0,0
10/08/2024 18:00:00,1.7968,1.8505,3.0788,0.2987,0.3126,2.663,3.2547,0.0515,0.0264,0.008,0.1639,0.078,0.7033,-0.0,0.0176,0.0002,0.1176,0,0
10/08/2024 19:00:00,0.325,0.1232,0.2424,0.0169,0.008,0.1981,0.2442,0.0587,0.0265,0.0084,0.1943,0.002,0.0714,-0.0,0.0182,0.0002,0.0,0,0
10/08/2024 20:00:00,0.2324,0.0058,0.0259,0.0171,0.0077,0.0127,0.0146,0.0587,0.0265,0.0085,0.194,0.0002,0.0083,-0.0,0.0183,0.0002,0.0,0,0
10/08/2024 21:00:00,0.2331,0.01,0.0259,0.0172,0.0079,0.0126,0.0146,0.0595,0.0265,0.0085,0.1944,0.0043,0.0082,-0.0,0.0186,0.0002,0.0,0,0
10/08/2024 22:00:00,0.2331,0.0059,0.026,0.0171,0.008,0.0126,0.0146,0.0596,0.0266,0.0085,0.1945,0.0002,0.0082,-0.0,0.0186,0.0002,0.0,0,0
10/08/2024 23:00:00,0.2326,0.006,0.026,0.0173,0.0081,0.0127,0.0147,0.0591,0.0268,0.0085,0.1948,0.0002,0.0083,-0.0,0.0189,0.0002,0.0,0,0
10/09/2024 00:00:00,0.2332,0.0061,0.0261,0.0174,0.0082,0.0127,0.0148,0.0598,0.027,0.0086,0.1949,0.0002,0.0084,-0.0,0.0191,0.0002,0.0,0,0
10/09/2024 01:00:00,0.2342,0.0061,0.0261,0.0174,0.0084,0.0129,0.0149,0.0606,0.0271,0.0086,0.1952,0.0002,0.0084,-0.0,0.0193,0.0002,0.0,0,0
10/09/2024 02:00:00,0.234,0.006,0.0261,0.0175,0.0083,0.0128,0.0149,0.0602,0.0273,0.0087,0.1955,0.0002,0.0084,-0.0,0.0193,0.0002,0.0,0,0
10/09/2024 03:00:00,0.2348,0.0059,0.0261,0.0175,0.0084,0.013,0.015,0.0608,0.0274,0.0087,0.1958,0.0003,0.0085,-0.0,0.0194,0.0002,0.0,0,0
10/09/2024 04:00:00,0.2352,0.006,0.0261,0.0175,0.0085,0.0129,0.015,0.0611,0.0275,0.0087,0.196,0.0003,0.0085,-0.0,0.0194,0.0002,0.0,0,0
10/09/2024 05:00:00,0.2231,0.0059,0.026,0.0176,0.0086,0.013,0.0151,0.0505,0.0275,0.0087,0.1957,0.0002,0.0086,-0.0,0.0193,0.0002,0.0,0,0
10/09/2024 06:00:00,0.1556,0.0059,0.026,0.0175,0.0087,0.013,0.0152,0.0328,0.0275,0.0087,0.1493,0.0002,0.0086,-0.0,0.0193,0.0002,0.0,0,0
10/09/2024 07:00:00,0.8483,1.0557,1.4192,0.0169,0.0083,1.7042,2.1057,0.0326,0.0273,0.0085,0.0193,0.0003,0.0087,-0.0,0.019,0.0002,0.0,0,0
10/09/2024 08:00:00,0.643,1.6937,1.8548,0.0163,0.0067,1.2995,3.1248,0.0324,0.0272,0.0085,0.0191,0.1277,0.0628,-0.0,0.0188,0.0002,0.0,0,0
10/09/2024 09:00:00,1.3463,1.838,2.3285,0.0264,0.0185,2.7496,3.2754,0.0322,0.0272,0.0084,0.0219,0.1911,0.0439,-0.0,0.0185,0.0000,0.0031,0,0
10/09/2024 10:00:00,2.3095,0.4526,1.8169,0.655,0.6889,2.9592,0.0156,0.0319,0.0272,0.0085,0.2408,0.1357,0.0185,-0.0,0.0337,0.0003,0.2054,0,0
10/09/2024 11:00:00,4.9523,1.7635,2.8622,2.5908,2.7507,3.0194,0.0712,0.0322,0.0273,0.0089,0.8962,0.4721,0.0182,-0.0,0.0846,0.0025,0.8055,0,0
10/09/2024 12:00:00,4.9586,3.1785,3.5559,2.6103,2.7719,3.0332,2.3398,0.0323,0.0271,0.0089,0.867,0.7352,0.0346,-0.0,0.0681,0.0025,0.7935,0,0
10/09/2024 13:00:00,4.8532,3.5546,3.8432,2.5865,2.7476,2.9752,3.541,0.032,0.0277,0.0088,0.8077,0.5153,0.0093,-0.0,0.0275,0.0025,0.7766,0,0
10/09/2024 14:00:00,4.5817,3.2131,3.405,2.5918,2.7532,2.4182,2.9826,0.0321,0.0343,0.0089,0.81,0.4443,0.0077,-0.0,0.0261,0.0025,0.7802,0,0
10/09/2024 15:00:00,2.4235,0.6526,1.3481,0.273,2.7594,0.0124,0.0148,0.0316,0.0268,0.0123,1.012,0.5251,0.0079,-0.0,0.2156,0.0025,0.7927,0,0
10/09/2024 16:00:00,2.0916,0.5336,1.3223,0.0181,2.703,0.0126,0.0148,0.0314,0.0266,0.0147,0.8317,0.5309,0.0074,-0.0,0.0325,0.0025,0.7967,0,0
10/09/2024 17:00:00,2.0608,0.5279,1.287,0.018,2.6435,0.0125,0.0146,0.0311,0.0264,0.0089,0.8286,0.5252,0.0079,-0.0,0.0353,0.0025,0.7874,0,0
10/09/2024 18:00:00,2.2333,0.4493,1.5518,0.0185,2.1801,0.9923,0.015,0.0395,0.0268,0.0088,0.7222,0.4461,0.0085,-0.0,0.0277,0.0025,0.6763,0,0
10/09/2024 19:00:00,0.2297,0.0056,0.0251,0.0171,0.008,0.0126,0.0145,0.0577,0.0266,0.0085,0.1922,0.0003,0.0084,-0.0,0.0184,0.0025,0.0,0,0
10/09/2024 20:00:00,0.2305,0.0053,0.025,0.0172,0.0082,0.0127,0.0147,0.0591,0.0268,0.0085,0.1921,0.0002,0.0087,-0.0,0.0187,0.0025,0.0,0,0
10/09/2024 21:00:00,0.2309,0.0054,0.0248,0.0172,0.0081,0.0127,0.0147,0.0597,0.0268,0.0085,0.1923,0.0002,0.0084,-0.0,0.0188,0.0025,0.0,0,0
10/09/2024 22:00:00,0.2312,0.0053,0.0248,0.017,0.0078,0.0125,0.0145,0.0599,0.0265,0.0085,0.1924,0.0002,0.008,-0.0,0.0183,0.0025,0.0,0,0
10/09/2024 23:00:00,0.2312,0.0054,0.0249,0.0172,0.008,0.0126,0.0146,0.0598,0.0267,0.0085,0.1926,0.0002,0.0079,-0.0,0.0184,0.0025,0.0,0,0
10/10/2024 00:00:00,0.232,0.0055,0.0249,0.0173,0.0082,0.0127,0.0148,0.0605,0.0269,0.0086,0.193,0.0002,0.0083,-0.0,0.0188,0.0025,0.0,0,0
10/10/2024 01:00:00,0.2318,0.0056,0.0249,0.0173,0.0083,0.0128,0.0148,0.0604,0.027,0.0086,0.1929,0.0002,0.0082,-0.0,0.0189,0.0025,0.0,0,0
10/10/2024 02:00:00,0.2318,0.0055,0.0249,0.0174,0.0083,0.0128,0.0148,0.0604,0.0271,0.0086,0.193,0.0002,0.0083,-0.0,0.019,0.0025,0.0,0,0
10/10/2024 03:00:00,0.2324,0.0054,0.0249,0.0174,0.0082,0.0129,0.0149,0.0609,0.0273,0.0086,0.1933,0.0002,0.0083,-0.0,0.0191,0.0025,0.0,0,0
10/10/2024 04:00:00,0.232,0.0055,0.0249,0.0175,0.0084,0.0128,0.0149,0.0606,0.0273,0.0086,0.1932,0.0002,0.0082,-0.0,0.0191,0.0025,0.0,0,0
10/10/2024 05:00:00,0.2227,0.0055,0.025,0.0173,0.0083,0.0128,0.0149,0.052,0.0271,0.0086,0.1933,0.0002,0.0082,-0.0,0.0187,0.0025,0.0,0,0
10/10/2024 06:00:00,0.161,0.0054,0.025,0.0172,0.0081,0.0128,0.015,0.0323,0.027,0.0087,0.1544,0.0002,0.0079,-0.0,0.0185,0.0025,0.0,0,0
10/10/2024 07:00:00,1.045,1.6338,2.2019,0.0158,0.0089,2.0772,2.5335,0.0324,0.0271,0.0082,0.018,0.3637,0.4589,-0.0,0.0185,0.0025,0.0,0,0
10/10/2024 08:00:00,1.3709,2.1757,3.0846,0.0149,0.0091,2.7406,3.3253,0.0321,0.0269,0.0079,0.0169,0.5081,0.7883,-0.0,0.0179,0.0025,0.0,0,0
10/10/2024 09:00:00,1.3871,2.1315,2.864,0.0155,0.0087,2.8156,3.4332,0.0319,0.0268,0.0081,0.0174,0.4094,0.481,-0.0,0.0179,0.0025,0.0,0,0
10/10/2024 10:00:00,2.2385,2.3784,2.7758,0.7002,0.7355,2.8571,3.4799,0.0317,0.0267,0.0084,0.1857,0.2982,0.0211,-0.0,0.0366,0.0025,0.1475,0,0
10/10/2024 11:00:00,4.6437,2.3056,3.1311,2.6122,2.7566,2.9266,1.0022,0.0318,0.0267,0.0086,0.6342,0.5347,0.0542,-0.0,0.0894,0.0025,0.5399,0,0
10/10/2024 12:00:00,4.7504,1.801,2.9009,2.628,2.7736,3.0662,0.0157,0.0317,0.0267,0.0085,0.6447,0.5195,0.0306,-0.0,0.1059,0.0025,0.5339,0,0
10/10/2024 13:00:00,3.3147,1.7956,1.4484,2.6375,2.7834,0.1847,0.0149,0.0316,0.0262,0.0087,0.5826,0.5093,0.0073,-0.0,0.0544,0.0025,0.5257,0,0
10/10/2024 14:00:00,1.3746,1.095,1.2352,0.7323,0.7653,0.9888,1.2017,0.0313,0.0257,0.0084,0.1648,0.1422,0.0078,-0.0,0.019,0.0025,0.1465,0,0
10/10/2024 15:00:00,0.2992,0.3511,0.5091,0.0164,0.0078,0.5735,0.7013,0.0313,0.026,0.0083,0.0193,0.0002,0.008,-0.0,0.0188,0.0025,0.0,0,0
10/10/2024 16:00:00,3.235,1.6941,1.2194,2.2989,2.4183,0.0114,0.0148,0.0315,0.033,0.0439,0.9241,0.5585,0.0075,-0.0,0.2063,0.0025,0.7138,0,0
10/10/2024 17:00:00,3.474,1.9536,1.3268,2.5526,2.68,0.0116,0.0149,0.0316,0.0327,0.0291,0.9083,0.6963,0.0077,-0.0,0.112,0.0025,0.7901,0,0
10/10/2024 18:00:00,3.3416,1.7285,1.597,2.4824,2.6063,0.0108,0.0148,0.0389,0.026,0.0087,0.8393,0.5168,0.3436,-0.0,0.0298,0.0025,0.7844,0,0
10/10/2024 19:00:00,3.4837,1.6263,1.2332,2.4008,2.521,0.011,0.0144,0.0568,0.0264,0.0129,1.0494,0.4551,0.0084,-0.0,0.0786,0.0025,0.7831,0,0
10/10/2024 20:00:00,3.3922,1.6718,1.2653,2.3778,2.4935,0.0111,0.0148,0.0583,0.0262,0.0568,0.9795,0.5121,0.0082,-0.0,0.0211,0.0025,0.7793,0,0
10/10/2024 21:00:00,0.9257,0.3728,0.2835,0.5347,0.5536,0.0121,0.0144,0.058,0.0263,0.0085,0.3665,0.1139,0.0081,-0.0,0.0209,0.0025,0.1733,0,0
10/10/2024 22:00:00,0.2308,0.0061,0.0251,0.017,0.0076,0.0123,0.0144,0.0589,0.026,0.0084,0.1925,0.0002,0.0078,-0.0,0.0209,0.0025,0.0,0,0
10/10/2024 23:00:00,0.2316,0.0061,0.0252,0.0169,0.0075,0.0123,0.0144,0.0591,0.026,0.0084,0.193,0.0002,0.0077,-0.0,0.0207,0.0025,0.0,0,0
10/11/2024 00:00:00,0.2315,0.0062,0.0252,0.0171,0.0077,0.0125,0.0145,0.0592,0.0261,0.0085,0.193,0.0002,0.0078,-0.0,0.0209,0.0025,0.0,0,0
10/11/2024 01:00:00,0.2316,0.0062,0.0253,0.0171,0.0076,0.0124,0.0145,0.0595,0.0263,0.0085,0.193,0.0002,0.0078,-0.0,0.0211,0.1528,0.0,0,0
10/11/2024 02:00:00,0.2312,0.0061,0.0253,0.0172,0.0077,0.0125,0.0146,0.0594,0.0265,0.0085,0.1929,0.0002,0.0081,-0.0,0.0213,0.1552,0.0,0,0
10/11/2024 03:00:00,0.2317,0.0062,0.0253,0.0173,0.008,0.0126,0.0147,0.0593,0.0266,0.0085,0.1935,0.0002,0.0083,-0.0,0.0215,0.1641,0.0,0,0
10/11/2024 04:00:00,0.232,0.0063,0.0252,0.0173,0.0078,0.0127,0.0147,0.0595,0.0268,0.0086,0.1938,0.0002,0.0084,-0.0,0.0217,0.1680,0.0,0,0
10/11/2024 05:00:00,0.2224,0.0063,0.0253,0.0173,0.0081,0.0126,0.0148,0.0507,0.0268,0.0086,0.1941,0.0002,0.0084,-0.0,0.0216,0.1721,0.0,0,0
10/11/2024 06:00:00,0.1513,0.0062,0.0253,0.0172,0.0081,0.0127,0.015,0.0322,0.0268,0.0086,0.1458,0.0002,0.0083,-0.0,0.0214,0.1272,0.0,0,0
10/11/2024 07:00:00,0.9485,1.1431,1.5683,0.0165,0.0077,1.8822,2.2787,0.0319,0.0265,0.0084,0.021,0.0001,0.0078,-0.0,0.0207,0.0000,0.0,0,0
10/11/2024 08:00:00,1.4912,1.6828,2.3021,0.1152,0.112,2.7104,3.1786,0.0319,0.0266,0.0084,0.0524,0.0401,0.0176,-0.0,0.0208,0.0001,0.0314,0,0
10/11/2024 09:00:00,3.0064,1.5502,2.5763,1.2182,1.278,2.8232,1.9178,0.0318,0.0266,0.0086,0.3995,0.0006,0.0166,-0.0,0.02,0.0008,0.3821,0,0
10/11/2024 10:00:00,2.9316,-0.3813,1.7017,0.4091,0.422,2.9666,0.015,0.0312,0.0267,0.0089,0.7349,0.0003,0.009,-0.0,0.0193,0.0008,0.7206,0,0
10/11/2024 11:00:00,4.9512,1.6848,2.881,2.6229,2.7606,3.0433,0.0152,0.0309,0.0246,0.0087,0.848,0.4029,0.0236,-0.0,0.0467,0.0008,0.7972,0,0
10/11/2024 12:00:00,4.9341,1.4723,2.9036,2.6583,2.7874,3.0734,0.015,0.0303,0.0243,0.0091,0.807,0.2394,0.0144,-0.0735,0.0237,0.0008,0.7938,0,0
10/11/2024 13:00:00,3.5524,1.9054,1.4637,2.6737,2.8211,0.1412,0.0149,0.0313,0.0245,0.0165,0.8088,0.5995,0.0072,-0.0028,0.0397,0.0008,0.7649,0,0
10/11/2024 14:00:00,3.7403,2.1795,2.0939,2.6756,2.8182,0.8349,0.9816,0.0314,0.0245,0.0095,0.7803,0.5202,0.0071,-0.2602,0.0282,0.0008,0.7515,0,0
10/11/2024 15:00:00,3.7967,1.8061,2.4516,2.6511,2.7893,1.4317,1.225,0.0312,0.0244,0.0127,0.6714,0.452,0.0092,-1.2204,0.2484,0.0008,0.7622,0,0
10/11/2024 16:00:00,3.8775,1.3205,2.3149,2.6106,2.7261,1.8777,0.1108,0.0309,0.024,0.0086,0.4675,0.2719,0.0197,-1.0259,0.0319,0.0008,0.778,0,0
10/11/2024 17:00:00,3.7743,2.2183,2.3037,2.5788,2.6854,1.1407,1.365,0.031,0.024,0.0087,0.6508,0.3051,0.0075,-0.4258,0.0518,0.0008,0.7371,0,0
10/11/2024 18:00:00,3.6247,1.938,1.7092,2.4894,2.5912,0.5017,0.608,0.0433,0.0301,0.0122,0.886,0.4143,0.0079,-0.132,0.0461,0.0008,0.7774,0,0
10/11/2024 19:00:00,2.4708,1.0395,0.8816,1.689,1.7668,0.0086,0.0117,0.0473,0.0421,0.0148,0.7588,0.1877,0.007,-0.0314,0.0231,0.0008,0.59,0,0
10/11/2024 20:00:00,0.1892,0.0164,0.0221,0.0148,0.0065,0.0106,0.0126,0.0515,0.0217,0.0074,0.1549,0.022,0.0073,-0.0325,0.0,0.0008,0.0,0,0
10/11/2024 21:00:00,0.2127,0.0195,0.0248,0.0166,0.0075,0.012,0.0142,0.0585,0.0243,0.0083,0.1739,0.0255,0.0083,-0.0365,0.0,0.0008,0.0,0,0
10/11/2024 22:00:00,0.2135,0.0186,0.0248,0.0166,0.0074,0.012,0.0141,0.0587,0.0242,0.0083,0.1744,0.0246,0.0081,-0.0363,0.0,0.0008,0.0,0,0
10/11/2024 23:00:00,0.2127,0.0163,0.0251,0.0169,0.0077,0.012,0.0145,0.059,0.026,0.0084,0.1734,0.0251,0.008,-0.0371,0.0,0.0008,0.0,0,0
10/12/2024 00:00:00,0.2128,0.0164,0.0251,0.017,0.0076,0.0121,0.0146,0.0593,0.0262,0.0084,0.1734,0.0252,0.0082,-0.0374,0.0,0.0008,0.0,0,0
10/12/2024 01:00:00,0.2125,0.0165,0.0252,0.0171,0.0077,0.0123,0.0146,0.0596,0.0264,0.0085,0.1731,0.0255,0.0083,-0.0377,0.0,0.0008,0.0,0,0
10/12/2024 02:00:00,0.213,0.0166,0.0252,0.0171,0.008,0.0123,0.0147,0.0601,0.0266,0.0085,0.1733,0.0257,0.0086,-0.0379,0.0,0.0008,0.0,0,0
10/12/2024 03:00:00,0.2121,0.0166,0.0252,0.0172,0.0081,0.0124,0.0147,0.0591,0.0268,0.0086,0.1735,0.0258,0.0087,-0.0381,0.0,0.0008,0.0,0,0
10/12/2024 04:00:00,0.213,0.0167,0.0252,0.0172,0.0082,0.0124,0.0148,0.0598,0.0269,0.0086,0.1738,0.0258,0.0087,-0.0382,0.0,0.0008,0.0,0,0
10/12/2024 05:00:00,0.2137,0.0166,0.0252,0.0172,0.0081,0.0124,0.0148,0.0605,0.0269,0.0086,0.1739,0.0258,0.0086,-0.0381,0.0,0.0008,0.0,0,0
10/12/2024 06:00:00,0.1635,0.0166,0.0252,0.0171,0.0081,0.0123,0.0148,0.06,0.0269,0.0085,0.1311,0.0257,0.0086,-0.038,0.0,0.0008,0.0,0,0
10/12/2024 07:00:00,-0.0077,-0.0819,0.0252,0.0169,0.0083,0.0126,0.015,0.0405,0.027,0.0085,0.0968,0.0952,0.0084,-0.195,0.0,0.0008,0.0,0,0
10/12/2024 08:00:00,-0.2514,-0.316,0.0243,0.0171,0.0088,0.013,0.0152,0.148,0.2218,0.3032,0.5922,0.324,0.0084,-0.6495,0.0,0.0008,0.0,0,0
10/12/2024 09:00:00,-0.5093,-0.5692,0.0235,0.017,0.0091,0.0131,0.0151,0.0323,0.0272,0.0084,0.5836,0.5789,0.0079,-1.1582,0.0,0.0008,0.0,0,0
10/12/2024 10:00:00,-0.6824,-0.7398,0.023,0.017,0.0092,0.0131,0.015,0.032,0.0271,0.0084,0.7568,0.75,0.0077,-1.4997,0.0,0.0008,0.0,0,0
10/12/2024 11:00:00,-0.7892,-0.8449,0.0226,0.017,0.0093,0.0132,0.015,0.0321,0.0272,0.0084,0.8635,0.8554,0.0076,-1.71,0.0,0.0008,0.0,0,0
10/12/2024 12:00:00,-0.8445,-0.8996,0.0225,0.017,0.0094,0.0133,0.015,0.032,0.0271,0.0084,0.9189,0.9103,0.0076,-1.8195,0.0,0.0008,0.0,0,0
10/12/2024 13:00:00,-0.8403,-0.8948,0.0225,0.0169,0.0094,0.0133,0.015,0.032,0.027,0.0084,0.9141,0.9055,0.0075,-1.8099,0.0,0.0008,0.0,0,0
10/12/2024 14:00:00,-0.77,-0.8241,0.0228,0.0169,0.0093,0.0132,0.015,0.0321,0.027,0.0084,0.8424,0.8345,0.0076,-1.6682,0.0,0.0008,0.0,0,0
10/12/2024 15:00:00,-0.6383,-0.694,0.0231,0.0169,0.0092,0.0131,0.0149,0.032,0.0269,0.0084,0.7103,0.7041,0.0077,-1.4079,0.0,0.0008,0.0,0,0
10/12/2024 16:00:00,-0.3837,-0.4446,0.0239,0.0168,0.0088,0.0128,0.0148,0.0319,0.0265,0.0083,0.4566,0.4533,0.0077,-0.9075,0.0,0.0008,0.0,0,0
10/12/2024 17:00:00,-0.102,-0.1712,0.0248,0.0167,0.0081,0.0124,0.0148,0.0318,0.0263,0.0083,0.1868,0.1836,0.0078,-0.3729,0.0,0.0008,0.0,0,0
10/12/2024 18:00:00,0.1007,-0.0238,0.0253,0.0168,0.0079,0.0123,0.0146,0.0571,0.0263,0.0083,0.0888,0.0592,0.0078,-0.1307,0.0,0.0393,0.0,0,0
10/12/2024 19:00:00,0.2106,0.0164,0.0251,0.017,0.0074,0.0121,0.0145,0.0582,0.0263,0.0084,0.172,0.0252,0.0082,-0.0373,0.0,0.1334,0.0,0,0
10/12/2024 20:00:00,0.212,0.0164,0.025,0.017,0.0076,0.0122,0.0145,0.0591,0.0264,0.0084,0.1726,0.0253,0.0084,-0.0375,0.0,0.1368,0.0,0,0
10/12/2024 21:00:00,0.2127,0.0166,0.0251,0.0172,0.0077,0.0124,0.0147,0.0594,0.0266,0.0085,0.1734,0.0255,0.0085,-0.0378,0.0,0.1382,0.0,0,0
10/12/2024 22:00:00,0.2129,0.0166,0.0251,0.0171,0.008,0.0124,0.0147,0.0596,0.0266,0.0084,0.1734,0.0256,0.0087,-0.0378,0.0,0.1281,0.0,0,0
10/12/2024 23:00:00,0.2129,0.0167,0.0251,0.0172,0.008,0.0124,0.0147,0.0599,0.0267,0.0085,0.1734,0.0257,0.0088,-0.038,0.0,0.1345,0.0,0,0
10/13/2024 00:00:00,0.2132,0.0166,0.0252,0.0172,0.008,0.0124,0.0147,0.0599,0.0267,0.0085,0.1737,0.0258,0.0088,-0.0381,0.0,0.1373,0.0,0,0
10/13/2024 01:00:00,0.2135,0.0167,0.0252,0.0172,0.0079,0.0124,0.0147,0.0604,0.0268,0.0085,0.1738,0.0258,0.0087,-0.0382,0.0,0.1391,0.0,0,0
10/13/2024 02:00:00,0.2135,0.0168,0.0253,0.0173,0.0081,0.0124,0.0148,0.0607,0.027,0.0085,0.1737,0.026,0.0089,-0.0384,0.0,0.1385,0.0,0,0
10/13/2024 03:00:00,0.2135,0.0168,0.0252,0.0174,0.0082,0.0125,0.0149,0.061,0.0272,0.0086,0.1736,0.0261,0.0091,-0.0386,0.0,0.1386,0.0,0,0
10/13/2024 04:00:00,0.2134,0.0168,0.0252,0.0175,0.0083,0.0125,0.015,0.0608,0.0273,0.0086,0.1738,0.0262,0.0092,-0.0388,0.0,0.1391,0.0,0,0
10/13/2024 05:00:00,0.2135,0.0169,0.0252,0.0174,0.0085,0.0126,0.015,0.0607,0.0273,0.0086,0.174,0.0262,0.0092,-0.0388,0.0,0.1403,0.0,0,0
10/13/2024 06:00:00,0.1431,0.0169,0.0252,0.0174,0.0084,0.0126,0.0151,0.0408,0.0273,0.0086,0.1329,0.0262,0.0091,-0.0387,0.0,0.1080,0.0,0,0
10/13/2024 07:00:00,-0.0164,-0.0811,0.0252,0.2852,0.315,0.0128,0.0152,0.0328,0.0272,0.0085,0.0962,0.0945,0.0087,-0.1937,0.0,0.0166,0.0,0,0
10/13/2024 08:00:00,-0.2553,-0.3197,0.0245,0.0172,0.0086,0.0129,0.0152,0.0327,0.0274,0.0085,0.3294,0.3277,0.0084,-0.6569,0.0,0.0168,0.0,0,0
10/13/2024 09:00:00,-0.5074,-0.5676,0.0236,0.0171,0.009,0.0131,0.0151,0.0324,0.0273,0.0084,0.5819,0.5772,0.0081,-1.1547,0.0,0.0143,0.0,0,0
10/13/2024 10:00:00,-0.6842,-0.7423,0.023,0.017,0.0092,0.0132,0.0151,0.0323,0.0272,0.0084,0.7593,0.7526,0.0079,-1.5046,0.0,0.0147,0.0,0,0
10/13/2024 11:00:00,-0.7943,-0.8496,0.0227,0.017,0.0093,0.0132,0.015,0.0322,0.0272,0.0084,0.8682,0.8601,0.0076,-1.7192,0.0,0.0145,0.0,0,0
10/13/2024 12:00:00,-0.848,-0.9023,0.0225,0.0169,0.0093,0.0133,0.0149,0.032,0.0271,0.0084,0.9217,0.913,0.0076,-1.8249,0.0,0.0146,0.0,0,0
10/13/2024 13:00:00,-0.8404,-0.8939,0.0226,0.0168,0.0089,0.0132,0.0149,0.0319,0.0269,0.0083,0.9131,0.9046,0.0074,-1.8079,0.0,0.0146,0.0,0,0
10/13/2024 14:00:00,-0.771,-0.8246,0.0229,0.0167,0.0086,0.013,0.0148,0.0317,0.0266,0.0083,0.8429,0.835,0.0071,-1.669,0.0,0.0146,0.0,0,0
10/13/2024 15:00:00,-0.6399,-0.6954,0.0233,0.0166,0.0086,0.0128,0.0147,0.0315,0.0263,0.0083,0.7116,0.7053,0.0072,-1.4102,0.0,0.0151,0.0,0,0
10/13/2024 16:00:00,-0.437,-0.4967,0.024,0.0166,0.0082,0.0127,0.0146,0.0315,0.0261,0.0083,0.5096,0.5056,0.0073,-1.0119,0.0,0.0144,0.0,0,0
10/13/2024 17:00:00,-0.0869,-0.1802,0.0249,0.0164,0.0076,0.0122,0.0144,0.053,0.0259,0.0082,0.188,0.1869,0.007,-0.3763,0.0,0.0144,0.0,0,0
10/13/2024 18:00:00,0.101,-0.0262,0.0253,0.0165,0.0076,0.012,0.0144,0.0573,0.0259,0.0082,0.0908,0.0593,0.0073,-0.1307,0.0,0.0351,0.0,0,0
10/13/2024 19:00:00,0.2097,0.0161,0.0252,0.0168,0.007,0.0118,0.0142,0.0572,0.0258,0.0083,0.1718,0.0247,0.0078,-0.0366,0.0,0.1392,0.0,0,0
10/13/2024 20:00:00,0.2116,0.0167,0.0252,0.0167,0.0071,0.0118,0.0142,0.058,0.0254,0.0083,0.173,0.0247,0.0078,-0.0365,0.0,0.1419,0.0,0,0
10/13/2024 21:00:00,0.2117,0.0189,0.0252,0.0167,0.0069,0.0119,0.0142,0.0582,0.0242,0.0083,0.173,0.0247,0.0077,-0.0365,0.0,0.1430,0.0,0,0
10/13/2024 22:00:00,0.2117,0.019,0.0253,0.0168,0.0071,0.0118,0.0143,0.0582,0.0243,0.0084,0.173,0.0248,0.0078,-0.0367,0.0,0.1428,0.0,0,0
10/13/2024 23:00:00,0.2117,0.0192,0.0253,0.0168,0.0072,0.0119,0.0144,0.0585,0.0245,0.0084,0.1732,0.0251,0.0081,-0.037,0.0,0.1430,0.0,0,0
10/14/2024 00:00:00,0.2122,0.0165,0.0253,0.017,0.0072,0.0121,0.0146,0.0591,0.0262,0.0084,0.1732,0.0252,0.0081,-0.0373,0.0,0.1412,0.0,0,0
10/14/2024 01:00:00,0.2129,0.0165,0.0253,0.0171,0.0076,0.0121,0.0146,0.0595,0.0264,0.0085,0.1736,0.0254,0.0083,-0.0376,0.0,0.1446,0.0,0,0
10/14/2024 02:00:00,0.2125,0.0166,0.0252,0.0171,0.0078,0.0123,0.0147,0.0597,0.0267,0.0085,0.1734,0.0257,0.0086,-0.0379,0.0,0.1442,0.0,0,0
10/14/2024 03:00:00,0.2135,0.0167,0.0252,0.0173,0.008,0.0124,0.0148,0.0606,0.027,0.0085,0.1736,0.0259,0.0089,-0.0383,0.0,0.1473,0.0,0,0
10/14/2024 04:00:00,0.213,0.0167,0.0252,0.0173,0.008,0.0125,0.0148,0.0601,0.027,0.0085,0.1738,0.0259,0.0089,-0.0383,0.0,0.1495,0.0,0,0
10/14/2024 05:00:00,0.2006,0.0165,0.0253,0.0172,0.0078,0.0122,0.0148,0.0485,0.0268,0.0086,0.1741,0.0257,0.0085,-0.038,0.0,0.1494,0.0,0,0
10/14/2024 06:00:00,0.1368,0.0164,0.0253,0.017,0.0078,0.0123,0.0149,0.0322,0.0267,0.0086,0.1349,0.0256,0.0084,-0.0378,0.0,0.1146,0.0,0,0
10/14/2024 07:00:00,1.0753,1.2625,1.788,0.0165,0.0076,2.1474,2.617,0.0322,0.0267,0.0084,0.0651,0.0626,0.014,-0.1306,0.0,0.0026,0.0,0,0
10/14/2024 08:00:00,0.978,1.1921,1.9982,0.014,0.0066,2.34,2.8556,0.0277,0.0232,0.0072,0.2417,0.2409,0.0579,-0.4834,0.0,0.0001,0.0,0,0
10/14/2024 09:00:00,0.9993,0.7276,2.5269,0.0156,0.0099,2.821,1.5828,0.0317,0.0267,0.0078,0.4671,0.3376,0.7062,-0.9289,0.0,0.0000,0.0,0,0
10/14/2024 10:00:00,0.7978,-0.1832,2.3229,0.0159,0.0114,2.9565,0.0158,0.0315,0.0267,0.0077,0.7352,0.4518,0.8657,-1.4574,0.0,0.0000,0.0,0,0
10/14/2024 11:00:00,0.8611,0.8655,2.7614,0.0524,0.0485,3.0352,2.6484,0.0312,0.0263,0.008,0.7571,0.6156,0.448,-1.4932,0.0,0.0033,0.0091,0,0
10/14/2024 12:00:00,2.4033,1.8898,3.3213,1.1023,1.1658,3.1114,3.7614,0.0313,0.0261,0.0095,0.6456,0.5332,0.083,-1.0687,0.0,0.0025,0.2683,0,0
10/14/2024 13:00:00,4.5507,2.8928,3.3617,2.6567,2.8069,2.2893,2.7625,0.0478,0.0268,0.0097,0.7356,0.2073,0.0413,-0.0,0.0124,0.0025,0.717,0,0
10/14/2024 14:00:00,4.3493,2.7909,2.8286,2.6296,2.7776,1.703,2.0608,0.0329,0.0367,0.0089,0.8592,0.4608,0.0181,-0.0,0.0519,0.0025,0.8017,0,0
10/14/2024 15:00:00,3.8207,2.0348,1.9459,2.63,2.776,0.6893,0.845,0.0315,0.0259,0.0088,0.8255,0.3335,0.0182,-0.0,0.0282,0.0025,0.7935,0,0
10/14/2024 16:00:00,3.5469,1.7939,1.374,2.6153,2.7512,0.0476,0.0599,0.0298,0.0663,0.0096,0.8932,0.4422,0.0203,-0.0,0.095,0.0025,0.7925,0,0
10/14/2024 17:00:00,3.9731,2.5419,2.3947,2.5655,2.6922,1.179,1.4291,0.0291,0.0265,0.0173,0.8155,0.5719,0.0684,-0.0,0.0268,0.0025,0.7856,0,0
10/14/2024 18:00:00,4.8533,3.6397,3.6856,2.4935,2.6085,2.605,3.1734,0.044,0.0295,0.0086,1.0484,0.8236,0.1894,-0.1122,0.199,0.0025,0.7856,0,0
10/14/2024 19:00:00,2.3801,1.1434,0.8341,1.5995,1.6748,0.0114,0.0144,0.0553,0.0268,0.0087,0.7528,0.3627,0.0191,-0.0368,0.0207,0.0025,0.5668,0,0
10/14/2024 20:00:00,0.2158,0.0223,0.0348,0.0169,0.0073,0.0122,0.0144,0.0552,0.0268,0.0083,0.1811,0.0249,0.0192,-0.032,0.0208,0.0025,0.0,0,0
10/14/2024 21:00:00,0.2168,0.0225,0.0348,0.0169,0.0072,0.0123,0.0145,0.0562,0.027,0.0083,0.1814,0.025,0.0192,-0.0312,0.0211,0.0025,0.0,0,0
10/14/2024 22:00:00,0.2175,0.0225,0.0347,0.0169,0.0073,0.0123,0.0144,0.0567,0.027,0.0084,0.1818,0.025,0.0191,-0.0319,0.021,0.0025,0.0,0,0
10/14/2024 23:00:00,0.2173,0.022,0.0349,0.017,0.0076,0.0123,0.0145,0.0568,0.3159,0.2423,0.4037,0.0252,0.0192,-0.033,0.0215,0.0025,0.0,0,0
10/15/2024 00:00:00,0.2174,0.0199,0.0349,0.0171,0.0078,0.0125,0.0146,0.0568,0.0291,0.0084,0.182,0.0255,0.0193,-0.0331,0.0218,0.0025,0.0,0,0
10/15/2024 01:00:00,0.2172,0.0198,0.0402,0.0171,0.0076,0.0124,0.0146,0.0569,0.0291,0.0084,0.1817,0.0255,0.0278,-0.0331,0.0191,0.0025,0.0,0,0
10/15/2024 02:00:00,0.2174,0.0199,0.0388,0.0171,0.0077,0.0124,0.0147,0.057,0.0292,0.0085,0.1819,0.0256,0.0256,-0.0338,0.0187,0.0025,0.0,0,0
10/15/2024 03:00:00,0.218,0.0201,0.0358,0.0174,0.0082,0.0127,0.0149,0.0578,0.0297,0.0086,0.182,0.0261,0.0206,-0.0356,0.0194,0.0025,0.0,0,0
10/15/2024 04:00:00,0.2184,0.0201,0.035,0.0174,0.0082,0.0127,0.0149,0.0581,0.0299,0.0086,0.1824,0.0261,0.0192,-0.0356,0.0195,0.0025,0.0,0,0
10/15/2024 05:00:00,0.219,0.0201,0.035,0.0175,0.0083,0.0127,0.0149,0.0584,0.0299,0.0085,0.1828,0.0262,0.0192,-0.0362,0.0195,0.0025,0.0,0,0
10/15/2024 06:00:00,0.1518,0.02,0.0351,0.0173,0.0082,0.0126,0.0151,0.0335,0.0297,0.0086,0.1425,0.0259,0.0192,-0.0355,0.019,0.0025,0.0,0,0
10/15/2024 07:00:00,1.0759,1.2654,1.8278,0.0166,0.0072,2.1689,2.6566,0.0298,0.0293,0.0083,0.0899,0.078,0.0196,-0.1605,0.0181,0.0025,0.0,0,0
10/15/2024 08:00:00,1.2352,0.0965,1.5323,0.0174,0.0095,2.7311,0.5748,0.0293,0.0291,0.0082,0.2033,0.1946,0.0204,-0.3916,0.0178,0.0025,0.0,0,0
10/15/2024 09:00:00,1.1017,-0.0133,2.1086,0.0709,0.0689,2.8533,0.0156,0.0291,0.0292,0.0078,0.4615,0.2944,0.6701,-0.91,0.019,0.0025,0.0156,0,0
10/15/2024 10:00:00,2.3252,0.6673,2.948,1.0778,1.1382,2.977,0.056,0.0292,0.0327,0.0078,0.5375,0.4004,0.9259,-1.2296,0.0492,0.0025,0.3031,0,0
10/15/2024 11:00:00,4.1784,2.0104,4.035,2.6222,2.7666,3.0805,1.0569,0.0293,0.0306,0.0081,0.4715,0.5072,0.8748,-1.6153,0.0711,0.0025,0.7464,0,0
10/15/2024 12:00:00,4.1787,3.2725,4.6894,2.641,2.7882,3.0762,3.6496,0.0292,0.0288,0.0082,0.5029,0.5395,0.753,-1.6567,0.0494,0.0025,0.7728,0,0
10/15/2024 13:00:00,4.6112,3.43,3.8622,2.6519,2.7995,2.8718,3.4142,0.0292,0.03,0.0098,0.7449,0.6344,0.0801,-0.6067,0.063,0.0025,0.7825,0,0
10/15/2024 14:00:00,4.5845,3.0521,3.0495,2.6476,2.7988,1.9765,2.3493,0.0294,0.0337,0.0138,0.9708,0.5749,0.0151,-0.0,0.1744,0.0025,0.7921,0,0
10/15/2024 15:00:00,3.9537,2.3564,2.2055,2.6263,2.7735,1.0091,1.2202,0.0293,0.0319,0.0111,0.8166,0.4579,0.0007,-0.0,0.0324,0.0025,0.7842,0,0
10/15/2024 16:00:00,3.4696,1.534,1.3487,2.6041,2.7493,0.0103,0.0148,0.0293,0.0344,0.0183,0.849,0.2468,0.0016,-0.0,0.059,0.0025,0.7842,0,0
10/15/2024 17:00:00,4.3943,3.3539,3.3427,2.5637,2.6943,2.3097,2.8003,0.0294,0.0323,0.0085,0.6852,0.6883,0.0479,-0.0,0.0284,0.0025,0.6551,0,0
10/15/2024 18:00:00,1.8926,2.2217,2.7417,0.2803,0.2858,2.8446,3.4866,0.0389,0.0275,0.0081,0.2081,0.3365,0.1814,-0.0,0.02,0.0025,0.1549,0,0
10/15/2024 19:00:00,0.464,0.6824,0.283,0.0176,0.0085,0.2948,0.3594,0.0542,0.0272,0.0083,0.2912,0.5009,0.032,-0.0,0.0205,0.0025,0.1009,0,0
10/15/2024 20:00:00,0.2234,0.0115,0.0243,0.0169,0.0072,0.0122,0.0144,0.0552,0.0275,0.0083,0.1895,0.0,0.0007,-0.0,0.0209,0.0025,0.0,0,0
10/15/2024 21:00:00,0.2247,0.0097,0.0243,0.017,0.0075,0.0122,0.0145,0.0565,0.0287,0.0083,0.1899,0.0,0.0007,-0.0,0.0213,0.0025,0.0,0,0
10/15/2024 22:00:00,0.2253,0.0097,0.0243,0.017,0.0074,0.0122,0.0145,0.0565,0.0286,0.0083,0.1904,0.0,0.0006,-0.0,0.0212,0.0025,0.0,0,0
10/15/2024 23:00:00,0.2259,0.0098,0.0243,0.0171,0.0075,0.0123,0.0146,0.0566,0.029,0.0084,0.1911,0.0,0.0009,-0.0,0.0215,0.0025,0.0,0,0
10/16/2024 00:00:00,0.227,0.0098,0.0243,0.0172,0.0078,0.0124,0.0147,0.0574,0.0291,0.0084,0.1915,0.0,0.0008,-0.0,0.0218,0.0025,0.0,0,0
10/16/2024 01:00:00,0.2271,0.0099,0.0243,0.0173,0.0078,0.0124,0.0148,0.0577,0.0293,0.0084,0.1915,0.0,0.0008,-0.0,0.0204,0.0025,0.0,0,0
10/16/2024 02:00:00,0.2266,0.0098,0.0244,0.0172,0.0076,0.0124,0.0147,0.0571,0.0293,0.0084,0.1915,0.0,0.0008,-0.0,0.0187,0.0025,0.0,0,0
10/16/2024 03:00:00,0.2271,0.0098,0.0244,0.0172,0.0076,0.0124,0.0147,0.0574,0.0293,0.0084,0.1917,0.0,0.0009,-0.0,0.0186,0.0025,0.0,0,0
10/16/2024 04:00:00,0.2272,0.0098,0.0244,0.0172,0.0076,0.0124,0.0147,0.0574,0.0294,0.0085,0.192,0.0,0.0011,-0.0,0.0187,0.0025,0.0,0,0
10/16/2024 05:00:00,0.228,0.0098,0.0244,0.0172,0.0076,0.0124,0.0146,0.0577,0.0294,0.0084,0.1923,0.0,0.001,-0.0,0.0185,0.0025,0.0,0,0
10/16/2024 06:00:00,0.1554,0.0098,0.0244,0.0172,0.0079,0.0126,0.0149,0.0325,0.0294,0.0085,0.1496,0.0,0.001,-0.0,0.0186,0.1359,0.0,0,0
10/16/2024 07:00:00,0.774,0.7034,1.1522,0.0171,0.0081,1.5377,1.3962,0.0301,0.0297,0.0084,0.0193,0.0,0.0018,-0.0,0.0189,0.0000,0.0,0,0
10/16/2024 08:00:00,1.3616,0.1369,1.3938,0.0178,0.0103,2.7195,0.0158,0.0299,0.0296,0.0082,0.019,0.1281,0.0497,-0.0,0.0187,0.0000,0.0,0,0
10/16/2024 09:00:00,1.462,0.2846,1.498,0.0535,0.0486,2.8293,0.0229,0.0296,0.0294,0.0081,0.0303,0.2559,0.0776,-0.0,0.0191,0.0000,0.0109,0,0
10/16/2024 10:00:00,2.741,0.9098,2.0425,0.9758,1.0339,2.9458,0.21,0.0298,0.0294,0.0084,0.3348,0.3357,0.0323,-0.0,0.0392,0.0011,0.2932,0,0
10/16/2024 11:00:00,4.8933,2.6494,3.4065,2.614,2.7831,3.0679,1.8163,0.03,0.0294,0.0088,0.8202,0.5389,0.0174,-0.1501,0.0655,0.0011,0.7859,0,0
10/16/2024 12:00:00,4.6979,1.7088,2.7388,2.4939,2.6536,2.9254,0.0147,0.028,0.0277,0.0084,0.7857,0.4898,0.0039,-0.0,0.0284,0.0011,0.7525,0,0
10/16/2024 13:00:00,4.9835,1.809,2.9064,2.6505,2.817,3.1003,0.0156,0.0298,0.0293,0.0094,0.8278,0.5134,0.0074,-0.0,0.0299,0.0011,0.7937,0,0
10/16/2024 14:00:00,4.9861,1.8087,2.9217,2.6473,2.8196,3.113,0.0158,0.0299,0.0331,0.0253,0.8183,0.5113,0.007,-0.0046,0.0276,0.0011,0.7892,0,0
10/16/2024 15:00:00,3.731,1.8034,1.5842,2.6561,2.824,0.4279,0.02,0.0299,0.029,0.0089,0.8479,0.5027,0.0069,-0.0,0.0809,0.0011,0.7629,0,0
10/16/2024 16:00:00,3.6086,1.8344,1.3511,2.6275,2.7792,0.011,0.0148,0.0297,0.0617,0.009,0.9574,0.511,0.0072,-0.0,0.1701,0.0011,0.7821,0,0
10/16/2024 17:00:00,3.4077,1.7663,1.3136,2.5663,2.7075,0.0111,0.0148,0.0298,0.028,0.0088,0.8209,0.511,0.0078,-0.0,0.0371,0.0011,0.7783,0,0
10/16/2024 18:00:00,1.8318,0.9395,0.697,1.336,1.4066,0.0118,0.0148,0.0343,0.0284,0.0087,0.4897,0.2854,0.0077,-0.0,0.022,0.0011,0.4361,0,0
10/16/2024 19:00:00,0.2485,0.0278,0.0483,0.0315,0.0225,0.0297,0.0357,0.0558,0.0286,0.0084,0.1905,0.0002,0.0086,-0.0,0.018,0.0011,0.0001,0,0
10/16/2024 20:00:00,2.3309,1.6203,2.0321,1.3253,1.3787,1.5895,1.939,0.0551,0.0272,0.0083,0.1964,0.0002,0.0071,-0.0,0.0176,0.0011,0.0057,0,0
10/16/2024 21:00:00,0.2258,0.0099,0.0247,0.5592,0.473,0.0122,0.0146,0.0567,0.0287,0.0084,0.1908,0.0002,0.0067,-0.0,0.0184,0.0011,0.0,0,0
10/16/2024 22:00:00,0.226,0.01,0.0248,0.0171,0.0074,0.0122,0.0145,0.0569,0.0287,0.0084,0.191,0.0002,0.0065,-0.0,0.0184,0.0011,0.0,0,0
10/16/2024 23:00:00,0.2265,0.01,0.0247,0.0171,0.0074,0.0122,0.0146,0.0569,0.0289,0.0085,0.1916,0.0002,0.0065,-0.0,0.0185,0.0011,0.0,0,0
10/17/2024 00:00:00,0.2264,0.01,0.0247,0.0172,0.0076,0.0122,0.0147,0.0569,0.029,0.0084,0.1916,0.0002,0.0067,-0.0,0.0186,0.0011,0.0,0,0
10/17/2024 01:00:00,0.2275,0.01,0.0248,0.0172,0.0077,0.0122,0.0147,0.0577,0.0292,0.0085,0.192,0.0002,0.0067,-0.0,0.0188,0.0011,0.0,0,0
10/17/2024 02:00:00,0.2278,0.0101,0.0248,0.0174,0.0078,0.0124,0.0148,0.0581,0.0295,0.0085,0.1921,0.0002,0.0072,-0.0,0.0191,0.0011,0.0,0,0
10/17/2024 03:00:00,0.2274,0.0101,0.0248,0.0174,0.008,0.0126,0.0149,0.0579,0.0296,0.0086,0.192,0.0002,0.0074,-0.0,0.0192,0.0011,0.0,0,0
10/17/2024 04:00:00,0.2276,0.0101,0.0248,0.0175,0.0083,0.0126,0.0149,0.0581,0.0297,0.0086,0.1921,0.0003,0.0075,-0.0,0.0194,0.0011,0.0,0,0
10/17/2024 05:00:00,0.2169,0.0101,0.0248,0.0175,0.0081,0.0125,0.015,0.0483,0.0298,0.0086,0.1923,0.0003,0.0074,-0.0,0.0194,0.0011,0.0,0,0
10/17/2024 06:00:00,0.1589,0.0101,0.0248,0.0174,0.0081,0.0125,0.0152,0.0302,0.0296,0.0086,0.1556,0.0003,0.0074,-0.0,0.019,0.0011,0.0,0,0
10/17/2024 07:00:00,1.0634,1.4806,1.8026,0.0168,0.008,2.1207,2.6154,0.03,0.0294,0.0084,0.0188,0.1659,0.0328,-0.0,0.0187,0.0011,0.0,0,0
10/17/2024 08:00:00,1.3814,0.7719,1.9668,0.0169,0.01,2.7593,0.8121,0.0299,0.0294,0.008,0.0182,0.3642,0.3926,-0.0,0.0185,0.0011,0.0,0,0
10/17/2024 09:00:00,1.445,0.4339,1.9459,0.0168,0.0106,2.8873,0.0159,0.0296,0.0292,0.0079,0.0174,0.4264,0.5337,-0.0,0.0179,0.0011,0.0,0,0
10/17/2024 10:00:00,0.5258,0.1665,0.4109,0.1621,0.1676,0.6239,0.005,0.0095,0.0092,0.0027,0.0614,0.087,0.02,-0.0,0.0112,0.0011,0.0496,0,0
10/17/2024 11:00:00,0.2861,0.1425,0.1218,0.1988,0.2076,0.034,0.0023,0.0045,0.0042,0.0014,0.0725,0.0448,0.0034,-0.0,0.0096,0.0011,0.0622,0,0
10/17/2024 12:00:00,0.2861,0.1425,0.1218,0.1988,0.2076,0.034,0.0023,0.0045,0.0042,0.0014,0.0725,0.0448,0.0034,-0.0,0.0096,0.0011,0.0622,0,0
10/17/2024 13:00:00,0.2861,0.1425,0.1218,0.1988,0.2076,0.034,0.0023,0.0045,0.0042,0.0014,0.0725,0.0448,0.0034,-0.0,0.0096,0.0011,0.0622,0,0
10/17/2024 14:00:00,0.2861,0.1425,0.1218,0.1988,0.2076,0.034,0.0023,0.0045,0.0042,0.0014,0.0725,0.0448,0.0034,-0.0,0.0096,0.0011,0.0622,0,0
10/17/2024 15:00:00,0.2861,0.1425,0.1218,0.1988,0.2076,0.034,0.0023,0.0045,0.0042,0.0014,0.0725,0.0448,0.0034,-0.0,0.0096,0.0011,0.0622,0,0
10/17/2024 16:00:00,0.2861,0.1425,0.1218,0.1988,0.2076,0.034,0.0023,0.0045,0.0042,0.0014,0.0725,0.0448,0.0034,-0.0,0.0096,0.0011,0.0622,0,0
10/17/2024 17:00:00,3.4926,1.8055,1.3352,2.5774,2.685,0.0108,0.0145,0.0287,0.0261,0.0088,0.9249,0.542,0.0175,-0.0,0.1099,0.0011,0.8088,0,0
10/17/2024 18:00:00,3.5086,1.7655,1.3064,2.5193,2.6285,0.0109,0.0144,0.0469,0.0262,0.0088,0.9791,0.5302,0.0175,-0.0,0.121,0.0011,0.8018,0,0
10/17/2024 19:00:00,3.204,1.5424,1.1347,2.1813,2.2774,0.0109,0.0143,0.0545,0.0263,0.0088,1.0056,0.4724,0.0169,-0.0,0.0982,0.0011,0.721,0,0
10/17/2024 20:00:00,0.2157,0.0107,0.0346,0.0167,0.0068,0.012,0.0143,0.0548,0.0277,0.0082,0.1812,0.0,0.0188,-0.0,0.0,0.0011,0.0,0,0
10/17/2024 21:00:00,0.2174,0.0125,0.0337,0.0166,0.0067,0.012,0.0142,0.0557,0.0266,0.0089,0.1821,0.0,0.0187,-0.0,0.0,0.0011,0.0,0,0
10/17/2024 22:00:00,0.2181,0.0125,0.0333,0.0166,0.0067,0.0121,0.0142,0.0559,0.0267,0.0093,0.1827,0.0,0.0185,-0.0,0.0,0.0011,0.0,0,0
10/17/2024 23:00:00,0.2175,0.0126,0.0333,0.0166,0.0069,0.012,0.0143,0.0555,0.0269,0.0094,0.1828,0.0,0.0187,-0.0,0.0,0.0011,0.0,0,0
10/18/2024 00:00:00,0.2176,0.0125,0.034,0.0168,0.0073,0.0122,0.0144,0.0559,0.0271,0.0088,0.1827,0.0,0.0187,-0.0,0.0,0.0011,0.0,0,0
10/18/2024 01:00:00,0.2188,0.0099,0.0348,0.0171,0.0076,0.0124,0.0146,0.0573,0.0292,0.0084,0.1829,0.0,0.0189,-0.0,0.0,0.0011,0.0,0,0
10/18/2024 02:00:00,0.2184,0.0099,0.0347,0.0171,0.0079,0.0125,0.0148,0.0569,0.0294,0.0084,0.1831,0.0,0.0188,-0.0,0.0,0.0011,0.0,0,0
10/18/2024 03:00:00,0.2187,0.0099,0.0349,0.0172,0.0079,0.0125,0.0148,0.0572,0.0296,0.0084,0.1832,0.0,0.019,-0.0,0.0,0.0011,0.0,0,0
10/18/2024 04:00:00,0.2197,0.0099,0.0348,0.0172,0.0079,0.0125,0.0147,0.0576,0.0296,0.0085,0.1837,0.0,0.0188,-0.0,0.0,0.0011,0.0,0,0
10/18/2024 05:00:00,0.2196,0.0099,0.0347,0.0173,0.0079,0.0126,0.0148,0.0576,0.0297,0.0085,0.1838,0.0,0.0188,-0.0,0.0,0.0011,0.0,0,0
10/18/2024 06:00:00,0.1558,0.0099,0.0346,0.0171,0.008,0.0126,0.0149,0.0381,0.0296,0.0085,0.1409,0.0,0.0188,-0.0,0.0,0.0011,0.0,0,0
10/18/2024 07:00:00,1.0458,1.3145,1.777,0.0165,0.007,2.1023,2.5798,0.0298,0.0293,0.0083,0.0,0.0173,0.0411,-0.0,0.0,0.0011,0.0,0,0
10/18/2024 08:00:00,1.3086,1.4695,1.9717,0.0171,0.008,2.5683,2.4426,0.0299,0.0294,0.0082,0.0317,0.2433,0.0492,-0.0,0.0,0.0011,0.0313,0,0
10/18/2024 09:00:00,1.8644,0.1206,1.423,0.0187,0.009,2.8084,0.0154,0.0296,0.0297,0.0086,0.4737,0.1119,0.0356,-0.0,0.0,0.0011,0.4701,0,0
10/18/2024 10:00:00,1.3923,0.1164,0.7249,0.0968,0.0911,1.3527,0.0248,0.0293,0.0726,0.009,0.6569,0.0206,0.0034,-0.0,0.0023,0.0011,0.6489,0,0
10/18/2024 11:00:00,3.5247,1.9313,1.3601,2.614,2.782,0.0117,0.0151,0.0299,0.0292,0.0089,0.8955,0.6548,0.0023,-0.0,0.0837,0.0011,0.8056,0,0
10/18/2024 12:00:00,3.2889,1.7498,1.3828,2.6635,2.8299,0.012,0.0151,0.0298,0.03,0.009,0.8386,0.7949,0.0024,-0.5031,0.0496,0.0011,0.7995,0,0
10/18/2024 13:00:00,2.1066,0.1956,1.3907,2.6688,2.8468,0.0124,0.0149,0.0298,0.0354,0.0103,1.0851,1.2919,0.0016,-2.9391,0.0727,0.0011,0.7756,0,0
10/18/2024 14:00:00,2.472,0.6868,2.1047,2.6806,2.8596,0.8496,1.0051,0.0299,0.0327,0.0195,1.0979,1.3158,0.0013,-3.0412,0.0554,0.0011,0.7921,0,0
10/18/2024 15:00:00,4.0235,2.4051,3.9738,2.6568,2.8157,3.0758,3.7033,0.0294,0.0288,0.0088,0.8878,1.0523,0.0005,-2.5287,0.2792,0.0011,0.7893,0,0
10/18/2024 16:00:00,3.7303,2.2615,3.2303,2.6384,2.7878,2.1709,2.6492,0.0293,0.0276,0.0086,0.5306,0.6057,0.0239,-1.7282,0.0325,0.0011,0.7828,0,0
10/18/2024 17:00:00,3.2224,1.5004,1.3235,2.5877,2.7222,0.0113,0.0147,0.0293,0.0269,0.0088,0.6476,0.3047,0.002,-0.5521,0.0486,0.0011,0.7807,0,0
10/18/2024 18:00:00,3.4,1.5878,1.2742,2.4911,2.6213,0.011,0.0147,0.0441,0.0275,0.0088,0.8824,0.3675,0.0018,-0.1224,0.0314,0.0011,0.7816,0,0
10/18/2024 19:00:00,3.4466,1.5276,1.2621,2.4313,2.5569,0.0106,0.0147,0.0552,0.0288,0.0202,0.9831,0.3375,0.0021,-0.0386,0.0234,0.0011,0.785,0,0
10/18/2024 20:00:00,0.2957,0.0659,0.0517,0.0697,0.0636,0.0121,0.0143,0.0555,0.0285,0.0083,0.2067,0.0454,0.0013,-0.032,0.0,0.0011,0.0338,0,0
10/18/2024 21:00:00,0.2082,0.0193,0.0247,0.0167,0.0071,0.0122,0.0143,0.0555,0.0286,0.0083,0.1729,0.0251,0.0012,-0.0311,0.0,0.0011,0.0,0,0
10/18/2024 22:00:00,0.2079,0.0193,0.0246,0.0167,0.0069,0.012,0.0143,0.0548,0.0285,0.0083,0.1734,0.025,0.0012,-0.0306,0.0,0.0011,0.0,0,0
10/18/2024 23:00:00,0.2085,0.0194,0.0248,0.0168,0.007,0.0121,0.0144,0.0558,0.0286,0.0083,0.1732,0.0252,0.0016,-0.0322,0.0,0.0011,0.0,0,0
10/19/2024 00:00:00,0.2087,0.0196,0.0248,0.0168,0.0072,0.0122,0.0145,0.0561,0.0288,0.0083,0.1733,0.0254,0.0013,-0.0322,0.0,0.0011,0.0,0,0
10/19/2024 01:00:00,0.2095,0.0196,0.0249,0.0169,0.0073,0.0122,0.0145,0.057,0.029,0.0083,0.1733,0.0255,0.0014,-0.0321,0.0,0.0011,0.0,0,0
10/19/2024 02:00:00,0.2088,0.0197,0.0249,0.017,0.0074,0.0123,0.0145,0.0567,0.0292,0.0084,0.1732,0.0257,0.0015,-0.0328,0.0,0.0011,0.0,0,0
10/19/2024 03:00:00,0.2088,0.0198,0.0249,0.0171,0.0076,0.0124,0.0147,0.0566,0.0294,0.0084,0.1734,0.0258,0.0016,-0.0339,0.0,0.0011,0.0,0,0
10/19/2024 04:00:00,0.2098,0.0199,0.0248,0.0172,0.0079,0.0125,0.0147,0.0575,0.0296,0.0084,0.1736,0.026,0.0017,-0.0341,0.0,0.0011,0.0,0,0
10/19/2024 05:00:00,0.2094,0.0199,0.0248,0.0172,0.0079,0.0126,0.0148,0.057,0.0296,0.0084,0.1736,0.0261,0.0017,-0.035,0.0,0.0011,0.0,0,0
10/19/2024 06:00:00,0.1696,0.0198,0.0249,0.0171,0.0078,0.0125,0.0148,0.0544,0.0295,0.0084,0.142,0.0259,0.0016,-0.0347,0.0,0.0011,0.0,0,0
10/19/2024 07:00:00,-0.0465,-0.1098,0.0249,0.017,0.0083,0.0128,0.0152,0.0301,0.0298,0.0084,0.1317,0.128,0.002,-0.2631,0.0,0.0011,0.0,0,0
10/19/2024 08:00:00,-0.481,-0.5336,0.0235,0.017,0.0091,0.0132,0.0151,0.0301,0.0298,0.0083,0.5506,0.5462,0.002,-1.0928,0.0,0.0011,0.0,0,0
10/19/2024 09:00:00,-0.9467,-0.9892,0.022,0.0171,0.0095,0.0135,0.0151,0.03,0.0298,0.0084,1.0137,1.0038,0.0015,-2.0057,0.0,0.0011,0.0,0,0
10/19/2024 10:00:00,-1.2961,-1.3263,0.021,0.0171,0.0099,0.0136,0.015,0.03,0.0298,0.0083,1.3556,1.3417,0.0018,-2.6798,0.0,0.0011,0.0,0,0
10/19/2024 11:00:00,-1.5,-1.5232,0.0204,0.0171,0.01,0.0137,0.015,0.0299,0.0298,0.0083,1.5553,1.539,0.002,-3.0733,0.0,0.0011,0.0,0,0
10/19/2024 12:00:00,-1.5667,-1.5884,0.0202,0.017,0.0102,0.0138,0.015,0.0298,0.0297,0.0083,1.6212,1.6042,0.0019,-3.2035,0.0,0.0011,0.0,0,0
10/19/2024 13:00:00,-1.5423,-1.5639,0.0202,0.017,0.0099,0.0137,0.0149,0.0298,0.0297,0.0082,1.5964,1.5796,0.0018,-3.1544,0.0,0.0011,0.0,0,0
10/19/2024 14:00:00,-1.4668,-1.4899,0.0205,0.017,0.0098,0.0136,0.0148,0.0297,0.0295,0.0082,1.5213,1.5054,0.0014,-3.0064,0.0,0.0011,0.0,0,0
10/19/2024 15:00:00,-1.2135,-1.2452,0.0212,0.0168,0.0095,0.0134,0.0148,0.0296,0.0293,0.0082,1.2731,1.2602,0.0014,-2.517,0.0,0.0011,0.0,0,0
10/19/2024 16:00:00,-0.8,-0.8444,0.0225,0.0167,0.0087,0.0131,0.0148,0.0294,0.029,0.0082,0.8664,0.8582,0.0013,-1.7152,0.0,0.0011,0.0,0,0
10/19/2024 17:00:00,-0.1656,-0.243,0.0243,0.0166,0.008,0.0126,0.0147,0.0451,0.0288,0.0081,0.2548,0.2536,0.0013,-0.5091,0.0,0.0011,0.0,0,0
10/19/2024 18:00:00,0.1054,-0.0212,0.025,0.0168,0.0075,0.0124,0.0146,0.0549,0.0288,0.0082,0.1006,0.0558,0.0016,-0.1177,0.0,0.0011,0.0,0,0
10/19/2024 19:00:00,0.2051,0.0197,0.0249,0.017,0.0072,0.0123,0.0145,0.0559,0.0287,0.0083,0.1698,0.0254,0.0016,-0.0319,0.0,0.0011,0.0,0,0
10/19/2024 20:00:00,0.2059,0.0197,0.0249,0.0169,0.0072,0.0122,0.0144,0.0557,0.0286,0.0083,0.1708,0.0253,0.0014,-0.0315,0.0,0.0011,0.0,0,0
10/19/2024 21:00:00,0.2061,0.0198,0.0249,0.0169,0.0074,0.0123,0.0145,0.056,0.0288,0.0083,0.171,0.0255,0.0017,-0.0326,0.0,0.0011,0.0,0,0
10/19/2024 22:00:00,0.2068,0.0199,0.0249,0.017,0.0075,0.0124,0.0146,0.0567,0.0289,0.0083,0.1712,0.0255,0.0022,-0.0334,0.0,0.0011,0.0,0,0
10/19/2024 23:00:00,0.2074,0.0199,0.025,0.017,0.0075,0.0125,0.0147,0.0573,0.0291,0.0084,0.1713,0.0257,0.002,-0.0326,0.0,0.0011,0.0,0,0
10/20/2024 00:00:00,0.2069,0.0199,0.025,0.017,0.0078,0.0124,0.0147,0.0568,0.0291,0.0084,0.1713,0.0257,0.0018,-0.0333,0.0,0.0011,0.0,0,0
10/20/2024 01:00:00,0.2072,0.0199,0.025,0.017,0.0073,0.0124,0.0145,0.0566,0.029,0.0084,0.1718,0.0256,0.0017,-0.0324,0.0,0.0011,0.0,0,0
10/20/2024 02:00:00,0.1994,0.019,0.0239,0.0162,0.0072,0.0118,0.0139,0.0549,0.0277,0.008,0.1646,0.0244,0.0016,-0.0311,0.0,0.0011,0.0,0,0
10/20/2024 03:00:00,0.009,0.0009,0.0011,0.0007,0.0003,0.0005,0.0006,0.0025,0.0013,0.0004,0.0075,0.0011,0.0001,-0.0014,0.0,0.0011,0.0,0,0
10/20/2024 04:00:00,0.009,0.0009,0.0011,0.0007,0.0003,0.0005,0.0006,0.0025,0.0013,0.0004,0.0075,0.0011,0.0001,-0.0014,0.0,0.0011,0.0,0,0
10/20/2024 05:00:00,0.009,0.0009,0.0011,0.0007,0.0003,0.0005,0.0006,0.0025,0.0013,0.0004,0.0075,0.0011,0.0001,-0.0014,0.0,0.0011,0.0,0,0
10/20/2024 06:00:00,0.009,0.0009,0.0011,0.0007,0.0003,0.0005,0.0006,0.0025,0.0013,0.0004,0.0075,0.0011,0.0001,-0.0014,0.0,0.0011,0.0,0,0
10/20/2024 07:00:00,0.009,0.0009,0.0011,0.0007,0.0003,0.0005,0.0006,0.0025,0.0013,0.0004,0.0075,0.0011,0.0001,-0.0014,0.0,0.0011,0.0,0,0
10/20/2024 08:00:00,0.009,0.0009,0.0011,0.0007,0.0003,0.0005,0.0006,0.0025,0.0013,0.0004,0.0075,0.0011,0.0001,-0.0014,0.0,0.0011,0.0,0,0
10/20/2024 09:00:00,0.009,0.0009,0.0011,0.0007,0.0003,0.0005,0.0006,0.0025,0.0013,0.0004,0.0075,0.0011,0.0001,-0.0014,0.0,0.0011,0.0,0,0
10/20/2024 10:00:00,0.009,0.0009,0.0011,0.0007,0.0003,0.0005,0.0006,0.0025,0.0013,0.0004,0.0075,0.0011,0.0001,-0.0014,0.0,0.0011,0.0,0,0
10/20/2024 11:00:00,0.009,0.0009,0.0011,0.0007,0.0003,0.0005,0.0006,0.0025,0.0013,0.0004,0.0075,0.0011,0.0001,-0.0014,0.0,0.0011,0.0,0,0
10/20/2024 12:00:00,0.009,0.0009,0.0011,0.0007,0.0003,0.0005,0.0006,0.0025,0.0013,0.0004,0.0075,0.0011,0.0001,-0.0014,0.0,0.0011,0.0,0,0
10/20/2024 13:00:00,0.009,0.0009,0.0011,0.0007,0.0003,0.0005,0.0006,0.0025,0.0013,0.0004,0.0075,0.0011,0.0001,-0.0014,0.0,0.0011,0.0,0,0
10/20/2024 14:00:00,0.009,0.0009,0.0011,0.0007,0.0003,0.0005,0.0006,0.0025,0.0013,0.0004,0.0075,0.0011,0.0001,-0.0014,0.0,0.0011,0.0,0,0
10/20/2024 15:00:00,0.009,0.0009,0.0011,0.0007,0.0003,0.0005,0.0006,0.0025,0.0013,0.0004,0.0075,0.0011,0.0001,-0.0014,0.0,0.0011,0.0,0,0
10/20/2024 16:00:00,0.009,0.0009,0.0011,0.0007,0.0003,0.0005,0.0006,0.0025,0.0013,0.0004,0.0075,0.0011,0.0001,-0.0014,0.0,0.0011,0.0,0,0
10/20/2024 17:00:00,0.009,0.0009,0.0011,0.0007,0.0003,0.0005,0.0006,0.0025,0.0013,0.0004,0.0075,0.0011,0.0001,-0.0014,0.0,0.0011,0.0,0,0
10/20/2024 18:00:00,0.009,0.0009,0.0011,0.0007,0.0003,0.0005,0.0006,0.0025,0.0013,0.0004,0.0075,0.0011,0.0001,-0.0014,0.0,0.0011,0.0,0,0
10/20/2024 19:00:00,0.009,0.0009,0.0011,0.0007,0.0003,0.0005,0.0006,0.0025,0.0013,0.0004,0.0075,0.0011,0.0001,-0.0014,0.0,0.0011,0.0,0,0
10/20/2024 20:00:00,0.009,0.0009,0.0011,0.0007,0.0003,0.0005,0.0006,0.0025,0.0013,0.0004,0.0075,0.0011,0.0001,-0.0014,0.0,0.0011,0.0,0,0
10/20/2024 21:00:00,0.009,0.0009,0.0011,0.0007,0.0003,0.0005,0.0006,0.0025,0.0013,0.0004,0.0075,0.0011,0.0001,-0.0014,0.0,0.0011,0.0,0,0
10/20/2024 22:00:00,0.009,0.0009,0.0011,0.0007,0.0003,0.0005,0.0006,0.0025,0.0013,0.0004,0.0075,0.0011,0.0001,-0.0014,0.0,0.0011,0.0,0,0
10/20/2024 23:00:00,0.009,0.0009,0.0011,0.0007,0.0003,0.0005,0.0006,0.0025,0.0013,0.0004,0.0075,0.0011,0.0001,-0.0014,0.0,0.0011,0.0,0,0
10/21/2024 00:00:00,0.009,0.0009,0.0011,0.0007,0.0003,0.0005,0.0006,0.0025,0.0013,0.0004,0.0075,0.0011,0.0001,-0.0014,0.0,0.0011,0.0,0,0
10/21/2024 01:00:00,0.2069,0.0199,0.025,0.017,0.0074,0.0124,0.0146,0.0568,0.0291,0.0084,0.1715,0.0256,0.0014,-0.0311,0.0,0.1773,0.0,0,0
10/21/2024 02:00:00,0.2074,0.02,0.0251,0.0171,0.0076,0.0124,0.0147,0.0574,0.0293,0.0084,0.1716,0.0259,0.0018,-0.0328,0.0,0.1775,0.0,0,0
10/21/2024 03:00:00,0.2076,0.0199,0.0251,0.017,0.0076,0.0124,0.0146,0.0572,0.0292,0.0084,0.1719,0.0257,0.0016,-0.0317,0.0,0.1775,0.0,0,0
10/21/2024 04:00:00,0.2084,0.0199,0.025,0.0171,0.0075,0.0125,0.0147,0.0574,0.0293,0.0084,0.1725,0.0258,0.0014,-0.0319,0.0,0.1778,0.0,0,0
10/21/2024 05:00:00,0.2083,0.0199,0.025,0.0171,0.0076,0.0125,0.0147,0.0573,0.0294,0.0084,0.1726,0.0259,0.0016,-0.0326,0.0,0.1773,0.0,0,0
10/21/2024 06:00:00,0.1579,0.0199,0.025,0.0171,0.0076,0.0125,0.0149,0.0358,0.0293,0.0084,0.1496,0.0258,0.0016,-0.0324,0.0,0.1503,0.0,0,0
10/21/2024 07:00:00,1.0089,1.2098,1.8539,0.0164,0.0071,2.1975,2.6922,0.0299,0.0293,0.0083,0.15,0.1485,0.0321,-0.3005,0.0,0.0000,0.0,0,0
10/21/2024 08:00:00,0.9353,1.2549,2.4408,0.0158,0.0073,2.7363,3.3471,0.0293,0.0288,0.0081,0.4849,0.4546,0.174,-0.9636,0.0,0.0000,0.0,0,0
10/21/2024 09:00:00,0.7219,1.2673,2.7907,0.015,0.0082,2.8046,3.4256,0.0288,0.0284,0.0078,0.7288,0.5874,0.4536,-1.4443,0.0,0.0000,0.0,0,0
10/21/2024 10:00:00,0.5425,1.3852,3.3526,0.0145,0.0097,2.988,3.658,0.0291,0.0286,0.0076,0.9951,0.7219,0.826,-1.9693,0.0,0.0000,0.0,0,0
10/21/2024 11:00:00,0.2664,1.0043,3.0858,0.0152,0.0094,3.0587,3.7504,0.0288,0.0284,0.0078,1.3068,1.0892,0.4722,-2.5959,0.0008,0.0000,0.0117,0,0
10/21/2024 12:00:00,0.8413,0.9476,2.7309,0.0169,0.0074,3.0676,3.7674,0.0288,0.0283,0.0084,0.972,1.0518,0.0789,-2.3995,0.0308,0.0003,0.4488,0,0
10/21/2024 13:00:00,1.6536,0.9732,2.5139,1.0877,1.145,2.2377,2.7437,0.0289,0.0279,0.0106,0.9734,1.1392,0.035,-2.7109,0.0666,0,0.7135,0,0
10/21/2024 14:00:00,3.0766,1.3039,2.5804,2.7038,2.8641,1.3772,1.668,0.0294,0.0278,0.0147,0.812,0.9962,0.0051,-2.3323,0.0864,0,0.7136,0,0
10/21/2024 15:00:00,3.1216,1.606,1.9934,2.6531,2.7922,0.7523,0.9226,0.0293,0.0267,0.0087,0.5232,0.5229,0.0046,-1.6058,0.1227,0,0.7074,0,0
10/21/2024 16:00:00,3.095,1.5785,1.3011,2.5861,2.7116,0.0114,0.0147,0.0291,0.0265,0.0086,0.512,0.3515,0.0054,-0.706,0.0786,0,0.7039,0,0
10/21/2024 17:00:00,4.1629,2.5927,3.0363,2.5439,2.6626,1.3967,1.7066,0.0323,0.0267,0.0092,0.9169,0.4931,0.5639,-0.1995,0.1522,0,0.7816,0,0
10/21/2024 18:00:00,4.9324,3.7816,4.6153,2.5225,2.6449,2.88,3.5291,0.0538,0.0268,0.0108,0.9375,0.7751,0.8832,-0.1081,0.0381,0,0.7822,0,0
10/21/2024 19:00:00,2.4655,1.2192,1.0239,1.6681,1.7474,0.0733,0.0916,0.054,0.0278,0.0086,0.7311,0.3676,0.13,-0.038,0.0187,0,0.5443,0,0
10/21/2024 20:00:00,0.2033,0.0225,0.0253,0.0167,0.0069,0.0118,0.0143,0.0543,0.0266,0.0083,0.1693,0.0249,0.0074,-0.0364,0.0,0,0.0,0,0
10/21/2024 21:00:00,0.2037,0.0226,0.025,0.0167,0.0068,0.0118,0.0143,0.0547,0.0267,0.0082,0.1696,0.0249,0.0073,-0.0366,0.0,0,0.0,0,0
10/21/2024 22:00:00,0.2047,0.0224,0.0252,0.0166,0.0065,0.0117,0.0141,0.0547,0.0264,0.0082,0.1705,0.0246,0.007,-0.0361,0.0,0,0.0,0,0
10/21/2024 23:00:00,0.2062,0.0227,0.0253,0.0167,0.0068,0.0119,0.0143,0.0552,0.0269,0.0083,0.1718,0.0251,0.0072,-0.0368,0.0,0,0.0,0,0
10/22/2024 00:00:00,0.206,0.0228,0.0254,0.0169,0.0068,0.012,0.0144,0.0555,0.027,0.0083,0.1714,0.0252,0.0073,-0.037,0.0,0,0.0,0,0
