fecha,Corriente_linea1
2024-09-25_15-47-0,0.0608445741236209
2024-09-25_15-47-1,0.0590585507452487
2024-09-25_15-47-2,0.0596094988286495
2024-09-25_15-47-3,0.0592445395886898
2024-09-25_15-47-3,0.0588984824717044
2024-09-25_15-47-4,0.0588984824717044
2024-09-25_15-47-5,0.0596948154270648
2024-09-25_15-47-6,0.0585377626121044
2024-09-25_15-47-7,0.0586506985127925
2024-09-25_15-47-8,0.0604359544813632
2024-09-25_15-47-8,0.0604359544813632
2024-09-25_15-47-9,0.0573763400316238
2024-09-25_15-47-10,0.060147974640131
2024-09-25_15-47-11,0.0588272176682949
2024-09-25_15-47-12,0.0592659302055835
2024-09-25_15-47-12,0.0592044964432716
2024-09-25_15-47-13,0.0592044964432716
2024-09-25_15-47-14,0.0584496594965457
2024-09-25_15-47-15,0.059141494333744
2024-09-25_15-47-16,0.0588896870613098
2024-09-25_15-47-16,0.059090781956911
2024-09-25_15-47-17,0.059090781956911
2024-09-25_15-47-18,0.0593138933181762
2024-09-25_15-47-19,0.0586734414100647
2024-09-25_15-47-20,0.0566028207540512
2024-09-25_15-47-21,0.0554116889834404
2024-09-25_15-47-21,0.0554116889834404
2024-09-25_15-47-22,0.0565583929419517
2024-09-25_15-47-23,0.058953434228897
2024-09-25_15-47-24,0.059615783393383
2024-09-25_15-47-25,0.0608863718807697
2024-09-25_15-47-25,0.0602863989770412
2024-09-25_15-47-26,0.0602863989770412
2024-09-25_15-47-27,0.0597339123487472
2024-09-25_15-47-28,0.0599117502570152
2024-09-25_15-47-29,0.0602598376572132
2024-09-25_15-47-29,0.0604012086987495
2024-09-25_15-47-30,0.0604012086987495
2024-09-25_15-47-31,0.0587481148540973
2024-09-25_15-47-32,0.0596581362187862
2024-09-25_15-47-33,0.0561692714691162
2024-09-25_15-47-34,0.0568560808897018
2024-09-25_15-47-34,0.0568560808897018
2024-09-25_15-47-35,0.0596958249807357
2024-09-25_15-47-36,0.0586907006800174
2024-09-25_15-47-37,0.0594501309096813
2024-09-25_15-47-38,0.0592443011701107
2024-09-25_15-47-38,0.0585646405816078
2024-09-25_15-47-39,0.0585646405816078
2024-09-25_15-47-40,0.0554138459265232
2024-09-25_15-47-41,0.0559058412909507
2024-09-25_15-47-42,0.0597037151455879
2024-09-25_15-47-43,0.0495980344712734
2024-09-25_15-47-43,0.0495980344712734
2024-09-25_15-47-44,0.0496037825942039
2024-09-25_15-47-45,0.0507396571338176
2024-09-25_15-47-46,0.0520295798778533
2024-09-25_15-47-47,0.0514618009328842
2024-09-25_15-47-47,0.0530957020819187
2024-09-25_15-47-48,0.0530957020819187
2024-09-25_15-47-49,0.052105639129877
2024-09-25_15-47-50,0.0591145530343055
2024-09-25_15-47-51,0.0577185936272144
2024-09-25_15-47-51,0.0590644367039203
2024-09-25_15-47-52,0.0590644367039203
2024-09-25_15-47-53,0.060790367424488
2024-09-25_15-47-54,0.0597939454019069
2024-09-25_15-47-55,0.0583393387496471
2024-09-25_15-47-56,0.0587286874651908
2024-09-25_15-47-56,0.0587286874651908
2024-09-25_15-47-57,0.0587319433689117
2024-09-25_15-47-58,0.0603918433189392
2024-09-25_15-47-59,0.0598208345472812
2024-09-25_15-48-0,0.0594590306282043
2024-09-25_15-48-0,0.0595010034739971
2024-09-25_15-48-1,0.0595010034739971
2024-09-25_15-48-2,0.0605323053896427
2024-09-25_15-48-3,0.0598286874592304
2024-09-25_15-48-4,0.0587729848921299
2024-09-25_15-48-4,0.0564949177205562
2024-09-25_15-48-5,0.0564949177205562
2024-09-25_15-48-6,0.0557491369545459
2024-09-25_15-48-7,0.0543622486293315
2024-09-25_15-48-8,0.0577295161783695
2024-09-25_15-48-9,0.0592718161642551
2024-09-25_15-48-9,0.0592718161642551
2024-09-25_15-48-10,0.0600914284586906
2024-09-25_15-48-11,0.0597361139953136
2024-09-25_15-48-12,0.0590599030256271
2024-09-25_15-48-13,0.0580903142690658
2024-09-25_15-48-13,0.0587674863636493
2024-09-25_15-48-14,0.0587674863636493
2024-09-25_15-48-15,0.0570189766585826
2024-09-25_15-48-16,0.0570447966456413
2024-09-25_15-48-17,0.0569179579615592
2024-09-25_15-48-17,0.0577451139688491
2024-09-25_15-48-18,0.0577451139688491
2024-09-25_15-48-19,0.0578678548336029
2024-09-25_15-48-20,0.0575658194720745
2024-09-25_15-48-21,0.0562075413763523
2024-09-25_15-48-22,0.0552516616880893
2024-09-25_15-48-22,0.0552516616880893
2024-09-25_15-48-23,0.0529580153524875
2024-09-25_15-48-24,0.0555050075054168
2024-09-25_15-48-25,0.0571902468800544
2024-09-25_15-48-26,0.0571117997169494
2024-09-25_15-48-26,0.0552867837250232
2024-09-25_15-48-27,0.0552867837250232
2024-09-25_15-48-28,0.0573739930987358
2024-09-25_15-48-29,0.0538225620985031
2024-09-25_15-48-30,0.0559066496789455
2024-09-25_15-48-30,0.0563872568309307
2024-09-25_15-48-31,0.0563872568309307
2024-09-25_15-48-32,0.0582198351621627
2024-09-25_15-48-33,0.0584917701780796
2024-09-25_15-48-34,0.0569087192416191
2024-09-25_15-48-35,0.0569414459168911
2024-09-25_15-48-35,0.0569414459168911
2024-09-25_15-48-36,0.0580147691071033
2024-09-25_15-48-37,0.0573143735527992
2024-09-25_15-48-38,0.0576171241700649
2024-09-25_15-48-39,0.0581198632717132
2024-09-25_15-48-39,0.0575568303465843
2024-09-25_15-48-40,0.0575568303465843
2024-09-25_15-48-41,0.0571906119585037
2024-09-25_15-48-42,0.0582578219473362
2024-09-25_15-48-43,0.0580571480095386
2024-09-25_15-48-43,0.0564139783382415
2024-09-25_15-48-44,0.0564139783382415
2024-09-25_15-48-45,0.0547515489161014
2024-09-25_15-48-46,0.0576220266520977
2024-09-25_15-48-47,0.0571320168673992
2024-09-25_15-48-48,0.0570528842508792
2024-09-25_15-48-48,0.0570528842508792
2024-09-25_15-48-49,0.0592447035014629
2024-09-25_15-48-50,0.0603538043797016
2024-09-25_15-48-51,0.058895219117403
2024-09-25_15-48-52,0.056128304451704
2024-09-25_15-48-52,0.0579027384519577
2024-09-25_15-48-53,0.0579027384519577
2024-09-25_15-48-54,0.0589158348739147
2024-09-25_15-48-55,0.0607922933995723
2024-09-25_15-48-56,0.057988554239273
2024-09-25_15-48-56,0.0570392049849033
2024-09-25_15-48-57,0.0570392049849033
2024-09-25_15-48-58,0.0579036101698875
2024-09-25_15-48-59,0.0561472587287426
2024-09-25_15-49-0,0.0572971813380718
2024-09-25_15-49-0,0.0580693706870079
2024-09-25_15-49-1,0.0580693706870079
2024-09-25_15-49-2,0.0574560649693012
2024-09-25_15-49-3,0.0594567544758319
2024-09-25_15-49-4,0.0587587878108024
2024-09-25_15-49-5,0.057741854339838
2024-09-25_15-49-5,0.0582776814699173
2024-09-25_15-49-6,0.0582776814699173
2024-09-25_15-49-7,0.0587746649980545
2024-09-25_15-49-8,0.0592302419245243
2024-09-25_15-49-9,0.0588403455913066
2024-09-25_15-49-9,0.0593260303139686
2024-09-25_15-49-10,0.0593260303139686
2024-09-25_15-49-11,0.058296013623476
2024-09-25_15-49-12,0.0565533526241779
2024-09-25_15-49-13,0.0581738613545894
2024-09-25_15-49-13,0.0568232350051403
2024-09-25_15-49-14,0.0568232350051403
2024-09-25_15-49-15,0.0598253235220909
2024-09-25_15-49-16,0.0593823604285717
2024-09-25_15-49-17,0.0593272224068641
2024-09-25_15-49-18,0.0557617060840129
2024-09-25_15-49-18,0.0549864917993545
2024-09-25_15-49-19,0.0549864917993545
2024-09-25_15-49-20,0.0571899376809597
2024-09-25_15-49-21,0.0576331727206707
2024-09-25_15-49-22,0.0596612319350242
2024-09-25_15-49-22,0.0582179762423038
2024-09-25_15-49-23,0.0582179762423038
2024-09-25_15-49-24,0.0577103197574615
2024-09-25_15-49-25,0.0577116124331951
2024-09-25_15-49-26,0.0588121935725212
2024-09-25_15-49-26,0.057762786746025
2024-09-25_15-49-27,0.057762786746025
2024-09-25_15-49-28,0.0571991875767707
2024-09-25_15-49-29,0.0559337139129638
2024-09-25_15-49-30,0.0554815866053104
2024-09-25_15-49-31,0.0559815764427185
2024-09-25_15-49-31,0.0559815764427185
2024-09-25_15-49-32,0.0581614524126052
2024-09-25_15-49-33,0.0581183396279811
2024-09-25_15-49-34,0.0562425404787063
2024-09-25_15-49-35,0.0568416640162467
2024-09-25_15-49-35,0.0588267594575881
2024-09-25_15-49-36,0.0588267594575881
2024-09-25_15-49-37,0.0591095015406608
2024-09-25_15-49-38,0.057789858430624
2024-09-25_15-49-39,0.0558245554566383
2024-09-25_15-49-39,0.0559503436088562
2024-09-25_15-49-40,0.0559503436088562
2024-09-25_15-49-41,0.0586603432893753
2024-09-25_15-49-42,0.059078499674797
2024-09-25_15-49-43,0.0593492612242698
2024-09-25_15-49-44,0.0591494776308536
2024-09-25_15-49-44,0.0591494776308536
2024-09-25_15-49-45,0.0558863282203674
2024-09-25_15-49-46,0.0544080659747123
2024-09-25_15-49-47,0.0562242642045021
2024-09-25_15-49-48,0.0568614490330219
2024-09-25_15-49-48,0.0546107403934001
2024-09-25_15-49-49,0.0546107403934001
2024-09-25_15-49-50,0.0560431741178035
2024-09-25_15-49-51,0.0590233132243156
2024-09-25_15-49-52,0.0596454814076423
2024-09-25_15-49-52,0.0550854690372943
2024-09-25_15-49-53,0.0550854690372943
2024-09-25_15-49-54,0.054810993373394
2024-09-25_15-49-55,0.0543216988444328
2024-09-25_15-49-56,0.0567555241286754
2024-09-25_15-49-56,0.0568667687475681
2024-09-25_15-49-57,0.0568667687475681
2024-09-25_15-49-58,0.0555052869021892
2024-09-25_15-49-59,0.0559947863221168
2024-09-25_15-50-0,0.0563107952475547
2024-09-25_15-50-1,0.0548156201839447
2024-09-25_15-50-1,0.0570332072675228
2024-09-25_15-50-2,0.0570332072675228
2024-09-25_15-50-3,0.0576763153076171
2024-09-25_15-50-4,0.0558851696550846
2024-09-25_15-50-5,0.058579035103321
2024-09-25_15-50-5,0.0576717816293239
2024-09-25_15-50-6,0.0576717816293239
2024-09-25_15-50-7,2.2831480503082275
2024-09-25_15-50-8,5.4844279289245605
2024-09-25_15-50-9,1.961066007614136
2024-09-25_15-50-9,0.8288261294364929
2024-09-25_15-50-10,0.8288261294364929
2024-09-25_15-50-11,0.8144032955169678
2024-09-25_15-50-12,0.8100687861442566
2024-09-25_15-50-13,0.8092014193534851
2024-09-25_15-50-14,0.8097676038742065
2024-09-25_15-50-14,0.8097676038742065
2024-09-25_15-50-15,0.8077194690704346
2024-09-25_15-50-16,0.8077515363693237
2024-09-25_15-50-17,0.8073100447654724
2024-09-25_15-50-18,0.8075301051139832
2024-09-25_15-50-18,0.8065025806427002
2024-09-25_15-50-19,0.8065025806427002
2024-09-25_15-50-20,0.8064340949058533
2024-09-25_15-50-21,0.8056080937385559
2024-09-25_15-50-22,0.8072175979614258
2024-09-25_15-50-22,0.8063015341758728
2024-09-25_15-50-23,0.8063015341758728
2024-09-25_15-50-24,0.8051888346672058
2024-09-25_15-50-25,0.8051505088806152
2024-09-25_15-50-26,0.8061168193817139
2024-09-25_15-50-27,0.8068212866783142
2024-09-25_15-50-27,0.8068212866783142
2024-09-25_15-50-28,0.8066139221191406
2024-09-25_15-50-29,0.8072746396064758
2024-09-25_15-50-30,0.8073015213012695
2024-09-25_15-50-31,0.8088032603263855
2024-09-25_15-50-31,0.8087244033813477
2024-09-25_15-50-32,0.8087244033813477
2024-09-25_15-50-33,0.8084263205528259
2024-09-25_15-50-34,0.8087196350097656
2024-09-25_15-50-35,0.8090476989746094
2024-09-25_15-50-35,0.808209240436554
2024-09-25_15-50-36,0.808209240436554
2024-09-25_15-50-37,0.8083069920539856
2024-09-25_15-50-38,0.8074467182159424
2024-09-25_15-50-39,0.8088341951370239
2024-09-25_15-50-40,0.8098360300064087
2024-09-25_15-50-40,0.8098360300064087
2024-09-25_15-50-41,0.8092453479766846
2024-09-25_15-50-42,0.8088653087615967
2024-09-25_15-50-43,0.8088058233261108
2024-09-25_15-50-44,0.8090930581092834
2024-09-25_15-50-44,0.809728741645813
2024-09-25_15-50-45,0.809728741645813
2024-09-25_15-50-46,0.8096731901168823
2024-09-25_15-50-47,0.8088944554328918
2024-09-25_15-50-48,0.809532880783081
2024-09-25_15-50-48,0.8081295490264893
2024-09-25_15-50-49,0.8081295490264893
2024-09-25_15-50-50,0.8083752989768982
2024-09-25_15-50-51,0.8084886074066162
2024-09-25_15-50-52,0.8079869747161865
2024-09-25_15-50-53,0.8081623315811157
2024-09-25_15-50-53,0.8081623315811157
2024-09-25_15-50-54,0.8064873814582825
2024-09-25_15-50-55,0.8063443303108215
2024-09-25_15-50-56,0.806816041469574
2024-09-25_15-50-57,0.8067856431007385
2024-09-25_15-50-57,0.8067856431007385
2024-09-25_15-50-58,0.8063041567802429
2024-09-25_15-50-59,0.8057874441146851
2024-09-25_15-51-0,0.8050089478492737
2024-09-25_15-51-1,0.8044798374176025
2024-09-25_15-51-1,0.8045070171356201
2024-09-25_15-51-2,0.8045070171356201
2024-09-25_15-51-3,0.8041658997535706
2024-09-25_15-51-4,0.8040167689323425
2024-09-25_15-51-5,0.8046941757202148
2024-09-25_15-51-5,0.8023923635482788
2024-09-25_15-51-6,0.8023923635482788
2024-09-25_15-51-7,0.801284670829773
2024-09-25_15-51-8,0.8014645576477051
2024-09-25_15-51-9,0.8006372451782227
2024-09-25_15-51-10,0.7996371388435364
2024-09-25_15-51-10,0.7996371388435364
2024-09-25_15-51-11,0.7999552488327026
2024-09-25_15-51-12,0.7983976602554321
2024-09-25_15-51-13,0.7985463738441467
2024-09-25_15-51-14,0.7988458871841431
2024-09-25_15-51-14,0.7981005907058716
2024-09-25_15-51-15,0.7981005907058716
2024-09-25_15-51-16,0.7974298596382141
2024-09-25_15-51-17,0.7971364259719849
2024-09-25_15-51-18,0.7963026762008667
2024-09-25_15-51-18,0.795828640460968
2024-09-25_15-51-19,0.795828640460968
2024-09-25_15-51-20,0.7963375449180603
2024-09-25_15-51-21,0.7958948016166687
2024-09-25_15-51-22,0.7955707907676697
2024-09-25_15-51-23,0.7948358058929443
2024-09-25_15-51-23,0.7948358058929443
2024-09-25_15-51-24,0.794353187084198
2024-09-25_15-51-25,0.794273853302002
2024-09-25_15-51-26,0.7934337854385376
2024-09-25_15-51-27,0.79232257604599
2024-09-25_15-51-27,0.793005645275116
2024-09-25_15-51-28,0.793005645275116
2024-09-25_15-51-29,0.7923504114151001
2024-09-25_15-51-30,0.7919325232505798
2024-09-25_15-51-31,0.7914872765541077
2024-09-25_15-51-31,0.7913588881492615
2024-09-25_15-51-32,0.7913588881492615
2024-09-25_15-51-33,0.789105236530304
2024-09-25_15-51-34,0.7905264496803284
2024-09-25_15-51-35,0.7897445559501648
2024-09-25_15-51-36,0.7897894978523254
2024-09-25_15-51-36,0.7897894978523254
2024-09-25_15-51-37,0.7893581390380859
2024-09-25_15-51-38,0.788967490196228
2024-09-25_15-51-39,0.789044976234436
2024-09-25_15-51-40,0.7889002561569214
2024-09-25_15-51-40,0.7879616618156433
2024-09-25_15-51-41,0.7879616618156433
2024-09-25_15-51-42,0.7884694933891296
2024-09-25_15-51-43,0.7884384393692017
2024-09-25_15-51-44,0.787478506565094
2024-09-25_15-51-44,0.7876299619674683
2024-09-25_15-51-45,0.7876299619674683
2024-09-25_15-51-46,0.7878368496894836
2024-09-25_15-51-47,0.7871089577674866
2024-09-25_15-51-48,0.7877994775772095
2024-09-25_15-51-49,0.7877547144889832
2024-09-25_15-51-49,0.7877547144889832
2024-09-25_15-51-50,0.7856982350349426
2024-09-25_15-51-51,0.7856395244598389
2024-09-25_15-51-52,0.7856301069259644
2024-09-25_15-51-53,0.7868000864982605
2024-09-25_15-51-53,0.7861421704292297
2024-09-25_15-51-54,0.7861421704292297
2024-09-25_15-51-55,0.7863696217536926
2024-09-25_15-51-56,0.7848937511444092
2024-09-25_15-51-57,0.7856152653694153
2024-09-25_15-51-57,0.7848258018493652
2024-09-25_15-51-58,0.7848258018493652
2024-09-25_15-51-59,0.7854138612747192
2024-09-25_15-52-0,0.7843248248100281
2024-09-25_15-52-1,0.7847084403038025
2024-09-25_15-52-2,0.7848337888717651
2024-09-25_15-52-2,0.7848337888717651
2024-09-25_15-52-3,0.7840163707733154
2024-09-25_15-52-4,0.7832462191581726
2024-09-25_15-52-5,0.782672643661499
2024-09-25_15-52-6,0.7820424437522888
2024-09-25_15-52-6,0.7832504510879517
2024-09-25_15-52-7,0.7832504510879517
2024-09-25_15-52-8,0.7825684547424316
2024-09-25_15-52-9,0.7826473712921143
2024-09-25_15-52-10,0.7826863527297974
2024-09-25_15-52-10,0.782680332660675
2024-09-25_15-52-11,0.782680332660675
2024-09-25_15-52-12,0.7815616726875305
2024-09-25_15-52-13,0.7831231355667114
2024-09-25_15-52-14,0.7825489640235901
2024-09-25_15-52-15,0.781914472579956
2024-09-25_15-52-15,0.781914472579956
2024-09-25_15-52-16,0.7816263437271118
2024-09-25_15-52-17,0.7821806073188782
2024-09-25_15-52-18,0.7807280421257019
2024-09-25_15-52-19,0.781893789768219
2024-09-25_15-52-19,0.7806650400161743
2024-09-25_15-52-20,0.7806650400161743
2024-09-25_15-52-21,0.7808486223220825
2024-09-25_15-52-22,0.7817372679710388
2024-09-25_15-52-23,0.7804705500602722
2024-09-25_15-52-23,0.7801233530044556
2024-09-25_15-52-24,0.7801233530044556
2024-09-25_15-52-25,0.779751181602478
2024-09-25_15-52-26,0.7783581018447876
2024-09-25_15-52-27,0.779436469078064
2024-09-25_15-52-28,0.7784971594810486
2024-09-25_15-52-28,0.7800061106681824
2024-09-25_15-52-29,0.7800061106681824
2024-09-25_15-52-30,0.7792571783065796
2024-09-25_15-52-31,0.779017984867096
2024-09-25_15-52-32,0.7797021269798279
2024-09-25_15-52-32,0.7787707448005676
2024-09-25_15-52-33,0.7787707448005676
2024-09-25_15-52-34,0.7793276309967041
2024-09-25_15-52-35,0.779827892780304
2024-09-25_15-52-36,0.7792877554893494
2024-09-25_15-52-37,0.7790959477424622
2024-09-25_15-52-37,0.7790959477424622
2024-09-25_15-52-38,0.7777491807937622
2024-09-25_15-52-39,0.7792142629623413
2024-09-25_15-52-40,0.7790265679359436
2024-09-25_15-52-41,0.7784719467163086
2024-09-25_15-52-41,0.7788315415382385
2024-09-25_15-52-42,0.7788315415382385
2024-09-25_15-52-43,0.7787215113639832
2024-09-25_15-52-44,0.7778751850128174
2024-09-25_15-52-45,0.7762913107872009
2024-09-25_15-52-45,0.7778152823448181
2024-09-25_15-52-46,0.7778152823448181
2024-09-25_15-52-47,0.7779233455657959
2024-09-25_15-52-48,0.7779810428619385
2024-09-25_15-52-49,0.7758981585502625
2024-09-25_15-52-50,0.7764831781387329
2024-09-25_15-52-50,0.7764831781387329
2024-09-25_15-52-51,0.7762961983680725
2024-09-25_15-52-52,0.7763167023658752
2024-09-25_15-52-53,0.7758842706680298
2024-09-25_15-52-54,0.7773440480232239
2024-09-25_15-52-54,0.7766724824905396
2024-09-25_15-52-55,0.7766724824905396
2024-09-25_15-52-56,0.7766095399856567
2024-09-25_15-52-57,0.7779445648193359
2024-09-25_15-52-58,0.7771666049957275
2024-09-25_15-52-58,0.7779644131660461
2024-09-25_15-52-59,0.7779644131660461
2024-09-25_15-53-0,0.7773367166519165
2024-09-25_15-53-1,0.7766817808151245
2024-09-25_15-53-2,0.7755267024040222
2024-09-25_15-53-3,0.7762442827224731
2024-09-25_15-53-3,0.7762442827224731
2024-09-25_15-53-4,0.7758193612098694
2024-09-25_15-53-5,0.7764708399772644
2024-09-25_15-53-6,0.7761938571929932
2024-09-25_15-53-7,0.7769159078598022
2024-09-25_15-53-7,0.7769507169723511
2024-09-25_15-53-8,0.7769507169723511
2024-09-25_15-53-9,0.7758398652076721
2024-09-25_15-53-10,0.7759984731674194
2024-09-25_15-53-11,0.7764097452163696
2024-09-25_15-53-11,0.7759707570075989
2024-09-25_15-53-12,0.7759707570075989
2024-09-25_15-53-13,0.7761964201927185
2024-09-25_15-53-14,0.7761030793190002
2024-09-25_15-53-15,0.7758243680000305
2024-09-25_15-53-16,0.7740240097045898
2024-09-25_15-53-16,0.7740240097045898
2024-09-25_15-53-17,0.7760718464851379
2024-09-25_15-53-18,0.7739327549934387
2024-09-25_15-53-19,0.7748565673828125
2024-09-25_15-53-20,0.7754270434379578
2024-09-25_15-53-20,0.7751914262771606
2024-09-25_15-53-21,0.7751914262771606
2024-09-25_15-53-22,0.7747837901115417
2024-09-25_15-53-23,0.7751057744026184
2024-09-25_15-53-24,0.7754315733909607
2024-09-25_15-53-24,0.7751109600067139
2024-09-25_15-53-25,0.7751109600067139
2024-09-25_15-53-26,0.7744386196136475
2024-09-25_15-53-27,0.7744447588920593
2024-09-25_15-53-28,0.7740289568901062
2024-09-25_15-53-29,0.7745450139045715
2024-09-25_15-53-29,0.7744656801223755
2024-09-25_15-53-30,0.7744656801223755
2024-09-25_15-53-31,0.7741943001747131
2024-09-25_15-53-32,0.7738823890686035
2024-09-25_15-53-33,0.7741649150848389
2024-09-25_15-53-33,0.7742973566055298
2024-09-25_15-53-34,0.7742973566055298
2024-09-25_15-53-35,0.7747402191162109
2024-09-25_15-53-36,0.7749295234680176
2024-09-25_15-53-37,0.7747489213943481
2024-09-25_15-53-37,0.7748736143112183
2024-09-25_15-53-38,0.7748736143112183
2024-09-25_15-53-39,0.7739394903182983
2024-09-25_15-53-40,0.772636890411377
2024-09-25_15-53-41,0.7733662128448486
2024-09-25_15-53-42,0.7737216353416443
2024-09-25_15-53-42,0.7726745009422302
2024-09-25_15-53-43,0.7726745009422302
2024-09-25_15-53-44,0.7725985646247864
2024-09-25_15-53-45,0.773210883140564
2024-09-25_15-53-46,0.7729563117027283
2024-09-25_15-53-46,0.7726459503173828
2024-09-25_15-53-47,0.7726459503173828
2024-09-25_15-53-48,0.7732944488525391
2024-09-25_15-53-49,0.7732580304145813
2024-09-25_15-53-50,0.7733285427093506
2024-09-25_15-53-50,0.7727964520454407
2024-09-25_15-53-51,0.7727964520454407
2024-09-25_15-53-52,0.77316814661026
2024-09-25_15-53-53,0.772614598274231
2024-09-25_15-53-54,0.7723422050476074
2024-09-25_15-53-55,0.7717798352241516
2024-09-25_15-53-55,0.77290278673172
2024-09-25_15-53-56,0.77290278673172
2024-09-25_15-53-57,0.7733961343765259
2024-09-25_15-53-58,0.7718155384063721
2024-09-25_15-53-59,0.772133469581604
2024-09-25_15-53-59,0.7719904184341431
2024-09-25_15-54-0,0.7719904184341431
2024-09-25_15-54-1,0.772182047367096
2024-09-25_15-54-2,0.7727512717247009
2024-09-25_15-54-3,0.7722667455673218
2024-09-25_15-54-3,0.7715132236480713
2024-09-25_15-54-4,0.7715132236480713
2024-09-25_15-54-5,0.7717805504798889
2024-09-25_15-54-6,0.7725426554679871
2024-09-25_15-54-7,0.7712791562080383
2024-09-25_15-54-8,0.7720541954040527
2024-09-25_15-54-8,0.771019458770752
2024-09-25_15-54-9,0.771019458770752
2024-09-25_15-54-10,0.7715808749198914
2024-09-25_15-54-11,0.7712470889091492
2024-09-25_15-54-12,0.7702568173408508
2024-09-25_15-54-12,0.7701514363288879
2024-09-25_15-54-13,0.7701514363288879
2024-09-25_15-54-14,0.7702898383140564
2024-09-25_15-54-15,0.7710040211677551
2024-09-25_15-54-16,0.7715427279472351
2024-09-25_15-54-16,0.7718891501426697
2024-09-25_15-54-17,0.7718891501426697
2024-09-25_15-54-18,0.7713006138801575
2024-09-25_15-54-19,0.7717040181159973
2024-09-25_15-54-20,0.771241307258606
2024-09-25_15-54-21,0.7714421153068542
2024-09-25_15-54-21,0.7714421153068542
2024-09-25_15-54-22,0.7716265916824341
2024-09-25_15-54-23,0.771345317363739
2024-09-25_15-54-24,0.7714211344718933
2024-09-25_15-54-25,0.7723211050033569
2024-09-25_15-54-25,0.7708854079246521
2024-09-25_15-54-26,0.7708854079246521
2024-09-25_15-54-27,0.7706863880157471
2024-09-25_15-54-28,0.7723042964935303
2024-09-25_15-54-29,0.7702247500419617
2024-09-25_15-54-29,0.7710867524147034
2024-09-25_15-54-30,0.7710867524147034
2024-09-25_15-54-31,0.7716580033302307
2024-09-25_15-54-32,0.7710086107254028
2024-09-25_15-54-33,0.7707004547119141
2024-09-25_15-54-33,0.7715465426445007
2024-09-25_15-54-34,0.7704479694366455
2024-09-25_15-54-35,0.7704479694366455
2024-09-25_15-54-36,0.7717667818069458
2024-09-25_15-54-37,0.7710023522377014
2024-09-25_15-54-38,0.7699944376945496
2024-09-25_15-54-38,0.7704393863677979
2024-09-25_15-54-39,0.7704393863677979
2024-09-25_15-54-40,0.7710131406784058
2024-09-25_15-54-41,0.7699314951896667
2024-09-25_15-54-42,0.7703129649162292
2024-09-25_15-54-42,0.770447313785553
2024-09-25_15-54-43,0.770447313785553
2024-09-25_15-54-44,0.7711816430091858
2024-09-25_15-54-45,0.7705588340759277
2024-09-25_15-54-46,0.7698898911476135
2024-09-25_15-54-46,0.7704489827156067
2024-09-25_15-54-47,0.7704489827156067
2024-09-25_15-54-48,0.7697256207466125
2024-09-25_15-54-49,0.7704535126686096
2024-09-25_15-54-50,0.7700984477996826
2024-09-25_15-54-51,0.7703509330749512
2024-09-25_15-54-51,0.7705882787704468
2024-09-25_15-54-52,0.7705882787704468
2024-09-25_15-54-53,0.7703315019607544
2024-09-25_15-54-54,0.7694126963615417
2024-09-25_15-54-55,0.7696975469589233
2024-09-25_15-54-55,0.770666241645813
2024-09-25_15-54-56,0.770666241645813
2024-09-25_15-54-57,0.7697426080703735
2024-09-25_15-54-58,0.770075261592865
2024-09-25_15-54-59,0.7693342566490173
2024-09-25_15-54-59,0.7691758275032043
2024-09-25_15-55-0,0.7691758275032043
2024-09-25_15-55-1,0.7693028450012207
2024-09-25_15-55-2,0.769282341003418
2024-09-25_15-55-3,0.7692309021949768
2024-09-25_15-55-4,0.7691794037818909
2024-09-25_15-55-4,0.7685187458992004
2024-09-25_15-55-5,0.7685187458992004
2024-09-25_15-55-6,0.7694128155708313
2024-09-25_15-55-7,0.7699849605560303
2024-09-25_15-55-8,0.768208384513855
2024-09-25_15-55-8,0.7678428292274475
2024-09-25_15-55-9,0.7678428292274475
2024-09-25_15-55-10,0.7685742974281311
2024-09-25_15-55-11,0.7688274383544922
2024-09-25_15-55-12,0.7689737677574158
2024-09-25_15-55-13,0.7682676315307617
2024-09-25_15-55-13,0.7682639360427856
2024-09-25_15-55-14,0.7682639360427856
2024-09-25_15-55-15,0.7692825198173523
2024-09-25_15-55-16,0.7685277462005615
2024-09-25_15-55-17,0.7679356336593628
2024-09-25_15-55-17,0.7679787874221802
2024-09-25_15-55-18,0.7679787874221802
2024-09-25_15-55-19,0.768043041229248
2024-09-25_15-55-20,0.7675292491912842
2024-09-25_15-55-21,0.7679423689842224
2024-09-25_15-55-21,0.7677414417266846
2024-09-25_15-55-22,0.7677414417266846
2024-09-25_15-55-23,0.7680655717849731
2024-09-25_15-55-24,0.7674675583839417
2024-09-25_15-55-25,0.7667343616485596
2024-09-25_15-55-26,0.7664448618888855
2024-09-25_15-55-26,0.767935037612915
2024-09-25_15-55-27,0.767935037612915
2024-09-25_15-55-28,0.7679144740104675
2024-09-25_15-55-29,0.7665839791297913
2024-09-25_15-55-30,0.7674577236175537
2024-09-25_15-55-30,0.7660574316978455
2024-09-25_15-55-31,0.7660574316978455
2024-09-25_15-55-32,0.7670175433158875
2024-09-25_15-55-33,0.7673347592353821
2024-09-25_15-55-34,0.7664494514465332
2024-09-25_15-55-34,0.7677520513534546
2024-09-25_15-55-35,0.7677520513534546
2024-09-25_15-55-36,0.7669963240623474
2024-09-25_15-55-37,0.7674098610877991
2024-09-25_15-55-38,0.7665331363677979
2024-09-25_15-55-39,0.7664961218833923
2024-09-25_15-55-39,0.765626072883606
2024-09-25_15-55-40,0.765626072883606
2024-09-25_15-55-41,0.7657621502876282
2024-09-25_15-55-42,0.7665644288063049
2024-09-25_15-55-43,0.765580952167511
2024-09-25_15-55-43,0.7650334239006042
2024-09-25_15-55-44,0.7650334239006042
2024-09-25_15-55-45,0.7657507658004761
2024-09-25_15-55-46,0.7653727531433105
2024-09-25_15-55-47,0.7663393020629883
2024-09-25_15-55-47,0.7655696868896484
2024-09-25_15-55-48,0.7655696868896484
2024-09-25_15-55-49,0.765972912311554
2024-09-25_15-55-50,0.7660483717918396
2024-09-25_15-55-51,0.7655966877937317
2024-09-25_15-55-52,0.764156699180603
2024-09-25_15-55-52,0.7651793360710144
2024-09-25_15-55-53,0.7651793360710144
2024-09-25_15-55-54,0.7653035521507263
2024-09-25_15-55-55,0.7646438479423523
2024-09-25_15-55-56,0.7650636434555054
2024-09-25_15-55-56,0.7652579545974731
2024-09-25_15-55-57,0.7652579545974731
2024-09-25_15-55-58,0.7649068832397461
2024-09-25_15-55-59,0.7645493149757385
2024-09-25_15-56-0,0.7647127509117126
2024-09-25_15-56-0,0.7650831341743469
2024-09-25_15-56-1,0.7650831341743469
2024-09-25_15-56-2,0.7648221254348755
2024-09-25_15-56-3,0.7651888132095337
2024-09-25_15-56-4,0.7646381855010986
2024-09-25_15-56-5,0.7653849124908447
2024-09-25_15-56-5,0.7648252248764038
2024-09-25_15-56-6,0.7648252248764038
2024-09-25_15-56-7,0.7643841505050659
2024-09-25_15-56-8,0.7644824981689453
2024-09-25_15-56-9,0.7644537091255188
2024-09-25_15-56-9,0.7654998302459717
2024-09-25_15-56-10,0.7654998302459717
2024-09-25_15-56-11,0.765484094619751
2024-09-25_15-56-12,0.765667736530304
2024-09-25_15-56-13,0.7646843194961548
2024-09-25_15-56-13,0.7646275162696838
2024-09-25_15-56-14,0.7646275162696838
2024-09-25_15-56-15,0.7650299668312073
2024-09-25_15-56-16,0.7650410532951355
2024-09-25_15-56-17,0.7658061385154724
2024-09-25_15-56-17,0.7657251358032227
2024-09-25_15-56-18,0.7643690705299377
2024-09-25_15-56-19,0.7643690705299377
2024-09-25_15-56-20,0.7659361362457275
2024-09-25_15-56-21,0.7654745578765869
2024-09-25_15-56-22,0.7651855945587158
2024-09-25_15-56-22,0.7650746703147888
2024-09-25_15-56-23,0.7650746703147888
2024-09-25_15-56-24,0.764079749584198
2024-09-25_15-56-25,0.7651242017745972
2024-09-25_15-56-26,0.764634907245636
2024-09-25_15-56-26,0.7639150619506836
2024-09-25_15-56-27,0.7639150619506836
2024-09-25_15-56-28,0.7649533748626709
2024-09-25_15-56-29,0.7644069790840149
2024-09-25_15-56-30,0.763706624507904
2024-09-25_15-56-30,0.7638782262802124
2024-09-25_15-56-31,0.7637147903442383
2024-09-25_15-56-32,0.7637147903442383
2024-09-25_15-56-33,0.762422502040863
2024-09-25_15-56-34,0.7645837664604187
2024-09-25_15-56-35,0.7647646069526672
2024-09-25_15-56-35,0.7644379138946533
2024-09-25_15-56-36,0.7644379138946533
2024-09-25_15-56-37,0.7639883160591125
2024-09-25_15-56-38,0.7642866373062134
2024-09-25_15-56-39,0.7641637921333313
2024-09-25_15-56-39,0.7637354731559753
2024-09-25_15-56-40,0.7637354731559753
2024-09-25_15-56-41,0.7634940147399902
2024-09-25_15-56-42,0.763176679611206
2024-09-25_15-56-43,0.7625267505645752
2024-09-25_15-56-43,0.7640173435211182
2024-09-25_15-56-44,0.7641233801841736
2024-09-25_15-56-45,0.7641233801841736
2024-09-25_15-56-46,0.7634662389755249
2024-09-25_15-56-47,0.7632876038551331
2024-09-25_15-56-48,0.7632163166999817
2024-09-25_15-56-48,0.7636812925338745
2024-09-25_15-56-49,0.7636812925338745
2024-09-25_15-56-50,0.7621183395385742
2024-09-25_15-56-51,0.762822687625885
2024-09-25_15-56-52,0.7635250091552734
2024-09-25_15-56-52,0.7623764276504517
2024-09-25_15-56-53,0.7623764276504517
2024-09-25_15-56-54,0.7628329992294312
2024-09-25_15-56-55,0.7627258896827698
2024-09-25_15-56-56,0.7635054588317871
2024-09-25_15-56-57,0.7630744576454163
2024-09-25_15-56-57,0.7641115188598633
2024-09-25_15-56-58,0.7641115188598633
2024-09-25_15-56-59,0.7627806663513184
2024-09-25_15-57-0,0.7633179426193237
2024-09-25_15-57-1,0.7625516057014465
2024-09-25_15-57-1,0.7624253630638123
2024-09-25_15-57-2,0.7624253630638123
2024-09-25_15-57-3,0.7630136609077454
2024-09-25_15-57-4,0.7630139589309692
2024-09-25_15-57-5,0.7615970373153687
2024-09-25_15-57-5,0.7617402672767639
2024-09-25_15-57-6,0.7623783946037292
2024-09-25_15-57-7,0.7623783946037292
2024-09-25_15-57-8,0.7621549367904663
2024-09-25_15-57-9,0.7618119120597839
2024-09-25_15-57-10,0.7626111507415771
2024-09-25_15-57-10,0.7623103260993958
2024-09-25_15-57-11,0.7623103260993958
2024-09-25_15-57-12,0.76179438829422
2024-09-25_15-57-13,0.7624062299728394
2024-09-25_15-57-14,0.7626226544380188
2024-09-25_15-57-14,0.761851966381073
2024-09-25_15-57-15,0.7616935968399048
2024-09-25_15-57-16,0.7616935968399048
2024-09-25_15-57-17,0.7617636322975159
2024-09-25_15-57-18,0.7621129155158997
2024-09-25_15-57-19,0.7620061635971069
2024-09-25_15-57-19,0.7620753049850464
2024-09-25_15-57-20,0.7620753049850464
2024-09-25_15-57-21,0.7618008255958557
2024-09-25_15-57-22,0.7617676258087158
2024-09-25_15-57-23,0.7619355916976929
2024-09-25_15-57-23,0.7614285945892334
2024-09-25_15-57-24,0.7614285945892334
2024-09-25_15-57-25,0.7607750296592712
2024-09-25_15-57-26,0.7610965371131897
2024-09-25_15-57-27,0.7617825269699097
2024-09-25_15-57-28,0.7618353366851807
2024-09-25_15-57-28,0.760958194732666
2024-09-25_15-57-29,0.760958194732666
2024-09-25_15-57-30,0.7617051601409912
2024-09-25_15-57-31,0.7618066668510437
2024-09-25_15-57-32,0.7614131569862366
2024-09-25_15-57-32,0.7612611651420593
2024-09-25_15-57-33,0.7612611651420593
2024-09-25_15-57-34,0.7612738609313965
2024-09-25_15-57-35,0.7614668011665344
2024-09-25_15-57-36,0.7606735229492188
2024-09-25_15-57-36,0.7612584829330444
2024-09-25_15-57-37,0.7604410648345947
2024-09-25_15-57-38,0.7604410648345947
2024-09-25_15-57-39,0.7623618245124817
2024-09-25_15-57-40,0.7608642578125
2024-09-25_15-57-41,0.7602104544639587
2024-09-25_15-57-41,0.7606099843978882
2024-09-25_15-57-42,0.7606099843978882
2024-09-25_15-57-43,0.7600522637367249
2024-09-25_15-57-44,0.7609494924545288
2024-09-25_15-57-45,0.7602583765983582
2024-09-25_15-57-45,0.7603789567947388
2024-09-25_15-57-46,0.7603789567947388
2024-09-25_15-57-47,0.7605737447738647
2024-09-25_15-57-48,0.7606800198554993
2024-09-25_15-57-49,0.7607563734054565
2024-09-25_15-57-50,0.7595305442810059
2024-09-25_15-57-50,0.7603921890258789
2024-09-25_15-57-51,0.7603921890258789
2024-09-25_15-57-52,0.7612125277519226
2024-09-25_15-57-53,0.7590463161468506
2024-09-25_15-57-54,0.7606498599052429
2024-09-25_15-57-54,0.7594164609909058
2024-09-25_15-57-55,0.7594164609909058
2024-09-25_15-57-56,0.7591857314109802
2024-09-25_15-57-57,0.759240448474884
2024-09-25_15-57-58,0.759942352771759
2024-09-25_15-57-58,0.759747326374054
2024-09-25_15-57-59,0.759444534778595
2024-09-25_15-58-0,0.759444534778595
2024-09-25_15-58-1,0.7590194940567017
2024-09-25_15-58-2,0.7593486905097961
2024-09-25_15-58-3,0.759536623954773
2024-09-25_15-58-3,0.7590279579162598
2024-09-25_15-58-4,0.7590279579162598
2024-09-25_15-58-5,0.759876549243927
2024-09-25_15-58-6,0.7596879005432129
2024-09-25_15-58-7,0.7608925104141235
2024-09-25_15-58-7,0.759826123714447
2024-09-25_15-58-8,0.759826123714447
2024-09-25_15-58-9,0.7608980536460876
2024-09-25_15-58-10,0.7602052092552185
2024-09-25_15-58-11,0.760354220867157
2024-09-25_15-58-11,0.7601398825645447
2024-09-25_15-58-12,0.7599155902862549
2024-09-25_15-58-13,0.7599155902862549
2024-09-25_15-58-14,0.7596610188484192
2024-09-25_15-58-15,0.7601755261421204
2024-09-25_15-58-16,0.7586700916290283
2024-09-25_15-58-16,0.7585346102714539
2024-09-25_15-58-17,0.7585346102714539
2024-09-25_15-58-18,0.7605842351913452
2024-09-25_15-58-19,0.7601465582847595
2024-09-25_15-58-20,0.7609459161758423
2024-09-25_15-58-20,0.7598418593406677
2024-09-25_15-58-21,0.7598418593406677
2024-09-25_15-58-22,0.7587471604347229
2024-09-25_15-58-23,0.7588270902633667
2024-09-25_15-58-24,0.7604545950889587
2024-09-25_15-58-24,0.7594044208526611
2024-09-25_15-58-25,0.7593793272972107
2024-09-25_15-58-26,0.7593793272972107
2024-09-25_15-58-27,0.7614101767539978
2024-09-25_15-58-28,0.7597105503082275
2024-09-25_15-58-29,0.7602924704551697
2024-09-25_15-58-29,0.7609639763832092
2024-09-25_15-58-30,0.7609639763832092
2024-09-25_15-58-31,0.7596736550331116
2024-09-25_15-58-32,0.7599769830703735
2024-09-25_15-58-33,0.7604087591171265
2024-09-25_15-58-33,0.7613404989242554
2024-09-25_15-58-34,0.7613404989242554
2024-09-25_15-58-35,0.760227620601654
2024-09-25_15-58-36,0.7594223618507385
2024-09-25_15-58-37,0.7602375149726868
2024-09-25_15-58-38,0.7601538300514221
2024-09-25_15-58-38,0.7580112218856812
2024-09-25_15-58-39,0.7580112218856812
2024-09-25_15-58-40,0.7593068480491638
2024-09-25_15-58-41,0.7584214210510254
2024-09-25_15-58-42,0.7580074071884155
2024-09-25_15-58-42,0.7581282258033752
2024-09-25_15-58-43,0.7581282258033752
2024-09-25_15-58-44,0.7586876153945923
2024-09-25_15-58-45,0.7591192722320557
2024-09-25_15-58-46,0.7587830424308777
2024-09-25_15-58-46,0.7589830756187439
2024-09-25_15-58-47,0.7589830756187439
2024-09-25_15-58-48,0.7584392428398132
2024-09-25_15-58-49,0.7588746547698975
2024-09-25_15-58-50,0.7582980990409851
2024-09-25_15-58-51,0.7586145401000977
2024-09-25_15-58-51,0.758419930934906
2024-09-25_15-58-52,0.758419930934906
2024-09-25_15-58-53,0.7578339576721191
2024-09-25_15-58-54,0.7579091787338257
2024-09-25_15-58-55,0.7578288912773132
2024-09-25_15-58-55,0.7571519613265991
2024-09-25_15-58-56,0.7571519613265991
2024-09-25_15-58-57,0.7562523484230042
2024-09-25_15-58-58,0.75596684217453
2024-09-25_15-58-59,0.7558847665786743
2024-09-25_15-58-59,0.7559407353401184
2024-09-25_15-59-0,0.7559407353401184
2024-09-25_15-59-1,0.7560102939605713
2024-09-25_15-59-2,0.7568840384483337
2024-09-25_15-59-3,0.755820631980896
2024-09-25_15-59-3,0.7562915086746216
2024-09-25_15-59-4,0.7548747658729553
2024-09-25_15-59-5,0.7548747658729553
2024-09-25_15-59-6,0.7554919719696045
2024-09-25_15-59-7,0.7558084726333618
2024-09-25_15-59-8,0.755964994430542
2024-09-25_15-59-8,0.7555418610572815
2024-09-25_15-59-9,0.7555418610572815
2024-09-25_15-59-10,0.7561231255531311
2024-09-25_15-59-11,0.7558521032333374
2024-09-25_15-59-12,0.7566531300544739
2024-09-25_15-59-12,0.7561020851135254
2024-09-25_15-59-13,0.7561020851135254
2024-09-25_15-59-14,0.7563912272453308
2024-09-25_15-59-15,0.7558843493461609
2024-09-25_15-59-16,0.7563075423240662
2024-09-25_15-59-16,0.7565227746963501
2024-09-25_15-59-17,0.7559898495674133
2024-09-25_15-59-18,0.7559898495674133
2024-09-25_15-59-19,0.7567000389099121
2024-09-25_15-59-20,0.7554839253425598
2024-09-25_15-59-21,0.7556471824645996
2024-09-25_15-59-21,0.7558807730674744
2024-09-25_15-59-22,0.7558807730674744
2024-09-25_15-59-23,0.7568922638893127
2024-09-25_15-59-24,0.756890594959259
2024-09-25_15-59-25,0.7566579580307007
2024-09-25_15-59-25,0.7560461163520813
2024-09-25_15-59-26,0.7560461163520813
2024-09-25_15-59-27,0.7551384568214417
2024-09-25_15-59-28,0.7566190361976624
2024-09-25_15-59-29,0.755813717842102
2024-09-25_15-59-30,0.7559685707092285
2024-09-25_15-59-30,0.7558000683784485
2024-09-25_15-59-31,0.7558000683784485
2024-09-25_15-59-32,0.755773663520813
2024-09-25_15-59-33,0.754639208316803
2024-09-25_15-59-34,0.754822850227356
2024-09-25_15-59-34,0.7548593282699585
2024-09-25_15-59-35,0.7548593282699585
2024-09-25_15-59-36,0.756527304649353
2024-09-25_15-59-37,0.7562075853347778
2024-09-25_15-59-38,0.755987823009491
2024-09-25_15-59-38,0.7544837594032288
2024-09-25_15-59-39,0.7545221447944641
2024-09-25_15-59-40,0.7545221447944641
2024-09-25_15-59-41,0.7549648284912109
2024-09-25_15-59-42,0.7563620209693909
2024-09-25_15-59-43,0.7553643584251404
2024-09-25_15-59-43,0.7554504871368408
2024-09-25_15-59-44,0.7554504871368408
2024-09-25_15-59-45,0.7563806176185608
2024-09-25_15-59-46,0.7559360265731812
2024-09-25_15-59-47,0.754941463470459
2024-09-25_15-59-47,0.7542311549186707
2024-09-25_15-59-48,0.7542311549186707
2024-09-25_15-59-49,0.7543830871582031
2024-09-25_15-59-50,0.7548069953918457
2024-09-25_15-59-51,0.7553765177726746
2024-09-25_15-59-52,0.755092978477478
2024-09-25_15-59-52,0.7549678087234497
2024-09-25_15-59-53,0.7549678087234497
2024-09-25_15-59-54,0.754834771156311
2024-09-25_15-59-55,0.7563296556472778
2024-09-25_15-59-56,0.7555535435676575
2024-09-25_15-59-56,0.7562560439109802
2024-09-25_15-59-57,0.7562560439109802
2024-09-25_15-59-58,0.7553516030311584
2024-09-25_15-59-59,0.7559660077095032
2024-09-25_16-00-0,0.754695475101471
2024-09-25_16-00-1,0.7549569606781006
2024-09-25_16-00-1,0.7546701431274414
2024-09-25_16-00-2,0.7546701431274414
2024-09-25_16-00-3,0.7547629475593567
2024-09-25_16-00-4,0.7541259527206421
2024-09-25_16-00-5,0.7540932893753052
2024-09-25_16-00-5,0.7555088400840759
2024-09-25_16-00-6,0.7555088400840759
2024-09-25_16-00-7,0.7561185359954834
2024-09-25_16-00-8,0.7557801008224487
2024-09-25_16-00-9,0.7557498812675476
2024-09-25_16-00-9,0.7535024285316467
2024-09-25_16-00-10,0.7556592226028442
2024-09-25_16-00-11,0.7556592226028442
2024-09-25_16-00-12,0.7567066550254822
2024-09-25_16-00-13,0.7560676336288452
2024-09-25_16-00-14,0.751656711101532
2024-09-25_16-00-14,0.7371770143508911
2024-09-25_16-00-15,0.7371770143508911
2024-09-25_16-00-16,0.7366564869880676
2024-09-25_16-00-17,0.735586941242218
2024-09-25_16-00-18,0.7359448075294495
2024-09-25_16-00-18,0.7363835573196411
2024-09-25_16-00-19,0.7363835573196411
2024-09-25_16-00-20,0.7408042550086975
2024-09-25_16-00-21,0.7577502131462097
2024-09-25_16-00-22,0.7587242722511292
2024-09-25_16-00-23,0.7578755021095276
2024-09-25_16-00-23,0.7554333806037903
2024-09-25_16-00-24,0.7554333806037903
2024-09-25_16-00-25,0.755067765712738
2024-09-25_16-00-26,0.7552039623260498
2024-09-25_16-00-27,0.7547699213027954
2024-09-25_16-00-27,0.7552611231803894
2024-09-25_16-00-28,0.7552611231803894
2024-09-25_16-00-29,0.7545274496078491
2024-09-25_16-00-30,0.7552008628845215
2024-09-25_16-00-31,0.7566043734550476
2024-09-25_16-00-31,0.756157398223877
2024-09-25_16-00-32,0.756766140460968
2024-09-25_16-00-33,0.756766140460968
2024-09-25_16-00-34,0.7560919523239136
2024-09-25_16-00-35,0.7556779384613037
2024-09-25_16-00-36,0.7561293840408325
2024-09-25_16-00-36,0.7563753128051758
2024-09-25_16-00-37,0.7563753128051758
2024-09-25_16-00-38,0.7579376101493835
2024-09-25_16-00-39,0.7588409781455994
2024-09-25_16-00-40,0.7582463026046753
2024-09-25_16-00-40,0.7569184899330139
2024-09-25_16-00-41,0.7569184899330139
2024-09-25_16-00-42,0.7580068707466125
2024-09-25_16-00-43,0.7594720721244812
2024-09-25_16-00-44,0.7574558258056641
2024-09-25_16-00-45,0.7557594776153564
2024-09-25_16-00-45,0.7557410001754761
2024-09-25_16-00-46,0.7557410001754761
2024-09-25_16-00-47,0.7564146518707275
2024-09-25_16-00-48,0.7589019536972046
2024-09-25_16-00-49,0.7586138844490051
2024-09-25_16-00-49,0.7599948644638062
2024-09-25_16-00-50,0.7599948644638062
2024-09-25_16-00-51,0.7591028809547424
2024-09-25_16-00-52,0.7593738436698914
2024-09-25_16-00-53,0.7602766156196594
2024-09-25_16-00-53,0.757739782333374
2024-09-25_16-00-54,0.7582190632820129
2024-09-25_16-00-55,0.7582190632820129
2024-09-25_16-00-56,0.7578011155128479
2024-09-25_16-00-57,0.7575815320014954
2024-09-25_16-00-58,0.7594051361083984
2024-09-25_16-00-58,0.7593228220939636
2024-09-25_16-00-59,0.7593228220939636
2024-09-25_16-01-0,0.7598780989646912
2024-09-25_16-01-1,0.7595446109771729
2024-09-25_16-01-2,0.7598682641983032
2024-09-25_16-01-2,0.7599812150001526
2024-09-25_16-01-3,0.7599812150001526
2024-09-25_16-01-4,0.7592705488204956
2024-09-25_16-01-5,0.7586973309516907
2024-09-25_16-01-6,0.759889543056488
2024-09-25_16-01-6,0.7595340609550476
2024-09-25_16-01-7,0.7595064640045166
2024-09-25_16-01-8,0.7595064640045166
2024-09-25_16-01-9,0.7584922313690186
2024-09-25_16-01-10,0.7575937509536743
2024-09-25_16-01-11,0.7573082447052002
2024-09-25_16-01-11,0.7568972110748291
2024-09-25_16-01-12,0.7568972110748291
2024-09-25_16-01-13,0.759746253490448
2024-09-25_16-01-14,0.7574501633644104
2024-09-25_16-01-15,0.7590199708938599
2024-09-25_16-01-15,0.759210467338562
2024-09-25_16-01-16,0.759210467338562
2024-09-25_16-01-17,0.7578965425491333
2024-09-25_16-01-18,0.7587218880653381
2024-09-25_16-01-19,0.7580257654190063
2024-09-25_16-01-19,0.7561731934547424
2024-09-25_16-01-20,0.7583039999008179
2024-09-25_16-01-21,0.7583039999008179
2024-09-25_16-01-22,0.7581923604011536
2024-09-25_16-01-23,0.7582064270973206
2024-09-25_16-01-24,0.7582495212554932
2024-09-25_16-01-24,0.7576410174369812
2024-09-25_16-01-25,0.7576410174369812
2024-09-25_16-01-26,0.7587836384773254
2024-09-25_16-01-27,0.7577841281890869
2024-09-25_16-01-28,0.7584419250488281
2024-09-25_16-01-28,0.7585281729698181
2024-09-25_16-01-29,0.7585281729698181
2024-09-25_16-01-30,0.7583314776420593
2024-09-25_16-01-31,0.757266104221344
2024-09-25_16-01-32,0.7573882937431335
2024-09-25_16-01-32,0.7574341297149658
2024-09-25_16-01-33,0.7574341297149658
2024-09-25_16-01-34,0.7564593553543091
2024-09-25_16-01-35,0.7567765116691589
2024-09-25_16-01-36,0.7573359608650208
2024-09-25_16-01-36,0.7563786506652832
2024-09-25_16-01-37,0.7583936452865601
2024-09-25_16-01-38,0.7583936452865601
2024-09-25_16-01-39,0.7586556673049927
2024-09-25_16-01-40,0.7571422457695007
2024-09-25_16-01-41,0.7581075429916382
2024-09-25_16-01-41,0.7563977241516113
2024-09-25_16-01-42,0.7563977241516113
2024-09-25_16-01-43,0.7583531141281128
2024-09-25_16-01-44,0.7577712535858154
2024-09-25_16-01-45,0.7580974102020264
2024-09-25_16-01-45,0.7580410242080688
2024-09-25_16-01-46,0.7576723694801331
2024-09-25_16-01-47,0.7576723694801331
2024-09-25_16-01-48,0.7580587863922119
2024-09-25_16-01-49,0.758668065071106
2024-09-25_16-01-50,0.7574833035469055
2024-09-25_16-01-50,0.7577587962150574
2024-09-25_16-01-51,0.7577587962150574
2024-09-25_16-01-52,0.7576342821121216
2024-09-25_16-01-53,0.7583461999893188
2024-09-25_16-01-54,0.7583304047584534
2024-09-25_16-01-54,0.7590183019638062
2024-09-25_16-01-55,0.7590183019638062
2024-09-25_16-01-56,0.7583063244819641
2024-09-25_16-01-57,0.7581045031547546
2024-09-25_16-01-58,0.7572906017303467
2024-09-25_16-01-58,0.7575855851173401
2024-09-25_16-01-59,0.7567205429077148
2024-09-25_16-02-0,0.7567205429077148
2024-09-25_16-02-1,0.7573804259300232
2024-09-25_16-02-2,0.7571765780448914
2024-09-25_16-02-3,0.7581605911254883
2024-09-25_16-02-3,0.7568073868751526
2024-09-25_16-02-4,0.7568073868751526
2024-09-25_16-02-5,0.7569102644920349
2024-09-25_16-02-6,0.7575159072875977
2024-09-25_16-02-7,0.7565041780471802
2024-09-25_16-02-7,0.7565689086914062
2024-09-25_16-02-8,0.7565689086914062
2024-09-25_16-02-9,0.7564285397529602
2024-09-25_16-02-10,0.7548850178718567
2024-09-25_16-02-11,0.7575162649154663
2024-09-25_16-02-12,0.7569715976715088
2024-09-25_16-02-12,0.75556480884552
2024-09-25_16-02-13,0.75556480884552
2024-09-25_16-02-14,0.756498396396637
2024-09-25_16-02-15,0.7563398480415344
2024-09-25_16-02-16,0.7571175694465637
2024-09-25_16-02-16,0.757305383682251
2024-09-25_16-02-17,0.757305383682251
2024-09-25_16-02-18,0.757407546043396
2024-09-25_16-02-19,0.7576030492782593
2024-09-25_16-02-20,0.757009744644165
2024-09-25_16-02-20,0.7576044797897339
2024-09-25_16-02-21,0.7563513517379761
2024-09-25_16-02-22,0.7563513517379761
2024-09-25_16-02-23,0.7562630772590637
2024-09-25_16-02-24,0.7572153806686401
2024-09-25_16-02-25,0.7575803995132446
2024-09-25_16-02-25,0.7566689252853394
2024-09-25_16-02-26,0.7566689252853394
2024-09-25_16-02-27,0.7559683322906494
2024-09-25_16-02-28,0.7572289109230042
2024-09-25_16-02-29,0.756807804107666
2024-09-25_16-02-29,0.7558565735816956
2024-09-25_16-02-30,0.7558773756027222
2024-09-25_16-02-31,0.7558773756027222
2024-09-25_16-02-32,0.7559410333633423
2024-09-25_16-02-33,0.755972146987915
2024-09-25_16-02-34,0.7564672827720642
2024-09-25_16-02-34,0.7561997175216675
2024-09-25_16-02-35,0.7561997175216675
2024-09-25_16-02-36,0.7568802833557129
2024-09-25_16-02-37,0.7563794255256653
2024-09-25_16-02-38,0.7563433647155762
2024-09-25_16-02-38,0.7563456892967224
2024-09-25_16-02-39,0.7563456892967224
2024-09-25_16-02-40,0.7560311555862427
2024-09-25_16-02-41,0.7567414045333862
2024-09-25_16-02-42,0.7560758590698242
2024-09-25_16-02-42,0.7567154765129089
2024-09-25_16-02-43,0.7562868595123291
2024-09-25_16-02-44,0.7562868595123291
2024-09-25_16-02-45,0.7559471726417542
2024-09-25_16-02-46,0.7557750940322876
2024-09-25_16-02-47,0.7557979822158813
2024-09-25_16-02-47,0.7562329769134521
2024-09-25_16-02-48,0.7562329769134521
2024-09-25_16-02-49,0.7561039328575134
2024-09-25_16-02-50,0.7555035948753357
2024-09-25_16-02-51,0.7558135390281677
2024-09-25_16-02-51,0.7549771070480347
2024-09-25_16-02-52,0.7549771070480347
2024-09-25_16-02-53,0.7572407126426697
2024-09-25_16-02-54,0.757916271686554
2024-09-25_16-02-55,0.7561917901039124
2024-09-25_16-02-55,0.7560294270515442
2024-09-25_16-02-56,0.7562196850776672
2024-09-25_16-02-57,0.7562196850776672
2024-09-25_16-02-58,0.7562111616134644
2024-09-25_16-02-59,0.7571657299995422
2024-09-25_16-03-0,0.7583171725273132
2024-09-25_16-03-0,0.7572119832038879
2024-09-25_16-03-1,0.7572119832038879
2024-09-25_16-03-2,0.7559464573860168
2024-09-25_16-03-3,0.7566628456115723
2024-09-25_16-03-4,0.7556117177009583
2024-09-25_16-03-4,0.7557264566421509
2024-09-25_16-03-5,0.7558624148368835
2024-09-25_16-03-6,0.7558624148368835
2024-09-25_16-03-7,0.755192756652832
2024-09-25_16-03-8,0.7557342052459717
2024-09-25_16-03-9,0.7571948766708374
2024-09-25_16-03-9,0.7578002214431763
2024-09-25_16-03-10,0.7578002214431763
2024-09-25_16-03-11,0.7590028643608093
2024-09-25_16-03-12,0.7569988965988159
2024-09-25_16-03-13,0.7577634453773499
2024-09-25_16-03-13,0.7567597031593323
2024-09-25_16-03-14,0.7567597031593323
2024-09-25_16-03-15,0.7573117017745972
2024-09-25_16-03-16,0.7562566995620728
2024-09-25_16-03-17,0.7563329935073853
2024-09-25_16-03-17,0.7554950714111328
2024-09-25_16-03-18,0.7565418481826782
2024-09-25_16-03-19,0.7565418481826782
2024-09-25_16-03-20,0.7563050985336304
2024-09-25_16-03-21,0.7564406991004944
2024-09-25_16-03-22,0.756176233291626
2024-09-25_16-03-22,0.7584119439125061
2024-09-25_16-03-23,0.7584119439125061
2024-09-25_16-03-24,0.7571160793304443
2024-09-25_16-03-25,0.7579696178436279
2024-09-25_16-03-26,0.7572972774505615
2024-09-25_16-03-26,0.7577700614929199
2024-09-25_16-03-27,0.7569928765296936
2024-09-25_16-03-28,0.7569928765296936
2024-09-25_16-03-29,0.7558608651161194
2024-09-25_16-03-30,0.7563053965568542
2024-09-25_16-03-30,0.7556132674217224
2024-09-25_16-03-31,0.7560436725616455
2024-09-25_16-03-32,0.7560436725616455
2024-09-25_16-03-33,0.7557559609413147
2024-09-25_16-03-34,0.7566832900047302
2024-09-25_16-03-35,0.4882127642631531
2024-09-25_16-03-35,0.0563505552709102
2024-09-25_16-03-36,0.0563505552709102
2024-09-25_16-03-37,0.0566754825413227
2024-09-25_16-03-38,0.0563035160303115
2024-09-25_16-03-39,0.0562721267342567
2024-09-25_16-03-39,0.0561135672032833
2024-09-25_16-03-40,0.0540287196636199
2024-09-25_16-03-41,0.0540287196636199
2024-09-25_16-03-42,0.05503835901618
2024-09-25_16-03-43,0.0564041323959827
2024-09-25_16-03-43,0.055400650948286
2024-09-25_16-03-44,0.0562584362924099
2024-09-25_16-03-45,0.0562584362924099
2024-09-25_16-03-46,0.0578875951468944
2024-09-25_16-03-47,0.057343989610672
2024-09-25_16-03-48,0.0572287179529666
2024-09-25_16-03-48,0.0563811920583248
2024-09-25_16-03-49,0.0563811920583248
2024-09-25_16-03-50,0.0560554340481758
2024-09-25_16-03-51,0.0534046776592731
2024-09-25_16-03-52,0.0547647327184677
2024-09-25_16-03-52,0.0563440695405006
2024-09-25_16-03-53,0.0552954971790313
2024-09-25_16-03-54,0.0552954971790313
2024-09-25_16-03-55,0.0557597167789936
2024-09-25_16-03-56,0.0568436048924922
2024-09-25_16-03-56,0.0565059855580329
2024-09-25_16-03-57,0.0570081360638141
2024-09-25_16-03-58,0.0570081360638141
2024-09-25_16-03-59,0.0563484206795692
2024-09-25_16-04-0,0.0581249818205833
2024-09-25_16-04-1,0.0582068748772144
2024-09-25_16-04-1,0.0568107850849628
2024-09-25_16-04-2,0.0568107850849628
2024-09-25_16-04-3,0.0573976822197437
2024-09-25_16-04-4,0.0577687472105026
2024-09-25_16-04-5,0.0574583522975444
2024-09-25_16-04-5,0.0537494868040084
2024-09-25_16-04-6,0.0532716698944568
2024-09-25_16-04-7,0.0532716698944568
2024-09-25_16-04-8,0.0557362027466297
2024-09-25_16-04-9,0.0563374236226081
2024-09-25_16-04-9,0.0558047257363796
2024-09-25_16-04-10,0.0557547621428966
2024-09-25_16-04-11,0.0557547621428966
2024-09-25_16-04-12,0.0547622144222259
2024-09-25_16-04-13,0.0552786588668823
2024-09-25_16-04-14,0.0561258271336555
2024-09-25_16-04-14,0.0566780008375644
2024-09-25_16-04-15,0.0579756498336792
2024-09-25_16-04-16,0.0579756498336792
2024-09-25_16-04-17,0.0563992708921432
2024-09-25_16-04-18,0.0537682548165321
2024-09-25_16-04-18,0.0552548728883266
2024-09-25_16-04-19,0.0550194233655929
2024-09-25_16-04-20,0.0550194233655929
2024-09-25_16-04-21,0.0561350435018539
2024-09-25_16-04-22,0.0566789507865905
2024-09-25_16-04-23,0.0561756566166877
2024-09-25_16-04-23,0.0558267273008823
2024-09-25_16-04-24,0.0558267273008823
2024-09-25_16-04-25,0.0563084557652473
2024-09-25_16-04-26,0.054493635892868
2024-09-25_16-04-27,0.051923718303442
2024-09-25_16-04-27,0.0546909905970096
2024-09-25_16-04-28,0.0560027547180652
2024-09-25_16-04-29,0.0560027547180652
2024-09-25_16-04-30,0.0561491213738918
2024-09-25_16-04-31,0.0562650598585605
2024-09-25_16-04-31,0.0561628341674804
2024-09-25_16-04-32,0.0565208494663238
2024-09-25_16-04-33,0.0565208494663238
2024-09-25_16-04-34,0.0565421842038631
2024-09-25_16-04-35,0.056201446801424
2024-09-25_16-04-36,0.0551179125905036
2024-09-25_16-04-36,0.0560976341366767
2024-09-25_16-04-37,0.0560976341366767
2024-09-25_16-04-38,0.0564351975917816
2024-09-25_16-04-39,0.0543213747441768
2024-09-25_16-04-40,0.0540414750576019
2024-09-25_16-04-40,0.0555571168661117
2024-09-25_16-04-41,0.0564848743379116
2024-09-25_16-04-42,0.0564848743379116
2024-09-25_16-04-43,0.0558723844587802
2024-09-25_16-04-44,0.054891712963581
2024-09-25_16-04-44,0.0529207214713096
2024-09-25_16-04-45,0.0545895621180534
2024-09-25_16-04-46,0.0545895621180534
2024-09-25_16-04-47,0.0526649840176105
2024-09-25_16-04-48,0.0518809780478477
2024-09-25_16-04-49,0.0490203201770782
2024-09-25_16-04-49,0.0512245744466781
2024-09-25_16-04-50,0.0512245744466781
2024-09-25_16-04-51,0.0518004111945629
2024-09-25_16-04-52,0.0552186444401741
2024-09-25_16-04-53,0.053675252944231
2024-09-25_16-04-53,0.0549120604991912
2024-09-25_16-04-54,0.0532598458230495
2024-09-25_16-04-55,0.0532598458230495
2024-09-25_16-04-56,0.0538621395826339
2024-09-25_16-04-57,0.0481322072446346
2024-09-25_16-04-57,0.0502330623567104
2024-09-25_16-04-58,0.0517645627260208
2024-09-25_16-04-59,0.0517645627260208
2024-09-25_16-05-0,0.0548199079930782
2024-09-25_16-05-1,0.0543795302510261
2024-09-25_16-05-2,0.0574205666780471
2024-09-25_16-05-2,0.0576330013573169
2024-09-25_16-05-3,0.0552330538630485
2024-09-25_16-05-4,0.0552330538630485
2024-09-25_16-05-5,0.0543838739395141
2024-09-25_16-05-6,0.0538926385343074
2024-09-25_16-05-6,0.0548662208020687
2024-09-25_16-05-7,0.0537099912762641
2024-09-25_16-05-8,0.0537099912762641
2024-09-25_16-05-9,0.0495700910687446
2024-09-25_16-05-10,0.0488714762032032
2024-09-25_16-05-10,0.0503541007637977
2024-09-25_16-05-11,0.0584538429975509
2024-09-25_16-05-12,0.0584538429975509
2024-09-25_16-05-13,0.0581612698733806
2024-09-25_16-05-14,0.0580549724400043
2024-09-25_16-05-15,0.0583547987043857
2024-09-25_16-05-15,0.0565012022852897
2024-09-25_16-05-16,0.0565012022852897
2024-09-25_16-05-17,0.0595019571483135
2024-09-25_16-05-18,0.0594808794558048
2024-09-25_16-05-19,0.0587446726858615
2024-09-25_16-05-19,0.0567764155566692
2024-09-25_16-05-20,0.057936493307352
2024-09-25_16-05-21,0.057936493307352
2024-09-25_16-05-22,0.0594457685947418
2024-09-25_16-05-23,0.0592089295387268
2024-09-25_16-05-23,0.0584276728332042
2024-09-25_16-05-24,0.0583020001649856
2024-09-25_16-05-25,0.0583020001649856
2024-09-25_16-05-26,0.0585781633853912
2024-09-25_16-05-27,0.0582741387188434
2024-09-25_16-05-28,0.0569334626197814
2024-09-25_16-05-28,0.0572164170444011
2024-09-25_16-05-29,0.0587321780622005
2024-09-25_16-05-30,0.0587321780622005
2024-09-25_16-05-31,0.0588582530617713
2024-09-25_16-05-32,0.0584451034665107
2024-09-25_16-05-32,0.0590649358928203
2024-09-25_16-05-33,0.0585845485329628
2024-09-25_16-05-34,0.0585845485329628
2024-09-25_16-05-35,0.0586525276303291
2024-09-25_16-05-36,0.0587105117738246
2024-09-25_16-05-36,0.0588209144771099
2024-09-25_16-05-37,0.0584196858108043
2024-09-25_16-05-38,0.0584196858108043
2024-09-25_16-05-39,0.0588841363787651
2024-09-25_16-05-40,0.0590289495885372
2024-09-25_16-05-41,0.0581954754889011
2024-09-25_16-05-41,0.0589437186717987
2024-09-25_16-05-42,0.0574693009257316
2024-09-25_16-05-43,0.0574693009257316
2024-09-25_16-05-44,0.0600658431649208
2024-09-25_16-05-45,0.0580289103090763
2024-09-25_16-05-45,0.0579866953194141
2024-09-25_16-05-46,0.058787003159523
2024-09-25_16-05-47,0.058787003159523
2024-09-25_16-05-48,0.0585447922348976
2024-09-25_16-05-49,0.0584717951714992
2024-09-25_16-05-49,0.0596415027976036
2024-09-25_16-05-50,0.058645375072956
2024-09-25_16-05-51,0.058645375072956
2024-09-25_16-05-52,0.0580974295735359
2024-09-25_16-05-53,0.0586206503212451
2024-09-25_16-05-54,0.0582290552556514
2024-09-25_16-05-54,0.0596932806074619
2024-09-25_16-05-55,0.0536119602620601
2024-09-25_16-05-56,0.0536119602620601
2024-09-25_16-05-57,0.0529352650046348
2024-09-25_16-05-58,0.0525233820080757
2024-09-25_16-05-58,0.0580795891582965
2024-09-25_16-05-59,0.0580989383161067
2024-09-25_16-06-0,0.0580989383161067
2024-09-25_16-06-1,0.0579975359141826
2024-09-25_16-06-2,0.0594491101801395
2024-09-25_16-06-2,0.058851808309555
2024-09-25_16-06-3,0.0590816140174865
2024-09-25_16-06-4,0.0590816140174865
2024-09-25_16-06-5,0.0569216981530189
2024-09-25_16-06-6,0.0567455291748046
2024-09-25_16-06-7,0.0582661889493465
2024-09-25_16-06-7,0.0589789263904094
2024-09-25_16-06-8,0.0584056675434112
2024-09-25_16-06-9,0.0584056675434112
2024-09-25_16-06-10,0.0597772523760795
2024-09-25_16-06-11,0.0591815337538719
2024-09-25_16-06-11,0.0591481551527977
2024-09-25_16-06-12,0.0598145127296447
2024-09-25_16-06-13,0.0598145127296447
2024-09-25_16-06-14,0.0591229908168315
2024-09-25_16-06-15,0.0591254085302352
2024-09-25_16-06-16,0.060278195887804
2024-09-25_16-06-16,0.0565287396311759
2024-09-25_16-06-17,0.0565287396311759
2024-09-25_16-06-18,0.0572991929948329
2024-09-25_16-06-19,0.0592728294432163
2024-09-25_16-06-20,0.0566389113664627
2024-09-25_16-06-20,0.053369365632534
2024-09-25_16-06-21,0.053904116153717
2024-09-25_16-06-22,0.053904116153717
2024-09-25_16-06-23,0.0583289973437786
2024-09-25_16-06-24,0.0595369823276996
2024-09-25_16-06-24,0.0581603273749351
2024-09-25_16-06-25,0.0576978661119937
2024-09-25_16-06-26,0.0576978661119937
2024-09-25_16-06-27,0.0586503893136978
2024-09-25_16-06-28,0.057483434677124
2024-09-25_16-06-28,0.0581989474594593
2024-09-25_16-06-29,0.057852029800415
2024-09-25_16-06-30,0.057852029800415
2024-09-25_16-06-31,0.057476595044136
2024-09-25_16-06-32,0.058174081146717
2024-09-25_16-06-33,0.0589904859662056
2024-09-25_16-06-33,0.0583901219069957
2024-09-25_16-06-34,0.0581216663122177
2024-09-25_16-06-35,0.0581216663122177
2024-09-25_16-06-36,0.0590830631554126
2024-09-25_16-06-37,0.0586290694773197
2024-09-25_16-06-37,0.0568577870726585
2024-09-25_16-06-38,0.0569604150950908
2024-09-25_16-06-39,0.0569604150950908
2024-09-25_16-06-40,0.0580463297665119
2024-09-25_16-06-41,0.0575176179409027
2024-09-25_16-06-41,0.0578879527747631
2024-09-25_16-06-42,0.058530855923891
2024-09-25_16-06-43,0.058530855923891
2024-09-25_16-06-44,0.0599207356572151
2024-09-25_16-06-45,0.0585175082087516
2024-09-25_16-06-46,0.0581577941775321
2024-09-25_16-06-46,0.0582366064190864
2024-09-25_16-06-47,0.058378230780363
2024-09-25_16-06-48,0.058378230780363
2024-09-25_16-06-49,0.0586540065705776
2024-09-25_16-06-50,0.0597376264631748
2024-09-25_16-06-50,0.0574920922517776
2024-09-25_16-06-51,0.0567511767148971
2024-09-25_16-06-52,0.0567511767148971
2024-09-25_16-06-53,0.0568304471671581
2024-09-25_16-06-54,0.0558781847357749
2024-09-25_16-06-54,0.0571660362184047
2024-09-25_16-06-55,0.0570935271680355
2024-09-25_16-06-56,0.0570935271680355
2024-09-25_16-06-57,0.0586039386689662
2024-09-25_16-06-58,0.0588555335998535
2024-09-25_16-06-59,0.0578189343214035
2024-09-25_16-06-59,0.0576780699193477
2024-09-25_16-07-0,0.0576780699193477
2024-09-25_16-07-1,0.0567274801433086
2024-09-25_16-07-2,0.0575377121567726
2024-09-25_16-07-3,0.0581710338592529
2024-09-25_16-07-3,0.0585074238479137
2024-09-25_16-07-4,0.0588960833847522
2024-09-25_16-07-5,0.0588960833847522
2024-09-25_16-07-6,0.0585494451224803
2024-09-25_16-07-7,0.0537637025117874
2024-09-25_16-07-7,0.0540623627603054
2024-09-25_16-07-8,0.0587715171277523
2024-09-25_16-07-9,0.0587715171277523
2024-09-25_16-07-10,0.0584717616438865
2024-09-25_16-07-11,0.058166854083538
2024-09-25_16-07-12,0.0589913167059421
2024-09-25_16-07-12,0.0585800521075725
2024-09-25_16-07-13,0.0585800521075725
2024-09-25_16-07-14,0.058577936142683
2024-09-25_16-07-15,0.0591687858104705
2024-09-25_16-07-16,0.0588769540190696
2024-09-25_16-07-16,0.0597558617591857
2024-09-25_16-07-17,0.0586096309125423
2024-09-25_16-07-18,0.0586096309125423
2024-09-25_16-07-19,0.0585535429418087
2024-09-25_16-07-20,0.056359264999628
2024-09-25_16-07-20,0.0547216832637786
2024-09-25_16-07-21,0.0551189072430133
2024-09-25_16-07-22,0.0551189072430133
2024-09-25_16-07-23,0.0569060407578945
2024-09-25_16-07-24,0.0576984025537967
2024-09-25_16-07-25,0.0548053681850433
2024-09-25_16-07-25,0.0543966442346572
2024-09-25_16-07-26,0.0543966442346572
2024-09-25_16-07-27,0.0551878809928894
2024-09-25_16-07-28,0.0518153272569179
2024-09-25_16-07-29,0.055282786488533
2024-09-25_16-07-29,0.0581769496202468
2024-09-25_16-07-30,0.058309368789196
2024-09-25_16-07-31,0.058309368789196
2024-09-25_16-07-32,0.0601354464888572
2024-09-25_16-07-33,0.059531282633543
2024-09-25_16-07-33,0.0604413375258445
2024-09-25_16-07-34,0.0596445724368095
2024-09-25_16-07-35,0.0596445724368095
2024-09-25_16-07-36,0.0602757036685943
2024-09-25_16-07-37,0.0599105507135391
2024-09-25_16-07-38,0.0602750889956951
2024-09-25_16-07-38,0.0611160360276699
2024-09-25_16-07-39,0.0611160360276699
2024-09-25_16-07-40,0.0570804476737976
2024-09-25_16-07-41,0.0583496652543544
2024-09-25_16-07-42,0.0592106841504573
2024-09-25_16-07-42,0.0589921437203884
2024-09-25_16-07-43,0.0589921437203884
2024-09-25_16-07-44,0.0603977367281913
2024-09-25_16-07-45,0.0587938539683818
2024-09-25_16-07-46,0.058923952281475
2024-09-25_16-07-46,0.0599655210971832
2024-09-25_16-07-47,0.0608292669057846
2024-09-25_16-07-48,0.0608292669057846
2024-09-25_16-07-49,0.0598175264894962
2024-09-25_16-07-50,0.0579302236437797
2024-09-25_16-07-50,0.0582355670630931
2024-09-25_16-07-51,0.0592533163726329
2024-09-25_16-07-52,0.0592533163726329
2024-09-25_16-07-53,0.058667991310358
2024-09-25_16-07-54,0.0591549724340438
2024-09-25_16-07-55,0.0591538362205028
2024-09-25_16-07-55,0.0599144846200943
2024-09-25_16-07-56,0.0599144846200943
2024-09-25_16-07-57,0.0566694177687168
2024-09-25_16-07-58,0.0577101036906242
2024-09-25_16-07-59,0.0587299093604087
2024-09-25_16-07-59,0.058460809290409
2024-09-25_16-08-0,0.0604986101388931
2024-09-25_16-08-1,0.0604986101388931
2024-09-25_16-08-2,0.0601205788552761
2024-09-25_16-08-3,0.0586209781467914
2024-09-25_16-08-3,0.0584177114069461
2024-09-25_16-08-4,0.0595628209412097
2024-09-25_16-08-5,0.0595628209412097
2024-09-25_16-08-6,0.0561890974640846
2024-09-25_16-08-7,0.0530958212912082
2024-09-25_16-08-8,0.0569882206618785
2024-09-25_16-08-8,0.0570743456482887
2024-09-25_16-08-9,0.0570743456482887
2024-09-25_16-08-10,0.057238258421421
2024-09-25_16-08-11,0.0590422973036766
2024-09-25_16-08-12,0.0595351122319698
2024-09-25_16-08-12,0.0596597157418727
2024-09-25_16-08-13,0.0586914904415607
2024-09-25_16-08-14,0.0586914904415607
2024-09-25_16-08-15,0.0581306554377079
2024-09-25_16-08-16,0.0597803629934787
2024-09-25_16-08-16,0.0591476485133171
2024-09-25_16-08-17,0.0580864287912845
2024-09-25_16-08-18,0.0580864287912845
2024-09-25_16-08-19,0.0579598136246204
2024-09-25_16-08-20,0.0581104308366775
2024-09-25_16-08-21,0.0571845360100269
2024-09-25_16-08-21,0.0568514727056026
2024-09-25_16-08-22,0.0568514727056026
2024-09-25_16-08-23,0.0585326813161373
2024-09-25_16-08-24,0.0572459772229194
2024-09-25_16-08-25,0.0584115125238895
2024-09-25_16-08-25,0.0563136264681816
2024-09-25_16-08-26,0.0584829077124595
2024-09-25_16-08-27,0.0584829077124595
2024-09-25_16-08-28,0.0575838088989257
2024-09-25_16-08-29,0.0580394305288791
2024-09-25_16-08-30,0.0577572546899318
2024-09-25_16-08-30,0.0577271878719329
2024-09-25_16-08-31,0.0577271878719329
2024-09-25_16-08-32,0.0578040443360805
2024-09-25_16-08-33,0.0596347153186798
2024-09-25_16-08-34,0.0589493587613105
2024-09-25_16-08-34,0.0580177344381809
2024-09-25_16-08-35,0.0580177344381809
2024-09-25_16-08-36,0.0584082454442977
2024-09-25_16-08-37,0.0581446029245853
2024-09-25_16-08-38,0.0576590821146965
2024-09-25_16-08-38,0.0573629476130008
2024-09-25_16-08-39,0.0582091622054576
2024-09-25_16-08-40,0.0582091622054576
2024-09-25_16-08-41,0.0582781843841075
2024-09-25_16-08-42,0.0585445836186409
2024-09-25_16-08-43,0.0582109056413173
2024-09-25_16-08-43,0.056736160069704
2024-09-25_16-08-44,0.056736160069704
2024-09-25_16-08-45,0.0548857115209102
2024-09-25_16-08-46,0.0587765574455261
2024-09-25_16-08-47,0.0565555803477764
2024-09-25_16-08-47,0.0580501817166805
2024-09-25_16-08-48,0.0580501817166805
2024-09-25_16-08-49,0.0581496581435203
2024-09-25_16-08-50,0.0604085735976696
2024-09-25_16-08-51,0.0596737079322338
2024-09-25_16-08-51,0.0592060908675193
2024-09-25_16-08-52,0.058710191398859
2024-09-25_16-08-53,0.058710191398859
2024-09-25_16-08-54,0.0572940073907375
2024-09-25_16-08-55,0.0581866763532161
2024-09-25_16-08-56,0.0583921708166599
2024-09-25_16-08-56,0.0583379231393337
2024-09-25_16-08-57,0.0583379231393337
2024-09-25_16-08-58,0.0602185577154159
2024-09-25_16-08-59,0.0600654073059558
2024-09-25_16-09-0,0.0602964796125888
2024-09-25_16-09-0,0.059330154210329
2024-09-25_16-09-1,0.0578679144382476
2024-09-25_16-09-2,0.0578679144382476
2024-09-25_16-09-3,0.0586177706718444
2024-09-25_16-09-4,0.0581063032150268
2024-09-25_16-09-5,0.0588682927191257
2024-09-25_16-09-5,0.0582339577376842
2024-09-25_16-09-6,0.0582339577376842
2024-09-25_16-09-7,0.0589369311928749
2024-09-25_16-09-8,0.059021271765232
2024-09-25_16-09-9,0.0549153201282024
2024-09-25_16-09-9,0.0563006401062011
2024-09-25_16-09-10,0.0563006401062011
2024-09-25_16-09-11,0.0587576851248741
2024-09-25_16-09-12,0.0585982799530029
2024-09-25_16-09-13,0.0591810569167137
2024-09-25_16-09-13,0.0579123832285404
2024-09-25_16-09-14,0.0579123832285404
2024-09-25_16-09-15,0.0576700940728187
2024-09-25_16-09-16,0.0592962019145488
2024-09-25_16-09-17,0.0589822977781295
2024-09-25_16-09-17,0.0594636313617229
2024-09-25_16-09-18,0.0574503056704998
2024-09-25_16-09-19,0.0574503056704998
2024-09-25_16-09-20,0.0590577870607376
2024-09-25_16-09-21,0.0577563047409057
2024-09-25_16-09-22,0.0564996935427188
2024-09-25_16-09-22,0.0554189160466194
2024-09-25_16-09-23,0.0554189160466194
2024-09-25_16-09-24,0.0586482472717762
2024-09-25_16-09-25,0.0582967475056648
2024-09-25_16-09-26,0.0588000491261482
2024-09-25_16-09-26,0.0583419762551784
2024-09-25_16-09-27,0.0583602525293827
2024-09-25_16-09-28,0.0583602525293827
2024-09-25_16-09-29,0.0591726042330265
2024-09-25_16-09-30,0.0591441392898559
2024-09-25_16-09-31,0.0585882365703582
2024-09-25_16-09-31,0.0576273761689662
2024-09-25_16-09-32,0.0576273761689662
2024-09-25_16-09-33,0.0591322220861911
2024-09-25_16-09-34,0.0595751404762268
2024-09-25_16-09-35,0.058292232453823
2024-09-25_16-09-35,0.0555931031703949
2024-09-25_16-09-36,0.0555931031703949
2024-09-25_16-09-37,0.0509914569556713
2024-09-25_16-09-38,0.0493613220751285
2024-09-25_16-09-39,0.0559544675052166
2024-09-25_16-09-39,0.0575819686055183
2024-09-25_16-09-40,0.0575819686055183
2024-09-25_16-09-41,0.058067437261343
2024-09-25_16-09-42,0.0580103807151317
2024-09-25_16-09-43,0.0573275350034236
2024-09-25_16-09-44,0.0578840337693691
2024-09-25_16-09-44,0.0566294342279434
2024-09-25_16-09-45,0.0566294342279434
2024-09-25_16-09-46,0.058425597846508
2024-09-25_16-09-47,0.0581431128084659
2024-09-25_16-09-48,0.0596079640090465
2024-09-25_16-09-48,0.0581655800342559
2024-09-25_16-09-49,0.0581655800342559
2024-09-25_16-09-50,0.0594918020069599
2024-09-25_16-09-51,0.0589806623756885
2024-09-25_16-09-52,0.0588975809514522
2024-09-25_16-09-52,0.0577304810285568
2024-09-25_16-09-53,0.0577304810285568
2024-09-25_16-09-54,0.0586240626871585
2024-09-25_16-09-55,0.0594706498086452
2024-09-25_16-09-56,0.0578009933233261
2024-09-25_16-09-56,0.0574302226305007
2024-09-25_16-09-57,0.057841207832098
2024-09-25_16-09-58,0.057841207832098
2024-09-25_16-09-59,0.0579688102006912
2024-09-25_16-10-0,0.057639792561531
2024-09-25_16-10-1,0.0558660924434661
2024-09-25_16-10-1,0.05733073502779
2024-09-25_16-10-2,0.05733073502779
2024-09-25_16-10-3,0.0589262805879116
2024-09-25_16-10-4,0.0595803335309028
2024-09-25_16-10-5,0.0593849197030067
2024-09-25_16-10-5,0.0579082369804382
2024-09-25_16-10-6,0.0579082369804382
2024-09-25_16-10-7,0.0583799704909324
2024-09-25_16-10-8,0.0543193779885768
2024-09-25_16-10-9,0.0559963397681713
2024-09-25_16-10-9,0.0568856038153171
2024-09-25_16-10-10,0.0585879310965538
2024-09-25_16-10-11,0.0585879310965538
2024-09-25_16-10-12,0.0607964619994163
2024-09-25_16-10-13,0.0601829439401626
2024-09-25_16-10-14,0.060339443385601
2024-09-25_16-10-14,0.0592205226421356
2024-09-25_16-10-15,0.0592205226421356
2024-09-25_16-10-16,0.0588504076004028
2024-09-25_16-10-17,0.0601966716349124
2024-09-25_16-10-18,0.0595121793448925
2024-09-25_16-10-18,0.0599433705210685
2024-09-25_16-10-19,0.0599433705210685
2024-09-25_16-10-20,0.0582666248083114
2024-09-25_16-10-21,0.0564608424901962
2024-09-25_16-10-22,0.054785631597042
2024-09-25_16-10-22,0.0549496561288833
2024-09-25_16-10-23,0.0573587864637374
2024-09-25_16-10-24,0.0573587864637374
2024-09-25_16-10-25,0.0579613596200943
2024-09-25_16-10-26,0.0545834600925445
2024-09-25_16-10-27,0.0513424761593341
2024-09-25_16-10-27,0.0493509322404861
2024-09-25_16-10-28,0.0493509322404861
2024-09-25_16-10-29,0.0492853671312332
2024-09-25_16-10-30,0.0486182011663913
2024-09-25_16-10-31,0.0480703897774219
2024-09-25_16-10-31,0.0475236736238002
2024-09-25_16-10-32,0.0475236736238002
2024-09-25_16-10-33,0.0486650429666042
2024-09-25_16-10-34,0.0491663962602615
2024-09-25_16-10-35,0.0484192408621311
2024-09-25_16-10-35,0.0480032786726951
2024-09-25_16-10-36,0.048246793448925
2024-09-25_16-10-37,0.048246793448925
2024-09-25_16-10-38,0.0479437634348869
2024-09-25_16-10-39,0.0488950200378894
2024-09-25_16-10-40,0.0499800667166709
2024-09-25_16-10-40,0.0508544892072677
2024-09-25_16-10-41,0.0508544892072677
2024-09-25_16-10-42,0.0526025854051113
2024-09-25_16-10-43,0.0564503967761993
2024-09-25_16-10-44,0.0586796142160892
2024-09-25_16-10-44,0.0582285113632679
2024-09-25_16-10-45,0.0582285113632679
2024-09-25_16-10-46,0.0585545673966407
2024-09-25_16-10-47,0.0577918849885463
2024-09-25_16-10-48,0.0593208037316799
2024-09-25_16-10-48,0.0588314309716224
2024-09-25_16-10-49,0.0580773763358593
2024-09-25_16-10-50,0.0580773763358593
2024-09-25_16-10-51,0.0587800592184066
2024-09-25_16-10-52,0.0582345947623252
2024-09-25_16-10-53,0.057812999933958
2024-09-25_16-10-53,0.0589108392596244
2024-09-25_16-10-54,0.0589108392596244
2024-09-25_16-10-55,0.0591843388974666
2024-09-25_16-10-56,0.0594354048371315
2024-09-25_16-10-57,0.0588405430316925
2024-09-25_16-10-57,0.0583795420825481
2024-09-25_16-10-58,0.0583795420825481
2024-09-25_16-10-59,0.0593456886708736
2024-09-25_16-11-0,0.0594654940068721
2024-09-25_16-11-1,0.0585340894758701
2024-09-25_16-11-1,0.0575883686542511
2024-09-25_16-11-2,0.0571811720728874
2024-09-25_16-11-3,0.0571811720728874
2024-09-25_16-11-4,0.0574369989335536
2024-09-25_16-11-5,0.058917611837387
2024-09-25_16-11-6,0.057936917990446
2024-09-25_16-11-6,0.05827372148633
2024-09-25_16-11-7,0.05827372148633
2024-09-25_16-11-8,0.0574040487408638
2024-09-25_16-11-9,0.0585309974849224
2024-09-25_16-11-10,0.0589409358799457
2024-09-25_16-11-10,0.0553740859031677
2024-09-25_16-11-11,0.0553740859031677
2024-09-25_16-11-12,0.058952834457159
2024-09-25_16-11-13,0.0590522773563861
2024-09-25_16-11-14,0.0591479241847991
2024-09-25_16-11-14,0.0579982809722423
2024-09-25_16-11-15,0.0572041273117065
2024-09-25_16-11-16,0.0572041273117065
2024-09-25_16-11-17,0.0589869394898414
2024-09-25_16-11-18,0.059172261506319
2024-09-25_16-11-19,0.050915703177452
2024-09-25_16-11-19,0.0524725951254367
2024-09-25_16-11-20,0.0524725951254367
2024-09-25_16-11-21,0.0539744831621646
2024-09-25_16-11-22,0.0530424602329731
2024-09-25_16-11-23,0.057413637638092
2024-09-25_16-11-23,0.0578262247145175
2024-09-25_16-11-24,0.0578262247145175
2024-09-25_16-11-25,4.637586116790772
2024-09-25_16-11-26,4.22263765335083
2024-09-25_16-11-27,0.8572028279304504
2024-09-25_16-11-27,0.8158623576164246
2024-09-25_16-11-28,0.8158623576164246
2024-09-25_16-11-29,0.8089725375175476
2024-09-25_16-11-30,0.807934045791626
2024-09-25_16-11-31,0.8085217475891113
2024-09-25_16-11-32,0.8079990148544312
2024-09-25_16-11-32,0.8065280914306641
2024-09-25_16-11-33,0.8065280914306641
2024-09-25_16-11-34,0.8061726093292236
2024-09-25_16-11-35,0.806671142578125
2024-09-25_16-11-36,0.8060471415519714
2024-09-25_16-11-36,0.8079761862754822
2024-09-25_16-11-37,0.8079761862754822
2024-09-25_16-11-38,0.8078497052192688
2024-09-25_16-11-39,0.8083452582359314
2024-09-25_16-11-40,0.807468593120575
2024-09-25_16-11-40,0.8083677887916565
2024-09-25_16-11-41,0.8083677887916565
2024-09-25_16-11-42,0.8082133531570435
2024-09-25_16-11-43,0.8073633909225464
2024-09-25_16-11-44,0.8079073429107666
2024-09-25_16-11-44,0.8077391982078552
2024-09-25_16-11-45,0.8085340261459351
2024-09-25_16-11-46,0.8085340261459351
2024-09-25_16-11-47,0.8087726831436157
2024-09-25_16-11-48,0.8078436255455017
2024-09-25_16-11-49,0.8081600666046143
2024-09-25_16-11-49,0.808977484703064
2024-09-25_16-11-50,0.808977484703064
2024-09-25_16-11-51,0.8091797232627869
2024-09-25_16-11-52,0.8069185018539429
2024-09-25_16-11-53,0.8060358762741089
2024-09-25_16-11-53,0.8058184385299683
2024-09-25_16-11-54,0.8080549240112305
2024-09-25_16-11-55,0.8080549240112305
2024-09-25_16-11-56,0.8079271912574768
2024-09-25_16-11-57,0.8083884716033936
2024-09-25_16-11-58,0.8109776973724365
2024-09-25_16-11-58,0.810417115688324
2024-09-25_16-11-59,0.810417115688324
2024-09-25_16-12-0,0.8104313611984253
2024-09-25_16-12-1,0.8095719218254089
2024-09-25_16-12-2,0.8084220290184021
2024-09-25_16-12-2,0.8091562986373901
2024-09-25_16-12-3,0.8091562986373901
2024-09-25_16-12-4,0.8111253976821899
2024-09-25_16-12-5,0.8086938261985779
2024-09-25_16-12-6,0.8086962103843689
2024-09-25_16-12-6,0.8092635869979858
2024-09-25_16-12-7,0.8092635869979858
2024-09-25_16-12-8,0.806235134601593
2024-09-25_16-12-9,0.8055269122123718
2024-09-25_16-12-10,0.8060854077339172
2024-09-25_16-12-10,0.8052296042442322
2024-09-25_16-12-11,0.803946852684021
2024-09-25_16-12-12,0.803946852684021
2024-09-25_16-12-13,0.8048732280731201
2024-09-25_16-12-14,0.8069318532943726
2024-09-25_16-12-15,0.8063052296638489
2024-09-25_16-12-15,0.8068469762802124
2024-09-25_16-12-16,0.8068469762802124
2024-09-25_16-12-17,0.8050700426101685
2024-09-25_16-12-18,0.8045106530189514
2024-09-25_16-12-19,0.8039926886558533
2024-09-25_16-12-19,0.8038812279701233
2024-09-25_16-12-20,0.8030883073806763
2024-09-25_16-12-21,0.8030883073806763
2024-09-25_16-12-22,0.8034058809280396
2024-09-25_16-12-23,0.8021945357322693
2024-09-25_16-12-24,0.8008588552474976
2024-09-25_16-12-24,0.8009147644042969
2024-09-25_16-12-25,0.8009147644042969
2024-09-25_16-12-26,0.7993779182434082
2024-09-25_16-12-27,0.7992615103721619
2024-09-25_16-12-28,0.7992488145828247
2024-09-25_16-12-28,0.7971354126930237
2024-09-25_16-12-29,0.7971354126930237
2024-09-25_16-12-30,0.7987058162689209
2024-09-25_16-12-31,0.7981366515159607
2024-09-25_16-12-32,0.7953248023986816
2024-09-25_16-12-32,0.7959319949150085
2024-09-25_16-12-33,0.7961816191673279
2024-09-25_16-12-34,0.7961816191673279
2024-09-25_16-12-35,0.7954256534576416
2024-09-25_16-12-36,0.7955725193023682
2024-09-25_16-12-37,0.7949780225753784
2024-09-25_16-12-37,0.7952709794044495
2024-09-25_16-12-38,0.7952709794044495
2024-09-25_16-12-39,0.7945166230201721
2024-09-25_16-12-40,0.7937597632408142
2024-09-25_16-12-41,0.7924373745918274
2024-09-25_16-12-41,0.792180597782135
2024-09-25_16-12-42,0.792180597782135
2024-09-25_16-12-43,0.7929238080978394
2024-09-25_16-12-44,0.7921874523162842
2024-09-25_16-12-45,0.7928414940834045
2024-09-25_16-12-45,0.7920863032341003
2024-09-25_16-12-46,0.7920863032341003
2024-09-25_16-12-47,0.7920612096786499
2024-09-25_16-12-48,0.7922250628471375
2024-09-25_16-12-49,0.7912025451660156
2024-09-25_16-12-49,0.7906796932220459
2024-09-25_16-12-50,0.7895594239234924
2024-09-25_16-12-51,0.7895594239234924
2024-09-25_16-12-52,0.7908873558044434
2024-09-25_16-12-53,0.7892689108848572
2024-09-25_16-12-54,0.7896291017532349
2024-09-25_16-12-54,0.7887282967567444
2024-09-25_16-12-55,0.7887282967567444
2024-09-25_16-12-56,0.7893564105033875
2024-09-25_16-12-57,0.7889140844345093
2024-09-25_16-12-58,0.7885845899581909
2024-09-25_16-12-58,0.787725031375885
2024-09-25_16-12-59,0.787725031375885
2024-09-25_16-13-0,0.7881359457969666
2024-09-25_16-13-1,0.7873724102973938
2024-09-25_16-13-2,0.7875084280967712
2024-09-25_16-13-3,0.7869174480438232
2024-09-25_16-13-3,0.7876453399658203
2024-09-25_16-13-4,0.7876453399658203
2024-09-25_16-13-5,0.7864077091217041
2024-09-25_16-13-6,0.7864542007446289
2024-09-25_16-13-7,0.7861403226852417
2024-09-25_16-13-7,0.7854268550872803
2024-09-25_16-13-8,0.7854268550872803
2024-09-25_16-13-9,0.7845057845115662
2024-09-25_16-13-10,0.7845689058303833
2024-09-25_16-13-11,0.7842555046081543
2024-09-25_16-13-11,0.7846802473068237
2024-09-25_16-13-12,0.7846802473068237
2024-09-25_16-13-13,0.7838726043701172
2024-09-25_16-13-14,0.7838629484176636
2024-09-25_16-13-15,0.7852072715759277
2024-09-25_16-13-15,0.7841227054595947
2024-09-25_16-13-16,0.7843477129936218
2024-09-25_16-13-17,0.7843477129936218
2024-09-25_16-13-18,0.7828859686851501
2024-09-25_16-13-19,0.782860279083252
2024-09-25_16-13-20,0.7826217412948608
2024-09-25_16-13-20,0.7828852534294128
2024-09-25_16-13-21,0.7828852534294128
2024-09-25_16-13-22,0.7824164032936096
2024-09-25_16-13-23,0.783182680606842
2024-09-25_16-13-24,0.7826250791549683
2024-09-25_16-13-24,0.781679093837738
2024-09-25_16-13-25,0.7828168869018555
2024-09-25_16-13-26,0.7828168869018555
2024-09-25_16-13-27,0.7825226187705994
2024-09-25_16-13-28,0.7818529009819031
2024-09-25_16-13-29,0.7813969254493713
2024-09-25_16-13-29,0.7818723320960999
2024-09-25_16-13-30,0.7818723320960999
2024-09-25_16-13-31,0.7813565731048584
2024-09-25_16-13-32,0.7804456353187561
2024-09-25_16-13-33,0.7811222672462463
2024-09-25_16-13-33,0.7811430096626282
2024-09-25_16-13-34,0.7811430096626282
2024-09-25_16-13-35,0.7802953720092773
2024-09-25_16-13-36,0.7804586291313171
2024-09-25_16-13-37,0.7807710766792297
2024-09-25_16-13-37,0.7809248566627502
2024-09-25_16-13-38,0.7798396348953247
2024-09-25_16-13-39,0.7798396348953247
2024-09-25_16-13-40,0.7791337966918945
2024-09-25_16-13-41,0.7798458933830261
2024-09-25_16-13-42,0.7806252241134644
2024-09-25_16-13-42,0.7787140607833862
2024-09-25_16-13-43,0.7787140607833862
2024-09-25_16-13-44,0.7794426083564758
2024-09-25_16-13-45,0.7785186171531677
2024-09-25_16-13-46,0.7782426476478577
2024-09-25_16-13-46,0.7791782021522522
2024-09-25_16-13-47,0.7791782021522522
2024-09-25_16-13-48,0.7781010866165161
2024-09-25_16-13-49,0.7778784036636353
2024-09-25_16-13-50,0.7793208956718445
2024-09-25_16-13-50,0.7784292697906494
2024-09-25_16-13-51,0.7776414155960083
2024-09-25_16-13-52,0.7776414155960083
2024-09-25_16-13-53,0.7783787250518799
2024-09-25_16-13-54,0.7775742411613464
2024-09-25_16-13-55,0.77878737449646
2024-09-25_16-13-55,0.7776574492454529
2024-09-25_16-13-56,0.7776574492454529
2024-09-25_16-13-57,0.7773566246032715
2024-09-25_16-13-58,0.7779833078384399
2024-09-25_16-13-59,0.7772043347358704
2024-09-25_16-13-59,0.777355968952179
2024-09-25_16-14-0,0.777355968952179
2024-09-25_16-14-1,0.7781195640563965
2024-09-25_16-14-2,0.7770953178405762
2024-09-25_16-14-3,0.7772650122642517
2024-09-25_16-14-3,0.7769778966903687
2024-09-25_16-14-4,0.7769778966903687
2024-09-25_16-14-5,0.7773281335830688
2024-09-25_16-14-6,0.7770235538482666
2024-09-25_16-14-7,0.7779718637466431
2024-09-25_16-14-8,0.7770412564277649
2024-09-25_16-14-8,0.7756444811820984
2024-09-25_16-14-9,0.7756444811820984
2024-09-25_16-14-10,0.7735960483551025
2024-09-25_16-14-11,0.7736299633979797
2024-09-25_16-14-12,0.7733340263366699
2024-09-25_16-14-12,0.7750730514526367
2024-09-25_16-14-13,0.7750730514526367
2024-09-25_16-14-14,0.7747405767440796
2024-09-25_16-14-15,0.7753325700759888
2024-09-25_16-14-16,0.7752156853675842
2024-09-25_16-14-16,0.7751017212867737
2024-09-25_16-14-17,0.7757673263549805
2024-09-25_16-14-18,0.7757673263549805
2024-09-25_16-14-19,0.7754058837890625
2024-09-25_16-14-20,0.7747231125831604
2024-09-25_16-14-21,0.7739868760108948
2024-09-25_16-14-21,0.7754614949226379
2024-09-25_16-14-22,0.7754614949226379
2024-09-25_16-14-23,0.773662805557251
2024-09-25_16-14-24,0.7747507691383362
2024-09-25_16-14-25,0.7742685675621033
2024-09-25_16-14-25,0.7738255262374878
2024-09-25_16-14-26,0.7738255262374878
2024-09-25_16-14-27,0.7741870284080505
2024-09-25_16-14-28,0.7743636965751648
2024-09-25_16-14-29,0.7731071710586548
2024-09-25_16-14-29,0.7731351852416992
2024-09-25_16-14-30,0.7731351852416992
2024-09-25_16-14-31,0.7736640572547913
2024-09-25_16-14-32,0.7736991047859192
2024-09-25_16-14-33,0.7742699384689331
2024-09-25_16-14-34,0.7741100788116455
2024-09-25_16-14-34,0.7739068269729614
2024-09-25_16-14-35,0.7739068269729614
2024-09-25_16-14-36,0.7732692956924438
2024-09-25_16-14-37,0.7726305723190308
2024-09-25_16-14-38,0.7717609405517578
2024-09-25_16-14-38,0.7717670798301697
2024-09-25_16-14-39,0.7717670798301697
2024-09-25_16-14-40,0.7728427648544312
2024-09-25_16-14-41,0.7715519666671753
2024-09-25_16-14-42,0.7726563811302185
2024-09-25_16-14-42,0.770872175693512
2024-09-25_16-14-43,0.770872175693512
2024-09-25_16-14-44,0.7713354825973511
2024-09-25_16-14-45,0.7728712558746338
2024-09-25_16-14-46,0.7719288468360901
2024-09-25_16-14-46,0.7702188491821289
2024-09-25_16-14-47,0.7727605104446411
2024-09-25_16-14-48,0.7727605104446411
2024-09-25_16-14-49,0.7737957835197449
2024-09-25_16-14-50,0.7715554237365723
2024-09-25_16-14-51,0.7723829746246338
2024-09-25_16-14-51,0.7697646021842957
2024-09-25_16-14-52,0.7697646021842957
2024-09-25_16-14-53,0.7715461850166321
2024-09-25_16-14-54,0.7716367840766907
2024-09-25_16-14-55,0.7712132334709167
2024-09-25_16-14-55,0.7703427672386169
2024-09-25_16-14-56,0.7703427672386169
2024-09-25_16-14-57,0.7704645395278931
2024-09-25_16-14-58,0.770102858543396
2024-09-25_16-14-59,0.7706685066223145
2024-09-25_16-14-59,0.7709135413169861
2024-09-25_16-15-0,0.7707008719444275
2024-09-25_16-15-1,0.7707008719444275
2024-09-25_16-15-2,0.7704854607582092
2024-09-25_16-15-3,0.7702113389968872
2024-09-25_16-15-4,0.7697120904922485
2024-09-25_16-15-4,0.7703118324279785
2024-09-25_16-15-5,0.7703118324279785
2024-09-25_16-15-6,0.7698394656181335
2024-09-25_16-15-7,0.7691424489021301
2024-09-25_16-15-8,0.770148515701294
2024-09-25_16-15-8,0.7699751853942871
2024-09-25_16-15-9,0.7699751853942871
2024-09-25_16-15-10,0.7697083353996277
2024-09-25_16-15-11,0.7698736786842346
2024-09-25_16-15-12,0.7688090801239014
2024-09-25_16-15-12,0.7689536213874817
2024-09-25_16-15-13,0.7686914801597595
2024-09-25_16-15-14,0.7686914801597595
2024-09-25_16-15-15,0.7679548263549805
2024-09-25_16-15-16,0.7684302926063538
2024-09-25_16-15-17,0.7688127160072327
2024-09-25_16-15-17,0.7685403823852539
2024-09-25_16-15-18,0.7685403823852539
2024-09-25_16-15-19,0.7683177590370178
2024-09-25_16-15-20,0.7689207792282104
2024-09-25_16-15-21,0.7690837383270264
2024-09-25_16-15-21,0.7690292000770569
2024-09-25_16-15-22,0.7690292000770569
2024-09-25_16-15-23,0.7685422897338867
2024-09-25_16-15-24,0.7690817713737488
2024-09-25_16-15-25,0.7678442597389221
2024-09-25_16-15-25,0.7687669396400452
2024-09-25_16-15-26,0.7687669396400452
2024-09-25_16-15-27,0.7678952217102051
2024-09-25_16-15-28,0.7692763209342957
2024-09-25_16-15-29,0.7686142921447754
2024-09-25_16-15-29,0.7689328193664551
2024-09-25_16-15-30,0.7688469886779785
2024-09-25_16-15-31,0.7688469886779785
2024-09-25_16-15-32,0.7677077651023865
2024-09-25_16-15-33,0.7672013640403748
2024-09-25_16-15-34,0.7682385444641113
2024-09-25_16-15-34,0.768252968788147
2024-09-25_16-15-35,0.768252968788147
2024-09-25_16-15-36,0.7669618725776672
2024-09-25_16-15-37,0.7673543095588684
2024-09-25_16-15-38,0.7688409686088562
2024-09-25_16-15-38,0.767528772354126
2024-09-25_16-15-39,0.767528772354126
2024-09-25_16-15-40,0.7676363587379456
2024-09-25_16-15-41,0.7678719758987427
2024-09-25_16-15-42,0.7668319344520569
2024-09-25_16-15-42,0.767519474029541
2024-09-25_16-15-43,0.7651999592781067
2024-09-25_16-15-44,0.7651999592781067
2024-09-25_16-15-45,0.7665450572967529
2024-09-25_16-15-46,0.766883134841919
2024-09-25_16-15-47,0.7680249214172363
2024-09-25_16-15-47,0.7669657468795776
2024-09-25_16-15-48,0.7669657468795776
2024-09-25_16-15-49,0.7667266726493835
2024-09-25_16-15-50,0.7671746611595154
2024-09-25_16-15-51,0.767065167427063
2024-09-25_16-15-51,0.7655571699142456
2024-09-25_16-15-52,0.7655571699142456
2024-09-25_16-15-53,0.7660555243492126
2024-09-25_16-15-54,0.7659106254577637
2024-09-25_16-15-55,0.7655954360961914
2024-09-25_16-15-55,0.7663065195083618
2024-09-25_16-15-56,0.7663065195083618
2024-09-25_16-15-57,0.7656452655792236
2024-09-25_16-15-58,0.7659469246864319
2024-09-25_16-15-59,0.7654873728752136
2024-09-25_16-15-60,0.7653149962425232
2024-09-25_16-16-0,0.7658119797706604
2024-09-25_16-16-1,0.7658119797706604
2024-09-25_16-16-2,0.767145037651062
2024-09-25_16-16-3,0.7657832503318787
2024-09-25_16-16-4,0.7654620409011841
2024-09-25_16-16-4,0.7645328640937805
2024-09-25_16-16-5,0.7645328640937805
2024-09-25_16-16-6,0.7653260827064514
2024-09-25_16-16-7,0.7652031779289246
2024-09-25_16-16-8,0.7659721374511719
2024-09-25_16-16-8,0.7654891610145569
2024-09-25_16-16-9,0.765200674533844
2024-09-25_16-16-10,0.765200674533844
2024-09-25_16-16-11,0.7647233605384827
2024-09-25_16-16-12,0.7645506262779236
2024-09-25_16-16-13,0.7649347186088562
2024-09-25_16-16-13,0.7641791105270386
2024-09-25_16-16-14,0.7641791105270386
2024-09-25_16-16-15,0.7652735710144043
2024-09-25_16-16-16,0.7658249735832214
2024-09-25_16-16-17,0.7646282911300659
2024-09-25_16-16-17,0.7653329372406006
2024-09-25_16-16-18,0.7653329372406006
2024-09-25_16-16-19,0.764684796333313
2024-09-25_16-16-20,0.7646626830101013
2024-09-25_16-16-21,0.7648772597312927
2024-09-25_16-16-21,0.7654215097427368
2024-09-25_16-16-22,0.7644317150115967
2024-09-25_16-16-23,0.7644317150115967
2024-09-25_16-16-24,0.7623407244682312
2024-09-25_16-16-25,0.7645118832588196
2024-09-25_16-16-26,0.7642008066177368
2024-09-25_16-16-26,0.7629113793373108
2024-09-25_16-16-27,0.7629113793373108
2024-09-25_16-16-28,0.7624622583389282
2024-09-25_16-16-29,0.7627883553504944
2024-09-25_16-16-30,0.7636892795562744
2024-09-25_16-16-30,0.7648007273674011
2024-09-25_16-16-31,0.7648007273674011
2024-09-25_16-16-32,0.7629359364509583
2024-09-25_16-16-33,0.7644343972206116
2024-09-25_16-16-34,0.7646235823631287
2024-09-25_16-16-34,0.7646803259849548
2024-09-25_16-16-35,0.7646803259849548
2024-09-25_16-16-36,0.763667643070221
2024-09-25_16-16-37,0.7635374665260315
2024-09-25_16-16-38,0.7642021775245667
2024-09-25_16-16-38,0.7641959190368652
2024-09-25_16-16-39,0.7623476982116699
2024-09-25_16-16-40,0.7623476982116699
2024-09-25_16-16-41,0.7627516388893127
2024-09-25_16-16-42,0.7645414471626282
2024-09-25_16-16-43,0.7640169858932495
2024-09-25_16-16-43,0.7628499269485474
2024-09-25_16-16-44,0.7628499269485474
2024-09-25_16-16-45,0.762812614440918
2024-09-25_16-16-46,0.7626079320907593
2024-09-25_16-16-47,0.7627681493759155
2024-09-25_16-16-47,0.7627567052841187
2024-09-25_16-16-48,0.7627567052841187
2024-09-25_16-16-49,0.7631950378417969
2024-09-25_16-16-50,0.7615242600440979
2024-09-25_16-16-51,0.7623908519744873
2024-09-25_16-16-51,0.7633243799209595
2024-09-25_16-16-52,0.7640032768249512
2024-09-25_16-16-53,0.7640032768249512
2024-09-25_16-16-54,0.7635912895202637
2024-09-25_16-16-55,0.7627671360969543
2024-09-25_16-16-56,0.7611397504806519
2024-09-25_16-16-56,0.7637988328933716
2024-09-25_16-16-57,0.7637988328933716
2024-09-25_16-16-58,0.763545036315918
2024-09-25_16-16-59,0.7625879049301147
2024-09-25_16-17-0,0.761680543422699
2024-09-25_16-17-0,0.7623039484024048
2024-09-25_16-17-1,0.7623039484024048
2024-09-25_16-17-2,0.7628659009933472
2024-09-25_16-17-3,0.7626677751541138
2024-09-25_16-17-4,0.7625727653503418
2024-09-25_16-17-4,0.7623409032821655
2024-09-25_16-17-5,0.762864887714386
2024-09-25_16-17-6,0.762864887714386
2024-09-25_16-17-7,0.7631929516792297
2024-09-25_16-17-8,0.7633317708969116
2024-09-25_16-17-9,0.7639543414115906
2024-09-25_16-17-9,0.7627015113830566
2024-09-25_16-17-10,0.7627015113830566
2024-09-25_16-17-11,0.7638152241706848
2024-09-25_16-17-12,0.7634891271591187
2024-09-25_16-17-13,0.7633951306343079
2024-09-25_16-17-13,0.7640507221221924
2024-09-25_16-17-14,0.7640507221221924
2024-09-25_16-17-15,0.7631324529647827
2024-09-25_16-17-16,0.7628403902053833
2024-09-25_16-17-17,0.763538122177124
2024-09-25_16-17-17,0.7631150484085083
2024-09-25_16-17-18,0.7633469104766846
2024-09-25_16-17-19,0.7633469104766846
2024-09-25_16-17-20,0.7613956332206726
2024-09-25_16-17-21,0.7621508836746216
2024-09-25_16-17-22,0.7625442147254944
2024-09-25_16-17-22,0.7628505825996399
2024-09-25_16-17-23,0.7628505825996399
2024-09-25_16-17-24,0.763519287109375
2024-09-25_16-17-25,0.7626050710678101
2024-09-25_16-17-26,0.7620325088500977
2024-09-25_16-17-26,0.7631941437721252
2024-09-25_16-17-27,0.7631941437721252
2024-09-25_16-17-28,0.761548638343811
2024-09-25_16-17-29,0.7594976425170898
2024-09-25_16-17-30,0.7593019008636475
2024-09-25_16-17-30,0.7593726515769958
2024-09-25_16-17-31,0.7602038383483887
2024-09-25_16-17-32,0.7602038383483887
2024-09-25_16-17-33,0.7602055668830872
2024-09-25_16-17-34,0.7615652084350586
2024-09-25_16-17-34,0.7612231969833374
2024-09-25_16-17-35,0.7625393271446228
2024-09-25_16-17-36,0.7625393271446228
2024-09-25_16-17-37,0.7622436881065369
2024-09-25_16-17-38,0.7623217701911926
2024-09-25_16-17-39,0.7624847888946533
2024-09-25_16-17-39,0.7619704604148865
2024-09-25_16-17-40,0.7619704604148865
2024-09-25_16-17-41,0.7615780830383301
2024-09-25_16-17-42,0.7620998024940491
2024-09-25_16-17-43,0.7616522312164307
2024-09-25_16-17-43,0.7610113620758057
2024-09-25_16-17-44,0.7610055804252625
2024-09-25_16-17-45,0.7610055804252625
2024-09-25_16-17-46,0.7616075873374939
2024-09-25_16-17-47,0.7624195218086243
2024-09-25_16-17-47,0.762431800365448
2024-09-25_16-17-48,0.7611755132675171
2024-09-25_16-17-49,0.7611755132675171
2024-09-25_16-17-50,0.7625283598899841
2024-09-25_16-17-51,0.7615469694137573
2024-09-25_16-17-52,0.7612062692642212
2024-09-25_16-17-52,0.7618468403816223
2024-09-25_16-17-53,0.7618468403816223
2024-09-25_16-17-54,0.7619869112968445
2024-09-25_16-17-55,0.7627675533294678
2024-09-25_16-18-0,0.7630944848060608
2024-09-25_16-18-0,0.7625816464424133
2024-09-25_16-18-1,0.7622758746147156
2024-09-25_16-18-2,0.7622758746147156
2024-09-25_16-18-3,0.7597529888153076
2024-09-25_16-18-4,0.7607437968254089
2024-09-25_16-18-4,0.7594065070152283
2024-09-25_16-18-5,0.7600798606872559
2024-09-25_16-18-6,0.7600798606872559
2024-09-25_16-18-7,0.7609896063804626
2024-09-25_16-18-8,0.7627488970756531
2024-09-25_16-18-9,0.7627286911010742
2024-09-25_16-18-9,0.7614843845367432
2024-09-25_16-18-10,0.7614843845367432
2024-09-25_16-18-11,0.7615355253219604
2024-09-25_16-18-12,0.7611163854598999
2024-09-25_16-18-13,0.7624446749687195
2024-09-25_16-18-13,0.7613185048103333
2024-09-25_16-18-14,0.7600511312484741
2024-09-25_16-18-15,0.7600511312484741
2024-09-25_16-18-16,0.7603633403778076
2024-09-25_16-18-17,0.7601996064186096
2024-09-25_16-18-18,0.760433554649353
2024-09-25_16-18-18,0.7609670758247375
2024-09-25_16-18-19,0.7609670758247375
2024-09-25_16-18-20,0.7612943649291992
2024-09-25_16-18-21,0.761694610118866
2024-09-25_16-18-22,0.7609798312187195
2024-09-25_16-18-22,0.761638343334198
2024-09-25_16-18-23,0.761638343334198
2024-09-25_16-18-24,0.7615708708763123
2024-09-25_16-18-25,0.760897696018219
2024-09-25_16-18-26,0.7613512873649597
2024-09-25_16-18-26,0.7614172697067261
2024-09-25_16-18-27,0.7602089643478394
2024-09-25_16-18-28,0.7602089643478394
2024-09-25_16-18-29,0.7601416110992432
2024-09-25_16-18-30,0.7603036761283875
2024-09-25_16-18-31,0.7592740654945374
2024-09-25_16-18-31,0.7586328983306885
2024-09-25_16-18-32,0.7586328983306885
2024-09-25_16-18-33,0.7584396004676819
2024-09-25_16-18-34,0.7579391598701477
2024-09-25_16-18-35,0.7576979398727417
2024-09-25_16-18-35,0.7581674456596375
2024-09-25_16-18-36,0.7581674456596375
2024-09-25_16-18-37,0.7608490586280823
2024-09-25_16-18-38,0.7600517868995667
2024-09-25_16-18-39,0.7595081925392151
2024-09-25_16-18-39,0.7591454386711121
2024-09-25_16-18-40,0.7594207525253296
2024-09-25_16-18-41,0.7594207525253296
2024-09-25_16-18-42,0.7586577534675598
2024-09-25_16-18-43,0.7593319416046143
2024-09-25_16-18-44,0.7579104900360107
2024-09-25_16-18-44,0.7596205472946167
2024-09-25_16-18-45,0.7596205472946167
2024-09-25_16-18-46,0.760620653629303
2024-09-25_16-18-47,0.7608140707015991
2024-09-25_16-18-48,0.7619014978408813
2024-09-25_16-18-48,0.7615324258804321
2024-09-25_16-18-49,0.7615324258804321
2024-09-25_16-18-50,0.7603855729103088
2024-09-25_16-18-51,0.7609561085700989
2024-09-25_16-18-52,0.7611294984817505
2024-09-25_16-18-52,0.760928213596344
2024-09-25_16-18-53,0.7608956694602966
2024-09-25_16-18-54,0.7608956694602966
2024-09-25_16-18-55,0.7603272795677185
2024-09-25_16-18-56,0.7597575187683105
2024-09-25_16-18-56,0.7606058120727539
2024-09-25_16-18-57,0.7594995498657227
2024-09-25_16-18-58,0.7594995498657227
2024-09-25_16-18-59,0.7614872455596924
