Time Bucket (America/Costa_Rica),UTeM CIER Sala Mestros-Mains_A (kWatts),UTeM CIER Sala Mestros-Mains_B (kWatts),UTeM CIER Sala Mestros-Mains_C (kWatts),UTeM CIER Sala Mestros-Air Conditioner-AC Sala Maestros 1 (kWatts),UTeM CIER Sala Mestros-Air Conditioner-AC Direccion 1 (kWatts),UTeM CIER Sala Mestros-Air Conditioner-AC Rack (kWatts),UTeM CIER Sala Mestros-Air Conditioner-AC Aula Medios (kWatts),UTeM CIER Sala Mestros-Sub Panel-Tab Secundario L1 (kWatts),UTeM CIER Sala Mestros-Sub Panel-Tab Secundario L2 (kWatts),UTeM CIER Sala Mestros-Sub Panel-Tab Secundario L3 (kWatts),UTeM CIER Sala Mestros-Air Conditioner-AC Sala Maestros 2 (kWatts),UTeM CIER Sala Mestros-Air Conditioner-AC Direccion 2 (kWatts),UTeM CIER Sala Mestros-Air Conditioner-AC Sala Juntas (kWatts),UTeM CIER Sala Mestros-Air Conditioner-AC Cubiculos (kWatts),UTeM CIER Sala Mestros-Other-Circuit_12 (kWatts),UTeM CIER Sala Mestros-Other-Circuit_13 (kWatts),UTeM CIER Sala Mestros-Other-Circuit_14 (kWatts),UTeM CIER Sala Mestros-Other-Circuit_15 (kWatts),UTeM CIER Sala Mestros-Other-Circuit_16 (kWatts)
09/07/2024 10:30:00,1.9995,1.8799,0.4360,0.0350,0.0218,0.5894,0.0140,0.1269,0.4165,0.2130,1.7535,0.0225,0.0960,0.0000,No CT,No CT,No CT,No CT,No CT
09/07/2024 10:45:00,1.2636,1.4904,0.3500,0.4133,0.0196,0.4477,0.0107,0.1140,0.0695,0.2191,1.7535,0.0225,0.0960,0.0000,No CT,No CT,No CT,No CT,No CT
09/07/2024 11:00:00,1.5368,1.7139,0.3149,0.0031,0.0220,0.4683,0.0119,0.0658,0.0580,0.2115,2.6249,0.0249,0.1067,0.0000,No CT,No CT,No CT,No CT,No CT
09/07/2024 11:15:00,1.6919,1.8733,0.2729,0.0028,0.0216,0.4205,0.0118,0.0478,0.0643,0.2353,2.8991,0.0247,0.1062,0.0000,No CT,No CT,No CT,No CT,No CT
09/07/2024 11:30:00,1.6886,1.8820,0.2482,0.0031,0.0213,0.3719,0.0120,0.0478,0.0761,0.2517,2.8747,0.0249,0.1062,0.0000,No CT,No CT,No CT,No CT,No CT
09/07/2024 11:45:00,1.9763,1.8497,0.2927,0.0066,0.0216,0.4260,0.0138,0.0641,0.3595,0.2119,2.8981,0.0248,0.1066,0.0000,No CT,No CT,No CT,No CT,No CT
09/07/2024 12:00:00,1.9063,1.8553,0.3724,0.0056,0.0217,0.4524,0.0133,0.1319,0.2930,0.2267,2.8882,0.0248,0.1064,0.0000,No CT,No CT,No CT,No CT,No CT
09/07/2024 12:15:00,1.5523,1.7708,0.3566,0.0034,0.0217,0.4338,0.0119,0.1262,0.0757,0.2626,2.6276,0.0248,0.1062,0.0000,No CT,No CT,No CT,No CT,No CT
09/07/2024 12:30:00,0.3557,0.4077,0.6593,0.0023,0.0227,0.4801,0.0117,0.1411,0.0778,0.2110,0.0104,0.5440,0.1060,0.0000,No CT,No CT,No CT,No CT,No CT
09/07/2024 12:45:00,0.6479,0.4064,1.0055,0.0026,0.0226,0.4775,0.0118,0.1863,0.0781,0.2112,0.0101,1.1331,0.1065,0.0000,No CT,No CT,No CT,No CT,No CT
09/07/2024 13:00:00,0.5168,0.4804,0.8023,0.0028,0.0217,0.3875,0.0119,0.1613,0.0731,0.2742,0.0101,0.8794,0.1062,0.0000,No CT,No CT,No CT,No CT,No CT
09/07/2024 13:15:00,0.4313,0.4204,0.3946,0.0058,0.0215,0.3759,0.0134,0.0958,0.3262,0.2117,0.0105,0.2117,0.1060,0.0000,No CT,No CT,No CT,No CT,No CT
09/07/2024 13:30:00,0.3385,0.4501,0.3149,0.0059,0.0214,0.3697,0.0133,0.1165,0.3267,0.2454,0.0101,0.0253,0.1048,0.0000,No CT,No CT,No CT,No CT,No CT
09/07/2024 13:45:00,0.0961,0.4200,0.3229,0.0025,0.0217,0.3406,0.0113,0.1400,0.0751,0.2371,0.0106,0.0254,0.1048,0.0000,No CT,No CT,No CT,No CT,No CT
09/07/2024 14:00:00,0.0967,0.3751,0.2880,0.0026,0.0220,0.3148,0.0113,0.1175,0.0755,0.2110,0.0104,0.0255,0.1054,0.0000,No CT,No CT,No CT,No CT,No CT
09/07/2024 14:15:00,0.2783,0.6018,0.2290,0.0030,0.0219,0.3098,0.0118,0.0598,0.0770,0.2810,0.3328,0.0255,0.1058,0.0000,No CT,No CT,No CT,No CT,No CT
09/07/2024 14:30:00,1.5694,1.7004,0.2291,0.0032,0.0216,0.3085,0.0120,0.0602,0.0740,0.2108,2.6850,0.0248,0.1061,0.0000,No CT,No CT,No CT,No CT,No CT
09/07/2024 14:45:00,1.9262,1.7001,0.2284,0.0081,0.0214,0.3067,0.0145,0.0594,0.4444,0.2111,2.6852,0.0250,0.1064,0.0000,No CT,No CT,No CT,No CT,No CT
09/07/2024 15:00:00,0.5821,0.7476,0.2754,0.0050,0.0220,0.3064,0.0129,0.1080,0.2161,0.2741,0.6457,0.0256,0.1066,0.0000,No CT,No CT,No CT,No CT,No CT
09/07/2024 15:15:00,0.0971,0.3701,0.3103,0.0026,0.0222,0.3106,0.0116,0.1421,0.0758,0.2102,0.0107,0.0258,0.1065,0.0000,No CT,No CT,No CT,No CT,No CT
09/07/2024 15:30:00,0.1020,0.3730,0.3029,0.0029,0.0223,0.3142,0.0117,0.1324,0.0805,0.2101,0.0108,0.0258,0.1072,0.0000,No CT,No CT,No CT,No CT,No CT
09/07/2024 15:45:00,0.1067,0.4380,0.2348,0.0032,0.0223,0.3185,0.0121,0.0607,0.0851,0.2713,0.0109,0.0259,0.1085,0.0000,No CT,No CT,No CT,No CT,No CT
09/07/2024 16:00:00,0.1295,0.3782,0.2351,0.0034,0.0223,0.3187,0.0122,0.0607,0.1085,0.2118,0.0107,0.0259,0.1085,0.0000,No CT,No CT,No CT,No CT,No CT
09/07/2024 16:15:00,0.4466,0.3843,0.2385,0.0083,0.0219,0.3268,0.0145,0.0595,0.4382,0.2117,0.0105,0.0258,0.1074,0.0000,No CT,No CT,No CT,No CT,No CT
09/07/2024 16:30:00,0.2101,0.4436,0.2704,0.0046,0.0221,0.3220,0.0128,0.0953,0.1936,0.2747,0.0106,0.0257,0.1067,0.0000,No CT,No CT,No CT,No CT,No CT
09/07/2024 16:45:00,0.0806,0.3768,0.3159,0.0027,0.0221,0.3195,0.0116,0.1432,0.0593,0.2104,0.0106,0.0257,0.1065,0.0000,No CT,No CT,No CT,No CT,No CT
09/07/2024 17:00:00,0.0784,0.3674,0.3022,0.0027,0.0222,0.3068,0.0117,0.1357,0.0570,0.2102,0.0105,0.0258,0.1070,0.0000,No CT,No CT,No CT,No CT,No CT
09/07/2024 17:15:00,0.0763,0.4244,0.2296,0.0033,0.0224,0.2987,0.0120,0.0659,0.0549,0.2727,0.0108,0.0260,0.1070,0.0000,No CT,No CT,No CT,No CT,No CT
09/07/2024 17:30:00,0.1684,0.3611,0.2198,0.0043,0.0225,0.2978,0.0125,0.0561,0.1500,0.2105,0.0112,0.0260,0.1073,0.0000,No CT,No CT,No CT,No CT,No CT
09/07/2024 17:45:00,0.4376,0.3769,0.2172,0.0085,0.0223,0.2927,0.0145,0.0551,0.4298,0.2293,0.0107,0.0260,0.1075,0.0000,No CT,No CT,No CT,No CT,No CT
09/07/2024 18:00:00,0.1379,0.4035,0.2364,0.0039,0.0225,0.2939,0.0123,0.0750,0.1187,0.2558,0.0107,0.0260,0.1073,0.0000,No CT,No CT,No CT,No CT,No CT
09/07/2024 18:15:00,0.0774,0.3361,0.3290,0.0025,0.0226,0.2591,0.0114,0.1866,0.0559,0.2101,0.0107,0.0260,0.1072,0.0000,No CT,No CT,No CT,No CT,No CT
09/07/2024 18:30:00,0.0774,0.4393,0.4677,0.0021,0.0229,0.3802,0.0114,0.2659,0.0558,0.2759,0.0106,0.0260,0.1072,0.0000,No CT,No CT,No CT,No CT,No CT
09/07/2024 18:45:00,0.0773,0.3561,0.3707,0.0022,0.0225,0.2915,0.0116,0.2127,0.0557,0.2107,0.0108,0.0261,0.1072,0.0000,No CT,No CT,No CT,No CT,No CT
09/07/2024 19:00:00,0.2488,0.3588,0.3437,0.0046,0.0223,0.2916,0.0128,0.1845,0.2330,0.2127,0.0109,0.0260,0.1073,0.0000,No CT,No CT,No CT,No CT,No CT
09/07/2024 19:15:00,0.4154,0.4242,0.3430,0.0074,0.0223,0.2905,0.0141,0.1838,0.4063,0.2784,0.0105,0.0260,0.1070,0.0000,No CT,No CT,No CT,No CT,No CT
09/07/2024 19:30:00,0.0774,0.3613,0.3460,0.0022,0.0225,0.2963,0.0116,0.1852,0.0555,0.2129,0.0108,0.0260,0.1071,0.0000,No CT,No CT,No CT,No CT,No CT
09/07/2024 19:45:00,0.0771,0.3604,0.4270,0.0023,0.0225,0.2957,0.0112,0.2678,0.0556,0.2123,0.0106,0.0260,0.1069,0.0000,No CT,No CT,No CT,No CT,No CT
09/07/2024 20:00:00,0.0774,0.4379,0.4229,0.0026,0.0226,0.2938,0.0114,0.2644,0.0557,0.2911,0.0105,0.0261,0.1074,0.0000,No CT,No CT,No CT,No CT,No CT
09/07/2024 20:15:00,0.0775,0.3548,0.3882,0.0023,0.0226,0.2876,0.0113,0.2324,0.0558,0.2124,0.0106,0.0260,0.1073,0.0000,No CT,No CT,No CT,No CT,No CT
09/07/2024 20:30:00,0.3345,0.3568,0.3424,0.0061,0.0224,0.2894,0.0135,0.1841,0.3220,0.2128,0.0109,0.0260,0.1073,0.0000,No CT,No CT,No CT,No CT,No CT
09/07/2024 20:45:00,0.3330,0.3588,0.3433,0.0059,0.0225,0.2912,0.0136,0.1840,0.3207,0.2133,0.0111,0.0261,0.1076,0.0000,No CT,No CT,No CT,No CT,No CT
09/07/2024 21:00:00,0.0777,0.4270,0.3443,0.0027,0.0227,0.2933,0.0118,0.1849,0.0558,0.2803,0.0108,0.0262,0.1077,0.0000,No CT,No CT,No CT,No CT,No CT
09/07/2024 21:15:00,0.0778,0.3583,0.4052,0.0021,0.0226,0.2925,0.0113,0.2471,0.0560,0.2123,0.0109,0.0262,0.1076,0.0000,No CT,No CT,No CT,No CT,No CT
09/07/2024 21:30:00,0.0776,0.4222,0.4239,0.0020,0.0226,0.2928,0.0115,0.2658,0.0560,0.2758,0.0108,0.0261,0.1075,0.0000,No CT,No CT,No CT,No CT,No CT
09/07/2024 21:45:00,0.0779,0.3115,0.3761,0.0021,0.0229,0.2215,0.0115,0.2530,0.0561,0.2120,0.0106,0.0262,0.1076,0.0000,No CT,No CT,No CT,No CT,No CT
09/07/2024 22:00:00,0.4375,0.2740,0.2798,0.0075,0.0228,0.1618,0.0144,0.1838,0.4280,0.2128,0.0107,0.0263,0.1080,0.0000,No CT,No CT,No CT,No CT,No CT
09/07/2024 22:15:00,0.2300,0.4164,0.3325,0.0046,0.0226,0.2687,0.0127,0.1843,0.2135,0.2859,0.0110,0.0262,0.1081,0.0000,No CT,No CT,No CT,No CT,No CT
09/07/2024 22:30:00,0.0782,0.3554,0.3415,0.0032,0.0228,0.2875,0.0116,0.1847,0.0560,0.2128,0.0113,0.0262,0.1085,0.0000,No CT,No CT,No CT,No CT,No CT
09/07/2024 22:45:00,0.0793,0.3539,0.3780,0.0031,0.0228,0.2856,0.0113,0.2226,0.0569,0.2126,0.0112,0.0263,0.1089,0.0000,No CT,No CT,No CT,No CT,No CT
09/07/2024 23:00:00,0.0798,0.4197,0.4228,0.0032,0.0228,0.2862,0.0114,0.2676,0.0576,0.2773,0.0111,0.0263,0.1089,0.0000,No CT,No CT,No CT,No CT,No CT
09/07/2024 23:15:00,0.1806,0.3088,0.3831,0.0039,0.0231,0.2158,0.0121,0.2621,0.1619,0.2123,0.0109,0.0263,0.1088,0.0000,No CT,No CT,No CT,No CT,No CT
09/07/2024 23:30:00,0.4457,0.2737,0.2909,0.0076,0.0231,0.1602,0.0145,0.1953,0.4370,0.2130,0.0109,0.0263,0.1091,0.0000,No CT,No CT,No CT,No CT,No CT
09/07/2024 23:45:00,0.1330,0.3725,0.3186,0.0041,0.0231,0.2389,0.0121,0.1848,0.1126,0.2731,0.0113,0.0264,0.1094,0.0000,No CT,No CT,No CT,No CT,No CT
09/08/2024 00:00:00,0.0816,0.2764,0.2831,0.0034,0.0234,0.1665,0.0118,0.1852,0.0591,0.2126,0.0114,0.0264,0.1096,0.0000,No CT,No CT,No CT,No CT,No CT
09/08/2024 00:15:00,0.0811,0.4124,0.3565,0.0032,0.0229,0.2817,0.0117,0.2023,0.0590,0.2728,0.0111,0.0263,0.1092,0.0000,No CT,No CT,No CT,No CT,No CT
09/08/2024 00:30:00,0.0813,0.3531,0.4242,0.0030,0.0229,0.2840,0.0112,0.2700,0.0592,0.2119,0.0113,0.0263,0.1094,0.0000,No CT,No CT,No CT,No CT,No CT
09/08/2024 00:45:00,0.2875,0.3072,0.3833,0.0054,0.0231,0.2127,0.0131,0.2633,0.2724,0.2122,0.0113,0.0264,0.1097,0.0000,No CT,No CT,No CT,No CT,No CT
09/08/2024 01:00:00,0.3932,0.3331,0.3068,0.0072,0.0232,0.1579,0.0142,0.2125,0.3824,0.2736,0.0113,0.0263,0.1100,0.0000,No CT,No CT,No CT,No CT,No CT
09/08/2024 01:15:00,0.0816,0.3103,0.3177,0.0036,0.0234,0.2357,0.0116,0.1855,0.0592,0.2126,0.0114,0.0264,0.1100,0.0000,No CT,No CT,No CT,No CT,No CT
09/08/2024 01:30:00,0.0818,0.2767,0.2793,0.0035,0.0234,0.1578,0.0117,0.1856,0.0592,0.2184,0.0114,0.0265,0.1101,0.0000,No CT,No CT,No CT,No CT,No CT
09/08/2024 01:45:00,0.0816,0.3312,0.2809,0.0035,0.0234,0.1615,0.0118,0.1853,0.0592,0.2705,0.0113,0.0265,0.1102,0.0000,No CT,No CT,No CT,No CT,No CT
09/08/2024 02:00:00,0.0818,0.3065,0.3958,0.0030,0.0234,0.2290,0.0114,0.2681,0.0595,0.2123,0.0112,0.0265,0.1104,0.0000,No CT,No CT,No CT,No CT,No CT
09/08/2024 02:15:00,0.3924,0.3436,0.3623,0.0071,0.0233,0.1677,0.0140,0.2639,0.3814,0.2778,0.0111,0.0265,0.1106,0.0000,No CT,No CT,No CT,No CT,No CT
09/08/2024 02:30:00,0.2942,0.3497,0.4072,0.0058,0.0232,0.3314,0.0133,0.2272,0.2798,0.2124,0.0115,0.0265,0.1107,0.0000,No CT,No CT,No CT,No CT,No CT
09/08/2024 02:45:00,0.0827,0.3504,0.3390,0.0036,0.0231,0.2792,0.0119,0.1856,0.0603,0.2124,0.0113,0.0266,0.1108,0.0000,No CT,No CT,No CT,No CT,No CT
09/08/2024 03:00:00,0.0831,0.3532,0.2914,0.0035,0.0235,0.1821,0.0120,0.1856,0.0607,0.2787,0.0116,0.0266,0.1107,0.0000,No CT,No CT,No CT,No CT,No CT
09/08/2024 03:15:00,0.0832,0.2700,0.2791,0.0038,0.0235,0.1568,0.0117,0.1858,0.0608,0.2124,0.0114,0.0266,0.1109,0.0000,No CT,No CT,No CT,No CT,No CT
09/08/2024 03:30:00,0.1351,0.3088,0.3867,0.0040,0.0234,0.2325,0.0120,0.2568,0.1144,0.2124,0.0111,0.0266,0.1110,0.0000,No CT,No CT,No CT,No CT,No CT
09/08/2024 03:45:00,0.4552,0.3363,0.3567,0.0081,0.0234,0.1538,0.0147,0.2647,0.4466,0.2793,0.0112,0.0266,0.1114,0.0000,No CT,No CT,No CT,No CT,No CT
09/08/2024 04:00:00,0.1823,0.2901,0.3533,0.0043,0.0236,0.2014,0.0125,0.2383,0.1635,0.2124,0.0111,0.0266,0.1113,0.0000,No CT,No CT,No CT,No CT,No CT
09/08/2024 04:15:00,0.0836,0.2855,0.2935,0.0036,0.0237,0.1851,0.0119,0.1862,0.0609,0.2104,0.0113,0.0266,0.1114,0.0000,No CT,No CT,No CT,No CT,No CT
09/08/2024 04:30:00,0.0836,0.3303,0.2803,0.0038,0.0237,0.1565,0.0121,0.1871,0.0610,0.2723,0.0116,0.0267,0.1115,0.0000,No CT,No CT,No CT,No CT,No CT
09/08/2024 04:45:00,0.0836,0.3052,0.3172,0.0036,0.0236,0.2306,0.0118,0.1872,0.0609,0.2090,0.0115,0.0267,0.1115,0.0000,No CT,No CT,No CT,No CT,No CT
09/08/2024 05:00:00,0.2551,0.3347,0.3361,0.0057,0.0236,0.1549,0.0132,0.2438,0.2387,0.2770,0.0114,0.0266,0.1116,0.0000,No CT,No CT,No CT,No CT,No CT
09/08/2024 05:15:00,0.4344,0.2911,0.3854,0.0079,0.0233,0.2070,0.0145,0.2671,0.4253,0.2091,0.0112,0.0266,0.1116,0.0000,No CT,No CT,No CT,No CT,No CT
09/08/2024 05:30:00,0.0835,0.2806,0.3555,0.0034,0.0236,0.1777,0.0114,0.2527,0.0610,0.2090,0.0114,0.0266,0.1114,0.0000,No CT,No CT,No CT,No CT,No CT
09/08/2024 05:45:00,0.0835,0.3261,0.2807,0.0036,0.0236,0.1563,0.0120,0.1874,0.0609,0.2679,0.0112,0.0267,0.1118,0.0000,No CT,No CT,No CT,No CT,No CT
09/08/2024 06:00:00,0.0834,0.3050,0.3175,0.0035,0.0235,0.2312,0.0118,0.1874,0.0608,0.2088,0.0115,0.0267,0.1113,0.0000,No CT,No CT,No CT,No CT,No CT
09/08/2024 06:15:00,0.0834,0.2662,0.2801,0.0034,0.0236,0.1553,0.0118,0.1873,0.0607,0.2087,0.0114,0.0266,0.1113,0.0000,No CT,No CT,No CT,No CT,No CT
09/08/2024 06:30:00,0.3681,0.3587,0.3507,0.0068,0.0234,0.2109,0.0142,0.2302,0.3555,0.2739,0.0112,0.0266,0.1116,0.0000,No CT,No CT,No CT,No CT,No CT
09/08/2024 06:45:00,0.3220,0.2759,0.3395,0.0063,0.0235,0.1732,0.0138,0.2379,0.3084,0.2066,0.0112,0.0266,0.1119,0.0000,No CT,No CT,No CT,No CT,No CT
09/08/2024 07:00:00,0.0826,0.3004,0.2303,0.0039,0.0236,0.1572,0.0121,0.1359,0.0602,0.2418,0.0114,0.0266,0.1120,0.0000,No CT,No CT,No CT,No CT,No CT
09/08/2024 07:15:00,0.0826,0.3372,0.1917,0.0043,0.0235,0.2312,0.0125,0.0596,0.0600,0.2403,0.0116,0.0266,0.1119,0.0000,No CT,No CT,No CT,No CT,No CT
09/08/2024 07:30:00,0.0823,0.2937,0.1770,0.0043,0.0234,0.2009,0.0122,0.0599,0.0598,0.2067,0.0113,0.0265,0.1116,0.0000,No CT,No CT,No CT,No CT,No CT
09/08/2024 07:45:00,0.1116,0.4028,0.2187,0.0043,0.0229,0.2866,0.0124,0.0595,0.0903,0.2577,0.0114,0.0263,0.1110,0.0000,No CT,No CT,No CT,No CT,No CT
09/08/2024 08:00:00,0.4529,0.3711,0.2493,0.0082,0.0227,0.2934,0.0147,0.0860,0.4437,0.2200,0.0112,0.0262,0.1109,0.0000,No CT,No CT,No CT,No CT,No CT
09/08/2024 08:15:00,0.1968,0.3620,0.3073,0.0049,0.0227,0.3002,0.0124,0.1425,0.1788,0.2063,0.0112,0.0262,0.1107,0.0000,No CT,No CT,No CT,No CT,No CT
09/08/2024 08:30:00,0.0813,0.4302,0.3034,0.0040,0.0227,0.3031,0.0117,0.1374,0.0594,0.2725,0.0114,0.0263,0.1110,0.0000,No CT,No CT,No CT,No CT,No CT
09/08/2024 08:45:00,0.0813,0.3719,0.2455,0.0038,0.0228,0.3090,0.0120,0.0757,0.0593,0.2112,0.0113,0.0263,0.1111,0.0000,No CT,No CT,No CT,No CT,No CT
09/08/2024 09:00:00,0.0812,0.3739,0.2316,0.0039,0.0226,0.3130,0.0118,0.0596,0.0591,0.2106,0.0111,0.0262,0.1107,0.0000,No CT,No CT,No CT,No CT,No CT
09/08/2024 09:15:00,0.2422,0.4646,0.2382,0.0060,0.0225,0.3261,0.0132,0.0591,0.2257,0.2907,0.0112,0.0261,0.1108,0.0000,No CT,No CT,No CT,No CT,No CT
09/08/2024 09:30:00,0.4377,0.4027,0.2614,0.0081,0.0222,0.3494,0.0146,0.0705,0.4285,0.2112,0.0112,0.0261,0.1106,0.0000,No CT,No CT,No CT,No CT,No CT
09/08/2024 09:45:00,0.0808,0.3999,0.3317,0.0033,0.0224,0.3477,0.0115,0.1440,0.0591,0.2105,0.0112,0.0261,0.1104,0.0000,No CT,No CT,No CT,No CT,No CT
09/08/2024 10:00:00,0.0805,0.4045,0.3284,0.0033,0.0223,0.3537,0.0117,0.1377,0.0588,0.2104,0.0110,0.0259,0.1101,0.0000,No CT,No CT,No CT,No CT,No CT
09/08/2024 10:15:00,0.0802,0.4805,0.2744,0.0038,0.0223,0.3445,0.0118,0.0875,0.0586,0.2930,0.0110,0.0259,0.1097,0.0000,No CT,No CT,No CT,No CT,No CT
09/08/2024 10:30:00,0.0805,0.3965,0.2961,0.0036,0.0230,0.4418,0.0118,0.0593,0.0586,0.2107,0.0112,0.0259,0.1098,0.0000,No CT,No CT,No CT,No CT,No CT
09/08/2024 10:45:00,0.3782,0.4267,0.3352,0.0069,0.0228,0.5212,0.0139,0.0583,0.3666,0.2109,0.0108,0.0259,0.1094,0.0000,No CT,No CT,No CT,No CT,No CT
09/08/2024 11:00:00,0.2944,0.4713,0.2785,0.0057,0.0224,0.4079,0.0135,0.0583,0.2805,0.2854,0.0107,0.0257,0.1091,0.0000,No CT,No CT,No CT,No CT,No CT
09/08/2024 11:15:00,0.0800,0.3974,0.3265,0.0030,0.0221,0.3398,0.0113,0.1425,0.0585,0.2132,0.0108,0.0257,0.1099,0.0000,No CT,No CT,No CT,No CT,No CT
09/08/2024 11:30:00,0.0799,0.4193,0.3387,0.0030,0.0219,0.3733,0.0114,0.1382,0.0585,0.2101,0.0111,0.0258,0.1098,0.0000,No CT,No CT,No CT,No CT,No CT
09/08/2024 11:45:00,0.0799,0.4036,0.3302,0.0030,0.0225,0.4281,0.0116,0.1014,0.0583,0.2102,0.0109,0.0256,0.1090,0.0000,No CT,No CT,No CT,No CT,No CT
09/08/2024 12:00:00,0.1606,0.4705,0.2509,0.0044,0.0220,0.3530,0.0125,0.0588,0.1418,0.2766,0.0108,0.0257,0.1095,0.0000,No CT,No CT,No CT,No CT,No CT
09/08/2024 12:15:00,0.4438,0.4075,0.2987,0.0076,0.0223,0.4480,0.0145,0.0579,0.4348,0.2106,0.0107,0.0256,0.1093,0.0000,No CT,No CT,No CT,No CT,No CT
09/08/2024 12:30:00,0.1445,0.4018,0.2819,0.0042,0.0223,0.4153,0.0121,0.0586,0.1252,0.2104,0.0108,0.0256,0.1087,0.0000,No CT,No CT,No CT,No CT,No CT
09/08/2024 12:45:00,0.0793,0.4785,0.3258,0.0033,0.0217,0.3667,0.0114,0.1288,0.0580,0.2744,0.0107,0.0256,0.1081,0.0000,No CT,No CT,No CT,No CT,No CT
09/08/2024 13:00:00,0.0795,0.4125,0.3346,0.0030,0.0217,0.3662,0.0113,0.1383,0.0581,0.2098,0.0111,0.0256,0.1075,0.0000,No CT,No CT,No CT,No CT,No CT
09/08/2024 13:15:00,0.0793,0.4175,0.3136,0.0031,0.0218,0.3726,0.0116,0.1133,0.0580,0.2099,0.0108,0.0255,0.1085,0.0000,No CT,No CT,No CT,No CT,No CT
09/08/2024 13:30:00,0.3301,0.4959,0.2563,0.0063,0.0216,0.3668,0.0135,0.0577,0.3169,0.2920,0.0108,0.0254,0.1071,0.0000,No CT,No CT,No CT,No CT,No CT
09/08/2024 13:45:00,0.3341,0.4079,0.2522,0.0065,0.0217,0.3583,0.0135,0.0578,0.3214,0.2105,0.0106,0.0254,0.1070,0.0000,No CT,No CT,No CT,No CT,No CT
09/08/2024 14:00:00,0.0792,0.3693,0.2268,0.0035,0.0220,0.3076,0.0114,0.0584,0.0576,0.2098,0.0107,0.0255,0.1061,0.0000,No CT,No CT,No CT,No CT,No CT
09/08/2024 14:15:00,0.0793,0.3862,0.2832,0.0032,0.0221,0.3047,0.0113,0.1169,0.0578,0.2285,0.0107,0.0254,0.1065,0.0000,No CT,No CT,No CT,No CT,No CT
09/08/2024 14:30:00,0.0795,0.4253,0.3128,0.0031,0.0221,0.3206,0.0115,0.1388,0.0582,0.2561,0.0108,0.0255,0.1074,0.0000,No CT,No CT,No CT,No CT,No CT
09/08/2024 14:45:00,0.1357,0.3874,0.3087,0.0036,0.0220,0.3326,0.0118,0.1286,0.1161,0.2097,0.0112,0.0256,0.1079,0.0000,No CT,No CT,No CT,No CT,No CT
09/08/2024 15:00:00,0.4435,0.4649,0.2394,0.0074,0.0217,0.3326,0.0145,0.0569,0.4349,0.2856,0.0105,0.0255,0.1077,0.0000,No CT,No CT,No CT,No CT,No CT
09/08/2024 15:15:00,0.1682,0.3871,0.2385,0.0044,0.0218,0.3317,0.0122,0.0577,0.1500,0.2098,0.0110,0.0255,0.1071,0.0000,No CT,No CT,No CT,No CT,No CT
09/08/2024 15:30:00,0.0801,0.3890,0.2405,0.0035,0.0222,0.3344,0.0117,0.0584,0.0584,0.2103,0.0110,0.0257,0.1086,0.0000,No CT,No CT,No CT,No CT,No CT
09/08/2024 15:45:00,0.0799,0.3912,0.2800,0.0032,0.0221,0.3375,0.0117,0.0969,0.0583,0.2103,0.0109,0.0257,0.1082,0.0000,No CT,No CT,No CT,No CT,No CT
09/08/2024 16:00:00,0.0798,0.4594,0.3201,0.0035,0.0221,0.3321,0.0114,0.1406,0.0584,0.2823,0.0106,0.0257,0.1077,0.0000,No CT,No CT,No CT,No CT,No CT
09/08/2024 16:15:00,0.3203,0.3807,0.3106,0.0059,0.0220,0.3225,0.0132,0.1350,0.3068,0.2103,0.0108,0.0256,0.1078,0.0000,No CT,No CT,No CT,No CT,No CT
09/08/2024 16:30:00,0.3498,0.3873,0.2517,0.0065,0.0220,0.3315,0.0137,0.0707,0.3376,0.2103,0.0109,0.0256,0.1075,0.0000,No CT,No CT,No CT,No CT,No CT
09/08/2024 16:45:00,0.0797,0.4553,0.2384,0.0036,0.0220,0.3310,0.0117,0.0581,0.0581,0.2794,0.0110,0.0257,0.1075,0.0000,No CT,No CT,No CT,No CT,No CT
09/08/2024 17:00:00,0.0798,0.3853,0.2381,0.0037,0.0221,0.3307,0.0116,0.0581,0.0582,0.2101,0.0108,0.0257,0.1075,0.0000,No CT,No CT,No CT,No CT,No CT
09/08/2024 17:15:00,0.0798,0.3843,0.2526,0.0031,0.0221,0.3292,0.0116,0.0736,0.0582,0.2101,0.0108,0.0257,0.1072,0.0000,No CT,No CT,No CT,No CT,No CT
09/08/2024 17:30:00,0.1284,0.4533,0.3193,0.0036,0.0220,0.3276,0.0117,0.1420,0.1085,0.2798,0.0108,0.0256,0.1070,0.0000,No CT,No CT,No CT,No CT,No CT
09/08/2024 17:45:00,0.4452,0.3834,0.3132,0.0071,0.0219,0.3272,0.0143,0.1351,0.4366,0.2101,0.0107,0.0256,0.1072,0.0000,No CT,No CT,No CT,No CT,No CT
09/08/2024 18:00:00,0.1774,0.3818,0.2718,0.0041,0.0222,0.3265,0.0123,0.0943,0.1595,0.2100,0.0109,0.0256,0.1072,0.0000,No CT,No CT,No CT,No CT,No CT
09/08/2024 18:15:00,0.0798,0.4367,0.2305,0.0035,0.0222,0.3160,0.0118,0.0578,0.0581,0.2724,0.0110,0.0257,0.1071,0.0000,No CT,No CT,No CT,No CT,No CT
09/08/2024 18:30:00,0.0801,0.3654,0.2499,0.0030,0.0227,0.3538,0.0117,0.0578,0.0583,0.2147,0.0110,0.0257,0.1070,0.0000,No CT,No CT,No CT,No CT,No CT
09/08/2024 18:45:00,0.0806,0.3598,0.2340,0.0033,0.0223,0.3013,0.0115,0.0687,0.0589,0.2097,0.0109,0.0257,0.1067,0.0000,No CT,No CT,No CT,No CT,No CT
09/08/2024 19:00:00,0.2970,0.4263,0.4265,0.0049,0.0221,0.2987,0.0127,0.2648,0.2827,0.2734,0.0105,0.0257,0.1065,0.0000,No CT,No CT,No CT,No CT,No CT
09/08/2024 19:15:00,0.3735,0.3642,0.4278,0.0058,0.0220,0.2974,0.0133,0.2666,0.3624,0.2123,0.0106,0.0256,0.1065,0.0000,No CT,No CT,No CT,No CT,No CT
09/08/2024 19:30:00,0.0805,0.3638,0.4069,0.0025,0.0222,0.2988,0.0107,0.2455,0.0589,0.2119,0.0105,0.0256,0.1063,0.0000,No CT,No CT,No CT,No CT,No CT
09/08/2024 19:45:00,0.0804,0.4318,0.3510,0.0027,0.0222,0.3036,0.0113,0.1865,0.0587,0.2765,0.0107,0.0256,0.1062,0.0000,No CT,No CT,No CT,No CT,No CT
09/08/2024 20:00:00,0.0805,0.3642,0.3488,0.0027,0.0222,0.2992,0.0107,0.1866,0.0587,0.2124,0.0109,0.0256,0.1059,0.0000,No CT,No CT,No CT,No CT,No CT
09/08/2024 20:15:00,0.0908,0.3637,0.3483,0.0025,0.0221,0.2985,0.0111,0.1865,0.0693,0.2121,0.0109,0.0256,0.1056,0.0000,No CT,No CT,No CT,No CT,No CT
09/08/2024 20:30:00,0.4487,0.4390,0.3998,0.0069,0.0219,0.2985,0.0140,0.2375,0.4394,0.2857,0.0106,0.0254,0.1055,0.0000,No CT,No CT,No CT,No CT,No CT
09/08/2024 20:45:00,0.2083,0.3638,0.4280,0.0036,0.0221,0.2981,0.0117,0.2671,0.1912,0.2118,0.0109,0.0255,0.1055,0.0000,No CT,No CT,No CT,No CT,No CT
09/08/2024 21:00:00,0.0807,0.3656,0.4256,0.0025,0.0222,0.3016,0.0109,0.2634,0.0589,0.2120,0.0107,0.0256,0.1059,0.0000,No CT,No CT,No CT,No CT,No CT
09/08/2024 21:15:00,0.0806,0.4297,0.3508,0.0028,0.0223,0.2984,0.0112,0.1888,0.0588,0.2782,0.0109,0.0257,0.1059,0.0000,No CT,No CT,No CT,No CT,No CT
09/08/2024 21:30:00,0.0807,0.3644,0.3487,0.0026,0.0223,0.2996,0.0110,0.1863,0.0589,0.2124,0.0107,0.0257,0.1058,0.0000,No CT,No CT,No CT,No CT,No CT
09/08/2024 21:45:00,0.2742,0.3627,0.3477,0.0048,0.0222,0.2967,0.0126,0.1861,0.2587,0.2123,0.0108,0.0257,0.1060,0.0000,No CT,No CT,No CT,No CT,No CT
09/08/2024 22:00:00,0.3967,0.4347,0.3760,0.0064,0.0222,0.2946,0.0138,0.2155,0.3859,0.2849,0.0105,0.0257,0.1061,0.0000,No CT,No CT,No CT,No CT,No CT
09/08/2024 22:15:00,0.0807,0.3633,0.4300,0.0026,0.0222,0.2983,0.0109,0.2695,0.0591,0.2118,0.0105,0.0257,0.1058,0.0000,No CT,No CT,No CT,No CT,No CT
09/08/2024 22:30:00,0.0807,0.3629,0.4243,0.0026,0.0222,0.2979,0.0106,0.2638,0.0591,0.2116,0.0107,0.0257,0.1060,0.0000,No CT,No CT,No CT,No CT,No CT
09/08/2024 22:45:00,0.0809,0.4280,0.3604,0.0030,0.0223,0.2812,0.0112,0.2071,0.0590,0.2877,0.0107,0.0258,0.1063,0.0000,No CT,No CT,No CT,No CT,No CT
09/08/2024 23:00:00,0.0814,0.2774,0.2840,0.0030,0.0229,0.1673,0.0113,0.1864,0.0593,0.2125,0.0111,0.0258,0.1069,0.0000,No CT,No CT,No CT,No CT,No CT
09/08/2024 23:15:00,0.4471,0.3467,0.3352,0.0072,0.0223,0.2711,0.0142,0.1853,0.4372,0.2128,0.0105,0.0259,0.1072,0.0000,No CT,No CT,No CT,No CT,No CT
09/08/2024 23:30:00,0.2293,0.4240,0.3560,0.0045,0.0223,0.2966,0.0126,0.1944,0.2125,0.2731,0.0108,0.0259,0.1071,0.0000,No CT,No CT,No CT,No CT,No CT
09/08/2024 23:45:00,0.0815,0.3762,0.4316,0.0025,0.0224,0.2960,0.0112,0.2718,0.0596,0.2261,0.0110,0.0259,0.1072,0.0000,No CT,No CT,No CT,No CT,No CT
09/09/2024 00:00:00,0.0815,0.3628,0.4253,0.0026,0.0224,0.2967,0.0111,0.2651,0.0596,0.2122,0.0109,0.0259,0.1072,0.0000,No CT,No CT,No CT,No CT,No CT
09/09/2024 00:15:00,0.0816,0.3512,0.3797,0.0027,0.0225,0.2797,0.0115,0.2274,0.0596,0.2122,0.0109,0.0260,0.1074,0.0000,No CT,No CT,No CT,No CT,No CT
09/09/2024 00:30:00,0.2483,0.3428,0.2834,0.0047,0.0229,0.1651,0.0128,0.1860,0.2315,0.2788,0.0110,0.0260,0.1077,0.0000,No CT,No CT,No CT,No CT,No CT
09/09/2024 00:45:00,0.4320,0.3168,0.3133,0.0074,0.0226,0.2255,0.0143,0.1857,0.4221,0.2129,0.0111,0.0261,0.1083,0.0000,No CT,No CT,No CT,No CT,No CT
09/09/2024 01:00:00,0.0819,0.4392,0.3475,0.0031,0.0227,0.2949,0.0117,0.1868,0.0598,0.2900,0.0108,0.0261,0.1084,0.0000,No CT,No CT,No CT,No CT,No CT
09/09/2024 01:15:00,0.0821,0.3600,0.4168,0.0030,0.0227,0.2937,0.0111,0.2577,0.0599,0.2123,0.0109,0.0261,0.1086,0.0000,No CT,No CT,No CT,No CT,No CT
09/09/2024 01:30:00,0.0819,0.3583,0.4242,0.0028,0.0226,0.2909,0.0110,0.2667,0.0599,0.2121,0.0112,0.0261,0.1083,0.0000,No CT,No CT,No CT,No CT,No CT
09/09/2024 01:45:00,0.0818,0.2953,0.3595,0.0025,0.0229,0.1959,0.0112,0.2483,0.0598,0.2117,0.0111,0.0260,0.1081,0.0000,No CT,No CT,No CT,No CT,No CT
09/09/2024 02:00:00,0.4177,0.3495,0.2832,0.0074,0.0229,0.1641,0.0142,0.1855,0.4068,0.2854,0.0109,0.0261,0.1087,0.0000,No CT,No CT,No CT,No CT,No CT
09/09/2024 02:15:00,0.2603,0.3134,0.3216,0.0050,0.0228,0.2425,0.0129,0.1859,0.2444,0.2118,0.0107,0.0259,0.1079,0.0000,No CT,No CT,No CT,No CT,No CT
09/09/2024 02:30:00,0.0815,0.3125,0.3323,0.0026,0.0231,0.2636,0.0113,0.1865,0.0593,0.2110,0.0108,0.0259,0.1076,0.0000,No CT,No CT,No CT,No CT,No CT
09/09/2024 02:45:00,0.0813,0.4197,0.4027,0.0028,0.0225,0.3078,0.0109,0.2361,0.0593,0.2728,0.0108,0.0259,0.1077,0.0000,No CT,No CT,No CT,No CT,No CT
09/09/2024 03:00:00,0.0814,0.3528,0.4215,0.0024,0.0226,0.2831,0.0112,0.2679,0.0595,0.2110,0.0108,0.0259,0.1079,0.0000,No CT,No CT,No CT,No CT,No CT
09/09/2024 03:15:00,0.2289,0.4041,0.4087,0.0041,0.0225,0.2658,0.0120,0.2628,0.2119,0.2731,0.0110,0.0259,0.1081,0.0000,No CT,No CT,No CT,No CT,No CT
09/09/2024 03:30:00,0.4440,0.2767,0.2836,0.0073,0.0228,0.1596,0.0143,0.1882,0.4347,0.2156,0.0109,0.0260,0.1086,0.0000,No CT,No CT,No CT,No CT,No CT
09/09/2024 03:45:00,0.0843,0.2787,0.2885,0.0030,0.0231,0.1750,0.0116,0.1866,0.0622,0.2113,0.0109,0.0260,0.1084,0.0000,No CT,No CT,No CT,No CT,No CT
09/09/2024 04:00:00,0.0817,0.3783,0.3126,0.0029,0.0229,0.2233,0.0113,0.1866,0.0595,0.2860,0.0109,0.0260,0.1085,0.0000,No CT,No CT,No CT,No CT,No CT
09/09/2024 04:15:00,0.0818,0.2712,0.3100,0.0026,0.0230,0.1591,0.0113,0.2163,0.0596,0.2113,0.0110,0.0261,0.1085,0.0000,No CT,No CT,No CT,No CT,No CT
09/09/2024 04:30:00,0.0818,0.3423,0.4165,0.0026,0.0227,0.2681,0.0111,0.2701,0.0597,0.2108,0.0109,0.0260,0.1086,0.0000,No CT,No CT,No CT,No CT,No CT
09/09/2024 04:45:00,0.4051,0.3661,0.4189,0.0062,0.0224,0.2843,0.0138,0.2634,0.3942,0.2231,0.0106,0.0260,0.1089,0.0000,No CT,No CT,No CT,No CT,No CT
09/09/2024 05:00:00,0.2736,0.3294,0.3022,0.0054,0.0229,0.1614,0.0131,0.2065,0.2584,0.2673,0.0110,0.0260,0.1090,0.0000,No CT,No CT,No CT,No CT,No CT
09/09/2024 05:15:00,0.0818,0.2714,0.2816,0.0027,0.0230,0.1601,0.0116,0.1869,0.0595,0.2110,0.0112,0.0260,0.1089,0.0000,No CT,No CT,No CT,No CT,No CT
09/09/2024 05:30:00,0.0816,0.3730,0.3184,0.0031,0.0230,0.2351,0.0115,0.1867,0.0594,0.2759,0.0108,0.0260,0.1086,0.0000,No CT,No CT,No CT,No CT,No CT
09/09/2024 05:45:00,0.0817,0.2696,0.2867,0.0026,0.0231,0.1576,0.0113,0.1935,0.0595,0.2107,0.0109,0.0260,0.1087,0.0000,No CT,No CT,No CT,No CT,No CT
09/09/2024 06:00:00,0.2100,0.3071,0.4024,0.0041,0.0228,0.2339,0.0121,0.2723,0.1919,0.2107,0.0105,0.0260,0.1084,0.0000,No CT,No CT,No CT,No CT,No CT
09/09/2024 06:15:00,0.4434,0.3496,0.3573,0.0070,0.0227,0.1576,0.0142,0.2640,0.4339,0.2893,0.0107,0.0259,0.1082,0.0000,No CT,No CT,No CT,No CT,No CT
09/09/2024 06:30:00,0.1024,0.2680,0.3166,0.0030,0.0229,0.1579,0.0113,0.2236,0.0809,0.2086,0.0108,0.0259,0.1080,0.0000,No CT,No CT,No CT,No CT,No CT
09/09/2024 06:45:00,0.0807,0.3044,0.2560,0.0031,0.0229,0.2342,0.0113,0.1238,0.0586,0.2076,0.0108,0.0259,0.1081,0.0000,No CT,No CT,No CT,No CT,No CT
09/09/2024 07:00:00,0.0802,0.2853,0.1534,0.0035,0.0228,0.1581,0.0115,0.0579,0.0582,0.2255,0.0112,0.0258,0.1081,0.0000,No CT,No CT,No CT,No CT,No CT
09/09/2024 07:15:00,0.0817,0.4003,0.2086,0.0038,0.0230,0.2673,0.0119,0.0591,0.0593,0.2695,0.0113,0.0264,0.1108,0.0000,No CT,No CT,No CT,No CT,No CT
09/09/2024 07:30:00,0.3915,0.3508,0.2940,0.0072,0.0228,0.2821,0.0140,0.1375,0.3803,0.2089,0.0110,0.0263,0.1106,0.0000,No CT,No CT,No CT,No CT,No CT
09/09/2024 07:45:00,1.5658,1.4603,0.2792,0.0063,0.0224,0.2222,0.0135,0.1525,0.2675,0.1978,2.3394,0.0256,0.1096,0.0000,No CT,No CT,No CT,No CT,No CT
09/09/2024 08:00:00,1.4451,1.6136,0.2585,0.0034,0.0221,0.2178,0.0120,0.1347,0.0553,0.2767,2.4977,0.0253,0.1079,0.0000,No CT,No CT,No CT,No CT,No CT
09/09/2024 08:15:00,1.3449,1.6486,0.2729,0.0033,0.0215,0.2952,0.0117,0.1111,0.0658,0.3591,2.2959,0.0250,0.1063,0.0000,No CT,No CT,No CT,No CT,No CT
09/09/2024 08:30:00,0.1060,0.3318,0.2812,0.0026,0.0202,0.2756,0.0108,0.1309,0.0869,0.1886,0.0098,0.0235,0.0979,0.0000,No CT,No CT,No CT,No CT,No CT
09/09/2024 08:45:00,0.4259,0.5480,0.2717,0.2798,0.0180,0.2488,0.0103,0.1285,0.1726,0.1878,0.1895,0.0211,0.1104,0.0000,No CT,No CT,No CT,No CT,No CT
09/09/2024 09:00:00,1.2812,1.1880,0.2893,1.0553,0.0142,0.2034,0.0097,0.1502,0.3685,0.2055,0.6935,0.0173,0.1562,0.0000,No CT,No CT,No CT,No CT,No CT
09/09/2024 09:15:00,3.1678,2.5607,1.1493,2.5216,0.0121,0.1875,0.0083,0.4269,0.4690,0.4591,1.5679,0.0160,0.0664,1.1294,No CT,No CT,No CT,No CT,No CT
09/09/2024 09:30:00,5.4830,4.4019,2.5314,4.1160,0.0196,0.4904,0.0135,0.7892,0.6337,0.9204,2.5811,0.0257,0.1054,2.7059,No CT,No CT,No CT,No CT,No CT
09/09/2024 09:45:00,5.3395,4.0418,2.2071,4.1279,0.0194,0.3123,0.0133,0.7071,0.6318,0.6106,2.5637,0.0258,0.1058,2.4259,No CT,No CT,No CT,No CT,No CT
09/09/2024 10:00:00,4.5140,3.5831,1.2719,4.1487,0.0197,0.3312,0.0122,0.9208,0.8189,0.1272,2.5832,0.3787,0.1068,0.0000,No CT,No CT,No CT,No CT,No CT
09/09/2024 10:15:00,5.5812,3.6822,1.7657,4.1060,0.0194,0.3448,0.0155,0.7475,1.2949,0.2303,2.6131,0.9311,0.1063,0.6653,No CT,No CT,No CT,No CT,No CT
09/09/2024 10:30:00,6.3200,3.9932,2.6983,4.0921,0.0192,0.3310,0.0151,0.7445,1.1927,0.5560,2.6081,0.5527,0.1049,2.7314,No CT,No CT,No CT,No CT,No CT
09/09/2024 10:45:00,6.1523,4.2310,2.8019,4.0368,0.0185,0.3379,0.0143,0.8784,1.0983,0.8323,2.5724,0.5536,0.1028,2.6711,No CT,No CT,No CT,No CT,No CT
09/09/2024 11:00:00,6.2583,4.0925,2.8317,4.1730,0.0187,0.3642,0.0141,0.9011,1.1091,0.5651,2.6664,0.5737,0.1048,2.6027,No CT,No CT,No CT,No CT,No CT
09/09/2024 11:15:00,6.1865,4.0889,2.7107,4.1776,0.0188,0.3714,0.0143,0.7670,1.0291,0.5545,2.6669,0.5796,0.1045,2.6088,No CT,No CT,No CT,No CT,No CT
09/09/2024 11:30:00,6.5973,4.9339,3.3571,4.2134,0.0185,0.3846,0.0146,0.8198,1.3927,0.8170,2.6991,0.5825,1.8225,2.6288,No CT,No CT,No CT,No CT,No CT
09/09/2024 11:45:00,6.6933,4.9284,3.2838,4.2388,0.0188,0.4762,0.0156,0.6568,1.4580,0.7716,2.7214,0.5812,1.9014,2.6491,No CT,No CT,No CT,No CT,No CT
09/09/2024 12:00:00,6.7842,5.2991,1.7205,4.2125,0.0182,0.4062,2.0510,0.3094,1.1816,0.5122,2.7000,0.4753,0.6552,1.3799,No CT,No CT,No CT,No CT,No CT
09/09/2024 12:15:00,4.3803,3.7795,0.8687,1.6053,0.0186,0.4282,3.9786,0.5340,0.7662,0.2246,1.0552,0.2346,0.1054,0.0000,No CT,No CT,No CT,No CT,No CT
09/09/2024 12:30:00,2.7261,2.4887,0.6854,0.0021,0.0190,0.3738,3.8841,0.4893,0.6515,0.2778,0.0098,0.0257,0.1061,0.0000,No CT,No CT,No CT,No CT,No CT
09/09/2024 12:45:00,2.5091,2.2521,0.6637,0.0021,0.0177,0.3661,3.5345,0.4431,0.6213,0.2141,0.0095,0.0236,0.1851,0.0000,No CT,No CT,No CT,No CT,No CT
09/09/2024 13:00:00,1.5526,1.7093,0.4689,0.0022,0.0130,0.3446,2.4068,0.1538,0.2696,0.1938,0.0067,0.0165,0.4718,0.0000,No CT,No CT,No CT,No CT,No CT
09/09/2024 13:15:00,2.6527,3.1187,1.3338,0.0049,0.0196,0.4737,3.8210,0.3241,0.6242,0.2188,0.0107,0.0244,2.3846,0.0000,No CT,No CT,No CT,No CT,No CT
09/09/2024 13:30:00,2.3079,2.8286,0.9146,0.0016,0.0194,0.4061,3.8003,0.2779,0.2792,0.2689,0.0103,0.0251,1.3702,0.0000,No CT,No CT,No CT,No CT,No CT
09/09/2024 13:45:00,1.4708,1.7195,0.6161,0.0015,0.0200,0.3580,2.2711,0.2765,0.2510,0.2095,0.0101,0.0253,0.5527,0.0000,No CT,No CT,No CT,No CT,No CT
09/09/2024 14:00:00,0.2426,0.4422,0.3493,0.0022,0.0196,0.3314,0.0105,0.1726,0.2233,0.2596,0.0094,0.0231,0.0957,0.0000,No CT,No CT,No CT,No CT,No CT
09/09/2024 14:15:00,0.3000,0.3957,0.3399,0.0031,0.0216,0.3427,0.0121,0.1558,0.2796,0.2108,0.0106,0.0253,0.1049,0.0000,No CT,No CT,No CT,No CT,No CT
09/09/2024 14:30:00,1.0838,0.4263,0.8371,0.0076,0.0208,0.3282,0.0142,0.1607,0.6034,0.2510,0.0099,0.6961,0.1024,0.2773,No CT,No CT,No CT,No CT,No CT
09/09/2024 14:45:00,2.1224,0.9016,2.2066,0.0074,0.0211,0.3276,0.0145,0.1644,0.3890,0.7256,0.0101,0.8833,0.1038,2.5917,No CT,No CT,No CT,No CT,No CT
09/09/2024 15:00:00,0.5388,0.4222,0.6282,0.0027,0.0216,0.3394,0.0120,0.1671,0.2462,0.2410,0.0103,0.5741,0.1060,0.0000,No CT,No CT,No CT,No CT,No CT
09/09/2024 15:15:00,0.4460,0.4789,0.5587,0.0030,0.0218,0.3351,0.0121,0.1932,0.2450,0.3006,0.0104,0.3876,0.1056,0.0000,No CT,No CT,No CT,No CT,No CT
09/09/2024 15:30:00,0.3076,0.3742,0.3544,0.0035,0.0221,0.3082,0.0120,0.1875,0.2875,0.2157,0.0107,0.0258,0.1065,0.0000,No CT,No CT,No CT,No CT,No CT
09/09/2024 15:45:00,0.5608,0.3577,0.3254,0.0070,0.0213,0.2961,0.0137,0.1638,0.5497,0.2055,0.0105,0.0249,0.1035,0.0000,No CT,No CT,No CT,No CT,No CT
09/09/2024 16:00:00,0.4056,0.4355,0.2731,0.0054,0.0215,0.3029,0.0130,0.1077,0.3896,0.2789,0.0104,0.0251,0.1054,0.0000,No CT,No CT,No CT,No CT,No CT
09/09/2024 16:15:00,0.2654,0.2970,0.2256,0.0035,0.0226,0.1979,0.0122,0.1118,0.2436,0.2126,0.0107,0.0260,0.1071,0.0000,No CT,No CT,No CT,No CT,No CT
09/09/2024 16:30:00,0.2586,0.3671,0.2311,0.0032,0.0219,0.2114,0.0118,0.1109,0.2373,0.2725,0.0105,0.0253,0.1045,0.0000,No CT,No CT,No CT,No CT,No CT
09/09/2024 16:45:00,0.2636,0.4053,0.3243,0.0033,0.0220,0.3048,0.0120,0.1588,0.2421,0.2495,0.0104,0.0258,0.1060,0.0000,No CT,No CT,No CT,No CT,No CT
09/09/2024 17:00:00,0.4996,0.3753,0.3453,0.0061,0.0215,0.2957,0.0132,0.1842,0.4860,0.2248,0.0102,0.0253,0.1041,0.0000,No CT,No CT,No CT,No CT,No CT
09/09/2024 17:15:00,0.5210,0.4152,0.3217,0.0068,0.0223,0.2717,0.0138,0.1715,0.5078,0.2815,0.0106,0.0260,0.1072,0.0000,No CT,No CT,No CT,No CT,No CT
09/09/2024 17:30:00,0.2652,0.2805,0.2076,0.0036,0.0228,0.1733,0.0122,0.1056,0.2430,0.2126,0.0107,0.0261,0.1073,0.0000,No CT,No CT,No CT,No CT,No CT
09/09/2024 17:45:00,1.0315,0.6879,1.0577,0.0052,0.0223,0.2776,0.0134,0.1052,0.2844,0.5502,0.0111,0.0263,0.1067,1.4559,No CT,No CT,No CT,No CT,No CT
09/09/2024 18:00:00,1.5901,0.8965,1.6879,0.0067,0.0220,0.3079,0.0139,0.1040,0.2766,0.7372,0.0107,0.0264,0.1059,2.5945,No CT,No CT,No CT,No CT,No CT
09/09/2024 18:15:00,1.6345,0.9008,1.7160,0.0071,0.0219,0.3099,0.0144,0.1436,0.3345,0.7399,0.0106,0.0264,0.1058,2.5735,No CT,No CT,No CT,No CT,No CT
09/09/2024 18:30:00,1.8372,0.9189,1.6967,0.0103,0.0212,0.2867,0.0155,0.1809,0.5857,0.7706,0.0103,0.0255,0.1032,2.4945,No CT,No CT,No CT,No CT,No CT
09/09/2024 18:45:00,1.6314,0.7905,1.8002,0.0064,0.0224,0.1699,0.0139,0.3148,0.3448,0.7217,0.0103,0.0264,0.1056,2.5439,No CT,No CT,No CT,No CT,No CT
09/09/2024 19:00:00,1.5174,0.8053,1.7285,0.0055,0.0211,0.2260,0.0129,0.2938,0.3008,0.6979,0.0102,0.0250,0.0999,2.4025,No CT,No CT,No CT,No CT,No CT
09/09/2024 19:15:00,1.0450,0.8116,1.2167,0.0044,0.0221,0.2995,0.0130,0.2840,0.3178,0.6587,0.0106,0.0262,0.1059,1.4174,No CT,No CT,No CT,No CT,No CT
09/09/2024 19:30:00,0.3414,0.8411,0.4493,0.0036,0.0224,0.3021,0.0124,0.2864,0.3200,0.6868,0.0106,0.0263,0.1076,0.0000,No CT,No CT,No CT,No CT,No CT
09/09/2024 19:45:00,0.6648,0.9086,0.4448,0.0085,0.0221,0.3018,0.0148,0.2808,0.6540,0.7530,0.0104,0.0263,0.1080,0.0000,No CT,No CT,No CT,No CT,No CT
09/09/2024 20:00:00,0.5254,0.8412,0.4849,0.0064,0.0222,0.3031,0.0137,0.3214,0.5105,0.6852,0.0102,0.0263,0.1079,0.0000,No CT,No CT,No CT,No CT,No CT
09/09/2024 20:15:00,0.3413,0.4722,0.4492,0.0032,0.0226,0.2408,0.0120,0.3170,0.3197,0.3600,0.0105,0.0263,0.1076,0.0000,No CT,No CT,No CT,No CT,No CT
09/09/2024 20:30:00,0.3412,0.3016,0.3746,0.0029,0.0229,0.1944,0.0121,0.2648,0.3194,0.2208,0.0107,0.0263,0.1075,0.0000,No CT,No CT,No CT,No CT,No CT
09/09/2024 20:45:00,0.3098,0.3944,0.4027,0.0029,0.0226,0.3001,0.0123,0.2406,0.2879,0.2451,0.0112,0.0264,0.1076,0.0000,No CT,No CT,No CT,No CT,No CT
09/09/2024 21:00:00,0.2412,0.4969,0.3890,0.0048,0.0233,0.3603,0.0131,0.1953,0.2242,0.3471,0.0108,0.0266,0.1080,0.0000,No CT,No CT,No CT,No CT,No CT
09/09/2024 21:15:00,0.4298,0.3726,0.3605,0.0075,0.0227,0.3033,0.0144,0.1951,0.4202,0.2204,0.0108,0.0265,0.1082,0.0000,No CT,No CT,No CT,No CT,No CT
09/09/2024 21:30:00,0.0793,0.3480,0.4269,0.0022,0.0230,0.2700,0.0117,0.2802,0.0568,0.2182,0.0108,0.0265,0.1078,0.0000,No CT,No CT,No CT,No CT,No CT
09/09/2024 21:45:00,0.0797,0.3548,0.3777,0.0025,0.0233,0.1756,0.0118,0.2773,0.0571,0.2860,0.0107,0.0265,0.1079,0.0000,No CT,No CT,No CT,No CT,No CT
09/09/2024 22:00:00,0.0797,0.3011,0.3586,0.0025,0.0232,0.2002,0.0117,0.2457,0.0570,0.2169,0.0109,0.0265,0.1079,0.0000,No CT,No CT,No CT,No CT,No CT
09/09/2024 22:15:00,0.0796,0.4308,0.3620,0.0030,0.0228,0.3050,0.0118,0.1971,0.0570,0.2781,0.0111,0.0265,0.1080,0.0000,No CT,No CT,No CT,No CT,No CT
09/09/2024 22:30:00,0.4377,0.3684,0.3592,0.0074,0.0227,0.3003,0.0143,0.1952,0.4279,0.2181,0.0110,0.0265,0.1084,0.0000,No CT,No CT,No CT,No CT,No CT
09/09/2024 22:45:00,0.2363,0.3707,0.3611,0.0050,0.0228,0.3046,0.0130,0.1957,0.2195,0.2179,0.0111,0.0265,0.1085,0.0000,No CT,No CT,No CT,No CT,No CT
09/09/2024 23:00:00,0.0820,0.4380,0.4197,0.0026,0.0230,0.3054,0.0117,0.2550,0.0594,0.2845,0.0110,0.0266,0.1088,0.0000,No CT,No CT,No CT,No CT,No CT
09/09/2024 23:15:00,0.0829,0.3107,0.3984,0.0024,0.0233,0.2140,0.0116,0.2790,0.0602,0.2171,0.0111,0.0267,0.1091,0.0000,No CT,No CT,No CT,No CT,No CT
09/09/2024 23:30:00,0.0829,0.3234,0.3643,0.0025,0.0234,0.1732,0.0116,0.2645,0.0603,0.2562,0.0110,0.0267,0.1089,0.0000,No CT,No CT,No CT,No CT,No CT
09/09/2024 23:45:00,0.2774,0.3681,0.3456,0.0056,0.0231,0.2711,0.0135,0.1963,0.2613,0.2368,0.0112,0.0268,0.1094,0.0000,No CT,No CT,No CT,No CT,No CT
09/10/2024 00:00:00,0.4062,0.3704,0.3612,0.0076,0.0230,0.3030,0.0144,0.1957,0.3954,0.2180,0.0111,0.0268,0.1098,0.0000,No CT,No CT,No CT,No CT,No CT
09/10/2024 00:15:00,0.0837,0.3715,0.3148,0.0026,0.0234,0.2090,0.0121,0.1965,0.0608,0.2809,0.0111,0.0268,0.1095,0.0000,No CT,No CT,No CT,No CT,No CT
09/10/2024 00:30:00,0.0836,0.2821,0.3369,0.0024,0.0235,0.1705,0.0119,0.2381,0.0607,0.2167,0.0109,0.0267,0.1092,0.0000,No CT,No CT,No CT,No CT,No CT
09/10/2024 00:45:00,0.0836,0.3901,0.4179,0.0027,0.0235,0.2510,0.0118,0.2797,0.0610,0.2841,0.0110,0.0267,0.1096,0.0000,No CT,No CT,No CT,No CT,No CT
09/10/2024 01:00:00,0.1241,0.3153,0.3990,0.0030,0.0235,0.2216,0.0122,0.2754,0.1026,0.2166,0.0110,0.0269,0.1100,0.0000,No CT,No CT,No CT,No CT,No CT
09/10/2024 01:15:00,0.4544,0.3670,0.3652,0.0085,0.0230,0.2980,0.0146,0.2020,0.4447,0.2174,0.0110,0.0269,0.1103,0.0000,No CT,No CT,No CT,No CT,No CT
09/10/2024 01:30:00,0.1905,0.4259,0.3586,0.0044,0.0231,0.2981,0.0129,0.1961,0.1715,0.2767,0.0112,0.0268,0.1102,0.0000,No CT,No CT,No CT,No CT,No CT
09/10/2024 01:45:00,0.0840,0.3663,0.3593,0.0032,0.0233,0.2990,0.0120,0.1966,0.0612,0.2171,0.0114,0.0269,0.1105,0.0000,No CT,No CT,No CT,No CT,No CT
09/10/2024 02:00:00,0.0850,0.4035,0.3621,0.0027,0.0235,0.2594,0.0121,0.2189,0.0622,0.2802,0.0111,0.0270,0.1107,0.0000,No CT,No CT,No CT,No CT,No CT
09/10/2024 02:15:00,0.0858,0.2800,0.3790,0.0024,0.0238,0.1679,0.0120,0.2817,0.0629,0.2167,0.0111,0.0270,0.1110,0.0000,No CT,No CT,No CT,No CT,No CT
09/10/2024 02:30:00,0.3537,0.3040,0.3985,0.0066,0.0236,0.2192,0.0139,0.2748,0.3401,0.2168,0.0110,0.0270,0.1112,0.0000,No CT,No CT,No CT,No CT,No CT
09/10/2024 02:45:00,0.3379,0.3604,0.3330,0.0065,0.0235,0.1949,0.0140,0.2206,0.3242,0.2793,0.0114,0.0270,0.1113,0.0000,No CT,No CT,No CT,No CT,No CT
09/10/2024 03:00:00,0.0858,0.3320,0.3345,0.0031,0.0236,0.2477,0.0122,0.1969,0.0628,0.2171,0.0115,0.0271,0.1112,0.0000,No CT,No CT,No CT,No CT,No CT
09/10/2024 03:15:00,0.0858,0.4270,0.3582,0.0031,0.0233,0.2960,0.0121,0.1968,0.0629,0.2802,0.0112,0.0271,0.1114,0.0000,No CT,No CT,No CT,No CT,No CT
09/10/2024 03:30:00,0.0854,0.3638,0.3582,0.0028,0.0232,0.2969,0.0119,0.1965,0.0625,0.2163,0.0113,0.0269,0.1107,0.0000,No CT,No CT,No CT,No CT,No CT
09/10/2024 03:45:00,0.2093,0.3203,0.4105,0.0039,0.0234,0.2300,0.0126,0.2825,0.1906,0.2162,0.0112,0.0269,0.1107,0.0000,No CT,No CT,No CT,No CT,No CT
09/10/2024 04:00:00,0.4530,0.3444,0.3751,0.0085,0.0235,0.1695,0.0146,0.2756,0.4434,0.2792,0.0111,0.0270,0.1114,0.0000,No CT,No CT,No CT,No CT,No CT
09/10/2024 04:15:00,0.1118,0.3196,0.3759,0.0031,0.0238,0.2492,0.0123,0.2377,0.0897,0.2138,0.0112,0.0271,0.1116,0.0000,No CT,No CT,No CT,No CT,No CT
09/10/2024 04:30:00,0.0859,0.3392,0.2956,0.0029,0.0239,0.1686,0.0122,0.1967,0.0628,0.2749,0.0112,0.0271,0.1116,0.0000,No CT,No CT,No CT,No CT,No CT
09/10/2024 04:45:00,0.0859,0.3297,0.3357,0.0028,0.0236,0.2502,0.0122,0.1968,0.0629,0.2128,0.0116,0.0271,0.1116,0.0000,No CT,No CT,No CT,No CT,No CT
09/10/2024 05:00:00,0.0859,0.3882,0.3826,0.0028,0.0239,0.3443,0.0122,0.1966,0.0628,0.2432,0.0113,0.0271,0.1116,0.0000,No CT,No CT,No CT,No CT,No CT
09/10/2024 05:15:00,0.4231,0.3218,0.3774,0.0075,0.0234,0.1914,0.0144,0.2672,0.4117,0.2423,0.0111,0.0270,0.1116,0.0000,No CT,No CT,No CT,No CT,No CT
09/10/2024 05:30:00,0.2662,0.2776,0.3753,0.0053,0.0237,0.1683,0.0134,0.2771,0.2498,0.2127,0.0110,0.0269,0.1113,0.0000,No CT,No CT,No CT,No CT,No CT
09/10/2024 05:45:00,0.0849,0.3784,0.3878,0.0026,0.0235,0.2457,0.0118,0.2517,0.0622,0.2743,0.0111,0.0267,0.1105,0.0000,No CT,No CT,No CT,No CT,No CT
09/10/2024 06:00:00,0.0850,0.2972,0.3101,0.0028,0.0234,0.1992,0.0120,0.1964,0.0621,0.2122,0.0110,0.0267,0.1104,0.0000,No CT,No CT,No CT,No CT,No CT
09/10/2024 06:15:00,0.0849,0.4229,0.3561,0.0029,0.0232,0.2926,0.0122,0.1964,0.0621,0.2761,0.0113,0.0268,0.1106,0.0000,No CT,No CT,No CT,No CT,No CT
09/10/2024 06:30:00,0.2664,0.3454,0.3471,0.0055,0.0231,0.2733,0.0133,0.1964,0.2498,0.2110,0.0113,0.0268,0.1110,0.0000,No CT,No CT,No CT,No CT,No CT
09/10/2024 06:45:00,0.4174,0.2730,0.3359,0.0074,0.0233,0.1643,0.0143,0.2386,0.4068,0.2097,0.0107,0.0268,0.1112,0.0000,No CT,No CT,No CT,No CT,No CT
09/10/2024 07:00:00,0.0841,0.3433,0.2540,0.0031,0.0235,0.1794,0.0123,0.1491,0.0616,0.2727,0.0111,0.0267,0.1107,0.0000,No CT,No CT,No CT,No CT,No CT
09/10/2024 07:15:00,0.9977,0.5169,1.2736,0.0051,0.0232,0.2281,0.0133,0.1355,0.0611,0.4200,0.0112,0.0269,0.1099,1.8352,No CT,No CT,No CT,No CT,No CT
09/10/2024 07:30:00,1.3807,1.4974,0.8018,0.0053,0.0224,0.1654,1.3873,0.0764,0.0602,0.7169,0.0111,0.0269,0.1100,1.1439,No CT,No CT,No CT,No CT,No CT
09/10/2024 07:45:00,2.4296,3.3798,0.2538,0.6997,0.0207,0.2440,3.6275,0.1149,0.1422,1.0421,0.0107,0.0269,0.1102,0.0000,No CT,No CT,No CT,No CT,No CT
09/10/2024 08:00:00,4.9426,5.1290,0.2433,4.1718,0.0193,0.2012,3.5487,0.1241,0.9666,1.1544,0.0106,0.0268,0.1096,0.0000,No CT,No CT,No CT,No CT,No CT
09/10/2024 08:15:00,4.6146,4.9318,0.3786,3.9093,0.0179,0.2874,3.3488,0.2200,0.8710,1.1518,0.0096,0.0256,0.1042,0.0000,No CT,No CT,No CT,No CT,No CT
09/10/2024 08:30:00,5.1327,5.0885,0.4863,4.0627,0.0185,0.3004,3.5214,0.3220,1.2155,1.1515,0.0103,0.0267,0.1090,0.0000,No CT,No CT,No CT,No CT,No CT
09/10/2024 08:45:00,5.2048,4.9813,0.4379,4.0921,0.0185,0.3071,3.5621,0.2694,1.2554,1.0084,0.0103,0.0267,0.1088,0.0000,No CT,No CT,No CT,No CT,No CT
09/10/2024 09:00:00,5.5330,5.1070,0.3673,4.1518,0.0185,0.3164,3.6253,0.1922,1.5282,1.0662,0.0101,0.0266,0.1087,0.0000,No CT,No CT,No CT,No CT,No CT
09/10/2024 09:15:00,5.4155,5.0767,0.3653,4.2024,0.0185,0.3166,3.6544,0.1907,1.3666,1.0040,0.0105,0.0266,0.1087,0.0000,No CT,No CT,No CT,No CT,No CT
09/10/2024 09:30:00,5.0839,5.1587,0.3718,4.2124,0.0182,0.3220,3.6687,0.1955,1.0168,1.0679,0.0104,0.0264,0.1078,0.0000,No CT,No CT,No CT,No CT,No CT
09/10/2024 09:45:00,4.3784,4.1643,0.3433,4.2390,0.0188,0.3223,2.3522,0.1670,0.9987,0.7461,0.0102,0.0264,0.1079,0.0000,No CT,No CT,No CT,No CT,No CT
09/10/2024 10:00:00,2.9940,2.8440,0.3759,4.2511,0.0198,0.3300,0.0148,0.1964,0.8614,0.6257,0.0102,0.0260,0.1074,0.0000,No CT,No CT,No CT,No CT,No CT
09/10/2024 10:15:00,3.0566,2.4915,0.3709,4.2704,0.0198,0.3337,0.0149,0.1895,0.9163,0.2637,0.0099,0.0260,0.1073,0.0000,No CT,No CT,No CT,No CT,No CT
09/10/2024 10:30:00,2.7490,2.4497,0.2860,4.2794,0.0200,0.3344,0.0131,0.1043,0.5944,0.2197,0.0106,0.0261,0.1068,0.0000,No CT,No CT,No CT,No CT,No CT
09/10/2024 10:45:00,2.7494,2.5141,0.2655,4.2734,0.0198,0.3385,0.0131,0.0817,0.5980,0.2824,0.0105,0.0260,0.1060,0.0000,No CT,No CT,No CT,No CT,No CT
09/10/2024 11:00:00,2.7555,2.4544,0.2695,4.2770,0.0199,0.3407,0.0130,0.0845,0.6025,0.2195,0.0107,0.0260,0.1063,0.0000,No CT,No CT,No CT,No CT,No CT
09/10/2024 11:15:00,3.9347,3.3327,0.2714,4.2901,0.0195,0.3451,0.0148,0.0829,0.8860,0.2854,1.6240,0.0255,0.1064,0.0000,No CT,No CT,No CT,No CT,No CT
09/10/2024 11:30:00,4.3792,3.6259,0.3766,4.0863,0.0187,0.3598,0.0143,0.1827,0.9173,0.2139,2.5514,0.0246,0.1038,0.0000,No CT,No CT,No CT,No CT,No CT
09/10/2024 11:45:00,3.9520,3.7547,0.4062,4.1863,0.0193,0.3812,0.0125,0.2026,0.3944,0.2533,2.6183,0.0253,0.1064,0.0000,No CT,No CT,No CT,No CT,No CT
09/10/2024 12:00:00,3.8621,3.7108,0.3868,4.1687,0.0199,0.4296,0.0122,0.1578,0.3182,0.2412,2.6097,0.0253,0.1058,0.0000,No CT,No CT,No CT,No CT,No CT
09/10/2024 12:15:00,2.4859,2.0427,0.7989,0.6318,0.0210,0.3720,0.0125,0.2227,0.3161,0.2155,2.6507,0.7598,0.1069,0.0000,No CT,No CT,No CT,No CT,No CT
09/10/2024 12:30:00,3.8798,3.3979,0.8509,3.3382,0.0201,0.4181,0.0127,0.2305,0.3159,0.2856,2.6797,0.8019,0.1074,0.0000,No CT,No CT,No CT,No CT,No CT
09/10/2024 12:45:00,4.1144,3.4940,0.7083,3.9212,0.0199,0.4070,0.0143,0.2067,0.5080,0.2153,2.4578,0.5785,0.1064,0.0000,No CT,No CT,No CT,No CT,No CT
09/10/2024 13:00:00,0.6388,0.4551,0.7383,0.0056,0.0225,0.4021,0.0136,0.2390,0.3500,0.2708,0.0103,0.5813,0.1073,0.0000,No CT,No CT,No CT,No CT,No CT
09/10/2024 13:15:00,0.4588,0.4146,0.7497,0.0023,0.0222,0.3953,0.0116,0.2579,0.1641,0.2135,0.0104,0.5784,0.1072,0.0000,No CT,No CT,No CT,No CT,No CT
09/10/2024 13:30:00,0.5338,0.4719,0.6843,0.0030,0.0220,0.3619,0.0121,0.2092,0.2398,0.2751,0.0104,0.5776,0.1076,0.0000,No CT,No CT,No CT,No CT,No CT
09/10/2024 13:45:00,0.4785,0.3975,0.6006,0.0029,0.0222,0.3423,0.0121,0.1895,0.2399,0.2149,0.0109,0.4634,0.1083,0.0000,No CT,No CT,No CT,No CT,No CT
09/10/2024 14:00:00,0.3426,0.4589,0.3739,0.0038,0.0222,0.3359,0.0126,0.1929,0.3233,0.2803,0.0105,0.0261,0.1077,0.0000,No CT,No CT,No CT,No CT,No CT
09/10/2024 14:15:00,0.4876,0.3704,0.3573,0.0059,0.0206,0.3445,0.0127,0.1723,0.4756,0.1958,0.0100,0.0242,0.1002,0.0000,No CT,No CT,No CT,No CT,No CT
09/10/2024 14:30:00,0.2408,0.3273,0.3727,0.0024,0.0182,0.3615,0.0096,0.1820,0.2243,0.1606,0.0084,0.0209,0.0859,0.0000,No CT,No CT,No CT,No CT,No CT
09/10/2024 14:45:00,0.2461,0.4375,0.4320,0.0025,0.0212,0.3160,0.0110,0.2631,0.2254,0.2710,0.0101,0.0248,0.1020,0.0000,No CT,No CT,No CT,No CT,No CT
09/10/2024 15:00:00,0.6390,0.3973,0.7978,0.0031,0.0222,0.3395,0.0121,0.2241,0.2372,0.2181,0.0105,0.7936,0.1076,0.0000,No CT,No CT,No CT,No CT,No CT
09/10/2024 15:15:00,0.9312,0.4588,0.6957,0.0081,0.0219,0.3391,0.0145,0.1797,0.5968,0.2792,0.0104,0.6804,0.1071,0.0000,No CT,No CT,No CT,No CT,No CT
09/10/2024 15:30:00,0.9606,0.7856,0.6342,0.0051,0.0216,0.3339,0.5563,0.1777,0.3858,0.3309,0.0103,0.5712,0.1062,0.0000,No CT,No CT,No CT,No CT,No CT
09/10/2024 15:45:00,2.6389,3.2281,0.6519,0.0047,0.0195,0.3257,3.8897,0.2020,0.2956,1.0332,0.0099,0.5655,0.1061,0.0000,No CT,No CT,No CT,No CT,No CT
09/10/2024 16:00:00,2.7063,2.8154,0.6637,0.0049,0.0199,0.3084,3.6918,0.2549,0.4958,0.7179,0.0101,0.5000,0.1068,0.0000,No CT,No CT,No CT,No CT,No CT
09/10/2024 16:15:00,2.6906,2.2496,0.6187,0.0044,0.0206,0.1916,3.5411,0.2861,0.5769,0.3039,0.0105,0.4607,0.1073,0.0000,No CT,No CT,No CT,No CT,No CT
09/10/2024 16:30:00,2.7393,2.9232,0.8798,0.0060,0.0206,0.1612,3.4627,0.5646,0.6781,1.0647,0.0097,0.4605,0.1074,0.0000,No CT,No CT,No CT,No CT,No CT
09/10/2024 16:45:00,0.8364,0.4462,1.1355,0.0033,0.0227,0.2407,0.1733,0.7844,0.5208,0.2629,0.0100,0.4653,0.1067,0.0000,No CT,No CT,No CT,No CT,No CT
09/10/2024 17:00:00,0.4660,0.4176,1.0941,0.0009,0.0231,0.1628,0.0105,0.7923,0.2378,0.3568,0.0102,0.4424,0.1073,0.0000,No CT,No CT,No CT,No CT,No CT
09/10/2024 17:15:00,0.3945,0.2876,1.0217,0.0009,0.0232,0.1968,0.0103,0.7753,0.2381,0.2132,0.0102,0.2961,0.1076,0.0000,No CT,No CT,No CT,No CT,No CT
09/10/2024 17:30:00,0.2602,0.3488,0.9009,0.0007,0.0232,0.1937,0.0101,0.7985,0.2379,0.2715,0.0102,0.0264,0.1074,0.0000,No CT,No CT,No CT,No CT,No CT
09/10/2024 17:45:00,0.3116,0.2708,0.8989,0.0012,0.0232,0.1601,0.0103,0.8132,0.2906,0.2120,0.0104,0.0265,0.1074,0.0000,No CT,No CT,No CT,No CT,No CT
09/10/2024 18:00:00,1.8770,2.0384,0.8911,0.0055,0.0214,0.2454,2.3123,0.7607,0.6453,0.7204,0.0100,0.0266,0.1080,0.0000,No CT,No CT,No CT,No CT,No CT
09/10/2024 18:15:00,2.3182,3.0146,0.8387,0.0029,0.0207,0.2004,3.5765,0.7308,0.4066,1.0457,0.0099,0.0268,0.1079,0.0000,No CT,No CT,No CT,No CT,No CT
09/10/2024 18:30:00,1.8706,2.5184,0.8869,0.0016,0.0209,0.2949,2.9092,0.7330,0.3127,0.8695,0.0102,0.0268,0.1080,0.0000,No CT,No CT,No CT,No CT,No CT
09/10/2024 18:45:00,0.2822,0.3739,0.9422,0.0007,0.0232,0.2267,0.0102,0.8241,0.2595,0.2724,0.0107,0.0267,0.1083,0.0000,No CT,No CT,No CT,No CT,No CT
09/10/2024 19:00:00,0.2231,0.3271,0.9414,0.0008,0.0228,0.1755,0.0092,0.8494,0.2009,0.2580,0.0103,0.0261,0.1058,0.0000,No CT,No CT,No CT,No CT,No CT
09/10/2024 19:15:00,0.3214,0.5216,0.4560,0.0055,0.0228,0.2956,0.0133,0.2959,0.3072,0.3736,0.0108,0.0266,0.1089,0.0000,No CT,No CT,No CT,No CT,No CT
09/10/2024 19:30:00,0.3520,0.3624,0.4054,0.0058,0.0228,0.2933,0.0138,0.2457,0.3392,0.2168,0.0109,0.0266,0.1089,0.0000,No CT,No CT,No CT,No CT,No CT
09/10/2024 19:45:00,0.0856,0.3404,0.3164,0.0026,0.0235,0.1726,0.0119,0.2164,0.0627,0.2740,0.0110,0.0266,0.1086,0.0000,No CT,No CT,No CT,No CT,No CT
09/10/2024 20:00:00,0.0857,0.2812,0.3151,0.0023,0.0234,0.1706,0.0117,0.2163,0.0629,0.2164,0.0109,0.0266,0.1085,0.0000,No CT,No CT,No CT,No CT,No CT
09/10/2024 20:15:00,0.0854,0.4114,0.3693,0.0024,0.0230,0.2811,0.0116,0.2161,0.0627,0.2747,0.0110,0.0266,0.1083,0.0000,No CT,No CT,No CT,No CT,No CT
09/10/2024 20:30:00,0.1244,0.3487,0.4418,0.0026,0.0229,0.2745,0.0118,0.2929,0.1030,0.2160,0.0109,0.0265,0.1083,0.0000,No CT,No CT,No CT,No CT,No CT
09/10/2024 20:45:00,0.4523,0.3370,0.3931,0.0076,0.0232,0.1674,0.0143,0.2956,0.4427,0.2729,0.0109,0.0265,0.1088,0.0000,No CT,No CT,No CT,No CT,No CT
09/10/2024 21:00:00,0.1838,0.2918,0.3627,0.0034,0.0234,0.1922,0.0124,0.2534,0.1645,0.2173,0.0110,0.0266,0.1086,0.0000,No CT,No CT,No CT,No CT,No CT
09/10/2024 21:15:00,0.0858,0.3103,0.3442,0.0024,0.0234,0.2290,0.0116,0.2165,0.0628,0.2162,0.0111,0.0266,0.1083,0.0000,No CT,No CT,No CT,No CT,No CT
09/10/2024 21:30:00,0.0858,0.3805,0.3434,0.0026,0.0233,0.2288,0.0118,0.2159,0.0628,0.2783,0.0109,0.0266,0.1084,0.0000,No CT,No CT,No CT,No CT,No CT
09/10/2024 21:45:00,0.0858,0.3631,0.3775,0.0024,0.0230,0.2971,0.0117,0.2165,0.0629,0.2164,0.0110,0.0267,0.1085,0.0000,No CT,No CT,No CT,No CT,No CT
09/10/2024 22:00:00,0.2950,0.3907,0.4215,0.0045,0.0228,0.2451,0.0128,0.2865,0.2794,0.2760,0.0105,0.0263,0.1074,0.0000,No CT,No CT,No CT,No CT,No CT
09/10/2024 22:15:00,0.3748,0.2790,0.3924,0.0058,0.0229,0.1663,0.0137,0.2958,0.3625,0.2152,0.0106,0.0262,0.1073,0.0000,No CT,No CT,No CT,No CT,No CT
09/10/2024 22:30:00,0.0850,0.4198,0.4482,0.0019,0.0233,0.3511,0.0112,0.2605,0.0623,0.2752,0.0108,0.0264,0.1073,0.0000,No CT,No CT,No CT,No CT,No CT
09/10/2024 22:45:00,0.0851,0.3632,0.3771,0.0021,0.0228,0.2970,0.0117,0.2163,0.0624,0.2152,0.0108,0.0264,0.1075,0.0000,No CT,No CT,No CT,No CT,No CT
09/10/2024 23:00:00,0.0838,0.2929,0.3228,0.0021,0.0227,0.1946,0.0115,0.2124,0.0614,0.2109,0.0106,0.0260,0.1059,0.0000,No CT,No CT,No CT,No CT,No CT
09/10/2024 23:15:00,0.0884,0.3412,0.3155,0.0022,0.0233,0.1692,0.0118,0.2171,0.0655,0.2764,0.0111,0.0266,0.1083,0.0000,No CT,No CT,No CT,No CT,No CT
09/10/2024 23:30:00,0.4575,0.3196,0.4166,0.0070,0.0230,0.2483,0.0143,0.2789,0.4473,0.2154,0.0110,0.0265,0.1086,0.0000,No CT,No CT,No CT,No CT,No CT
09/10/2024 23:45:00,0.2276,0.3415,0.4189,0.0038,0.0232,0.1674,0.0124,0.3223,0.2094,0.2773,0.0107,0.0265,0.1084,0.0000,No CT,No CT,No CT,No CT,No CT
09/11/2024 00:00:00,0.0881,0.3005,0.3924,0.0020,0.0234,0.2186,0.0115,0.2703,0.0653,0.2150,0.0112,0.0266,0.1085,0.0000,No CT,No CT,No CT,No CT,No CT
09/11/2024 00:15:00,0.0884,0.3467,0.3370,0.0023,0.0233,0.1966,0.0118,0.2252,0.0655,0.2650,0.0109,0.0266,0.1087,0.0000,No CT,No CT,No CT,No CT,No CT
09/11/2024 00:30:00,0.0858,0.3459,0.3578,0.0022,0.0231,0.2562,0.0117,0.2166,0.0629,0.2247,0.0109,0.0266,0.1087,0.0000,No CT,No CT,No CT,No CT,No CT
09/11/2024 00:45:00,0.2612,0.3612,0.3795,0.0045,0.0229,0.2931,0.0130,0.2196,0.2438,0.2154,0.0106,0.0266,0.1093,0.0000,No CT,No CT,No CT,No CT,No CT
09/11/2024 01:00:00,0.4335,0.3394,0.3681,0.0070,0.0233,0.1671,0.0143,0.2700,0.4235,0.2751,0.0109,0.0266,0.1097,0.0000,No CT,No CT,No CT,No CT,No CT
09/11/2024 01:15:00,0.0863,0.2791,0.3963,0.0022,0.0235,0.1685,0.0115,0.2991,0.0633,0.2152,0.0108,0.0268,0.1098,0.0000,No CT,No CT,No CT,No CT,No CT
09/11/2024 01:30:00,0.0864,0.3789,0.4178,0.0024,0.0236,0.2475,0.0119,0.2812,0.0635,0.2751,0.0110,0.0269,0.1102,0.0000,No CT,No CT,No CT,No CT,No CT
09/11/2024 01:45:00,0.0994,0.2795,0.3195,0.0024,0.0237,0.1686,0.0120,0.2210,0.0761,0.2160,0.0112,0.0269,0.1106,0.0000,No CT,No CT,No CT,No CT,No CT
09/11/2024 02:00:00,0.0886,0.3788,0.3528,0.0026,0.0237,0.2427,0.0119,0.2176,0.0655,0.2775,0.0111,0.0270,0.1106,0.0000,No CT,No CT,No CT,No CT,No CT
09/11/2024 02:15:00,0.3948,0.2773,0.3138,0.0069,0.0234,0.1641,0.0142,0.2165,0.3824,0.2158,0.0109,0.0269,0.1107,0.0000,No CT,No CT,No CT,No CT,No CT
09/11/2024 02:30:00,0.2893,0.2791,0.3565,0.0053,0.0235,0.1676,0.0134,0.2583,0.2737,0.2156,0.0111,0.0269,0.1106,0.0000,No CT,No CT,No CT,No CT,No CT
09/11/2024 02:45:00,0.0992,0.3747,0.4380,0.0024,0.0235,0.2431,0.0117,0.3039,0.0762,0.2732,0.0110,0.0269,0.1104,0.0000,No CT,No CT,No CT,No CT,No CT
09/11/2024 03:00:00,0.0885,0.2766,0.3865,0.0020,0.0236,0.1652,0.0117,0.2907,0.0654,0.2149,0.0109,0.0269,0.1104,0.0000,No CT,No CT,No CT,No CT,No CT
09/11/2024 03:15:00,0.0865,0.3748,0.3528,0.0025,0.0236,0.2435,0.0120,0.2172,0.0634,0.2730,0.0113,0.0269,0.1106,0.0000,No CT,No CT,No CT,No CT,No CT
09/11/2024 03:30:00,0.1921,0.2760,0.3135,0.0038,0.0236,0.1638,0.0126,0.2169,0.1724,0.2151,0.0112,0.0269,0.1107,0.0000,No CT,No CT,No CT,No CT,No CT
09/11/2024 03:45:00,0.4649,0.3522,0.3175,0.0077,0.0233,0.1658,0.0147,0.2190,0.4551,0.2890,0.0110,0.0269,0.1108,0.0000,No CT,No CT,No CT,No CT,No CT
09/11/2024 04:00:00,0.1269,0.3163,0.3850,0.0029,0.0235,0.2426,0.0121,0.2502,0.1051,0.2153,0.0113,0.0269,0.1108,0.0000,No CT,No CT,No CT,No CT,No CT
09/11/2024 04:15:00,0.0867,0.2764,0.4022,0.0024,0.0237,0.1656,0.0117,0.3063,0.0636,0.2147,0.0110,0.0270,0.1110,0.0000,No CT,No CT,No CT,No CT,No CT
09/11/2024 04:30:00,0.0867,0.3795,0.4292,0.0024,0.0237,0.2416,0.0118,0.2955,0.0636,0.2778,0.0112,0.0270,0.1111,0.0000,No CT,No CT,No CT,No CT,No CT
09/11/2024 04:45:00,0.0997,0.2720,0.3201,0.0027,0.0238,0.1629,0.0122,0.2243,0.0764,0.2113,0.0112,0.0270,0.1112,0.0000,No CT,No CT,No CT,No CT,No CT
09/11/2024 05:00:00,0.3563,0.3366,0.3172,0.0064,0.0235,0.1713,0.0140,0.2163,0.3421,0.2704,0.0113,0.0269,0.1112,0.0000,No CT,No CT,No CT,No CT,No CT
09/11/2024 05:15:00,0.3319,0.3110,0.3503,0.0061,0.0235,0.2364,0.0138,0.2172,0.3173,0.2115,0.0112,0.0269,0.1114,0.0000,No CT,No CT,No CT,No CT,No CT
09/11/2024 05:30:00,0.0868,0.2732,0.3381,0.0026,0.0237,0.1649,0.0119,0.2416,0.0635,0.2110,0.0114,0.0270,0.1112,0.0000,No CT,No CT,No CT,No CT,No CT
09/11/2024 05:45:00,0.0994,0.3687,0.4371,0.0023,0.0236,0.2390,0.0118,0.3049,0.0763,0.2689,0.0110,0.0269,0.1110,0.0000,No CT,No CT,No CT,No CT,No CT
09/11/2024 06:00:00,0.0882,0.2717,0.3907,0.0025,0.0236,0.1629,0.0116,0.2960,0.0652,0.2105,0.0109,0.0268,0.1105,0.0000,No CT,No CT,No CT,No CT,No CT
09/11/2024 06:15:00,0.1394,0.3437,0.3322,0.0034,0.0235,0.1781,0.0122,0.2289,0.1180,0.2750,0.0110,0.0268,0.1102,0.0000,No CT,No CT,No CT,No CT,No CT
09/11/2024 06:30:00,0.4545,0.3520,0.4058,0.0076,0.0235,0.3498,0.0146,0.2160,0.4441,0.2099,0.0111,0.0268,0.1108,0.0000,No CT,No CT,No CT,No CT,No CT
09/11/2024 06:45:00,0.1859,0.3373,0.2885,0.0041,0.0235,0.1705,0.0127,0.1883,0.1659,0.2705,0.0111,0.0268,0.1106,0.0000,No CT,No CT,No CT,No CT,No CT
09/11/2024 07:00:00,0.0866,0.3955,0.2010,0.0032,0.0235,0.1649,0.0124,0.1025,0.0638,0.3321,0.0110,0.0267,0.1105,0.0000,No CT,No CT,No CT,No CT,No CT
09/11/2024 07:15:00,2.1220,2.1126,1.1858,0.0044,0.0217,0.2388,2.3837,0.1926,0.0610,0.7686,0.0111,0.0270,0.1093,1.5671,No CT,No CT,No CT,No CT,No CT
09/11/2024 07:30:00,3.1526,2.7504,1.6684,0.0052,0.0210,0.1604,3.4746,0.2159,0.0633,0.8838,0.0110,0.0271,0.1089,2.4706,No CT,No CT,No CT,No CT,No CT
09/11/2024 07:45:00,2.3434,2.8528,0.4630,0.0069,0.0208,0.2356,3.4440,0.2241,0.4164,0.9791,0.0105,0.0269,0.1102,0.1881,No CT,No CT,No CT,No CT,No CT
09/11/2024 08:00:00,3.8185,4.4144,0.3232,1.7518,0.0200,0.1941,3.4441,0.2093,0.4932,1.1386,1.1274,0.0265,0.1094,0.0000,No CT,No CT,No CT,No CT,No CT
09/11/2024 08:15:00,5.6754,6.1346,0.3273,3.9878,0.0185,0.2960,3.4637,0.1636,0.4404,1.0031,2.5182,0.0261,0.1080,0.0000,No CT,No CT,No CT,No CT,No CT
09/11/2024 08:30:00,6.1447,6.1279,0.8487,3.9158,0.0184,0.3040,3.4967,0.6882,0.9596,1.0552,2.4514,0.0262,0.1075,0.0000,No CT,No CT,No CT,No CT,No CT
09/11/2024 08:45:00,6.2462,6.0764,0.9687,3.8917,0.0183,0.3080,3.5368,0.8075,1.0483,0.9931,2.4659,0.0261,0.1071,0.0000,No CT,No CT,No CT,No CT,No CT
09/11/2024 09:00:00,6.2412,6.3275,0.9969,3.9075,0.0182,0.3119,3.4984,0.8339,1.0493,1.2578,2.4906,0.0261,0.1069,0.0000,No CT,No CT,No CT,No CT,No CT
09/11/2024 09:15:00,5.8290,6.3062,0.9904,3.9166,0.0181,0.3155,3.2789,0.8118,0.7213,1.3431,2.4997,0.0526,0.1066,0.0000,No CT,No CT,No CT,No CT,No CT
09/11/2024 09:30:00,4.4000,3.8879,1.3729,3.9596,0.0198,0.3205,0.0122,0.8205,0.6225,0.5668,2.5374,0.7830,0.1071,0.0000,No CT,No CT,No CT,No CT,No CT
09/11/2024 09:45:00,3.2705,2.6522,1.1746,2.0356,0.0207,0.3247,0.0114,0.7861,0.6074,0.2359,2.5587,0.4487,0.1073,0.0000,No CT,No CT,No CT,No CT,No CT
09/11/2024 10:00:00,3.1302,2.7559,0.9503,2.1284,0.0206,0.3549,0.0113,0.7678,0.6094,0.2593,2.5973,0.0256,0.1073,0.0000,No CT,No CT,No CT,No CT,No CT
09/11/2024 10:15:00,4.2599,3.6714,1.0540,4.1222,0.0194,0.3684,0.0120,0.8658,0.7420,0.2103,2.6103,0.0254,0.1063,0.0000,No CT,No CT,No CT,No CT,No CT
09/11/2024 10:30:00,3.3902,2.7008,1.0502,1.9616,0.0203,0.3639,0.0138,0.8636,0.9585,0.2660,2.6088,0.0254,0.1064,0.0000,No CT,No CT,No CT,No CT,No CT
09/11/2024 10:45:00,3.0518,2.6146,0.9683,1.9050,0.0199,0.3654,0.0111,0.7812,0.6520,0.2095,2.6037,0.0248,0.1034,0.0000,No CT,No CT,No CT,No CT,No CT
09/11/2024 11:00:00,4.0526,3.6767,0.8666,4.0617,0.0187,0.3388,0.0106,0.6912,0.6018,0.2668,2.5686,0.0245,0.1022,0.0000,No CT,No CT,No CT,No CT,No CT
09/11/2024 11:15:00,2.4474,2.0810,0.8978,0.7673,0.0203,0.3891,0.0105,0.6976,0.6131,0.2087,2.6165,0.0245,0.1034,0.0000,No CT,No CT,No CT,No CT,No CT
09/11/2024 11:30:00,3.7190,3.0991,0.8949,2.9059,0.0188,0.4177,0.0111,0.6799,0.8504,0.2453,2.5528,0.0236,0.0991,0.0000,No CT,No CT,No CT,No CT,No CT
09/11/2024 11:45:00,4.5830,3.6316,0.9541,4.0434,0.0181,0.3657,0.0132,0.7657,1.1508,0.2078,2.5685,0.0240,0.1005,0.0000,No CT,No CT,No CT,No CT,No CT
09/11/2024 12:00:00,3.0230,2.2652,0.9390,1.1709,0.0197,0.3320,0.0127,0.7677,1.0413,0.2640,2.5415,0.0242,0.1012,0.0000,No CT,No CT,No CT,No CT,No CT
09/11/2024 12:15:00,3.2634,2.5891,1.2388,1.8106,0.0196,0.3758,0.0107,0.7601,0.6172,0.2087,2.6397,0.5814,0.1026,0.0000,No CT,No CT,No CT,No CT,No CT
09/11/2024 12:30:00,4.5190,3.7812,1.2592,4.1820,0.0185,0.3735,0.0114,0.7347,0.6433,0.2668,2.6359,0.6754,0.1026,0.0000,No CT,No CT,No CT,No CT,No CT
09/11/2024 12:45:00,2.7864,2.0482,1.2089,0.6765,0.0200,0.3709,0.0110,0.7363,0.7018,0.2092,2.6481,0.5785,0.1029,0.0000,No CT,No CT,No CT,No CT,No CT
09/11/2024 13:00:00,3.7432,3.0094,1.2139,2.5642,0.0191,0.3735,0.0113,0.7410,0.7155,0.2660,2.6491,0.5775,0.1019,0.0000,No CT,No CT,No CT,No CT,No CT
09/11/2024 13:15:00,4.1262,3.2467,1.1406,3.2824,0.0188,0.3398,0.0125,0.7984,0.9073,0.2095,2.5751,0.3476,0.1013,0.0000,No CT,No CT,No CT,No CT,No CT
09/11/2024 13:30:00,2.5508,1.7639,0.9004,0.3690,0.0205,0.2081,0.0126,0.7902,0.9416,0.2093,2.5896,0.0241,0.1014,0.0000,No CT,No CT,No CT,No CT,No CT
09/11/2024 13:45:00,3.4902,2.9354,0.8911,2.7102,0.0189,0.2520,0.0108,0.7040,0.6762,0.2597,2.5349,0.1300,0.0982,0.0000,No CT,No CT,No CT,No CT,No CT
09/11/2024 14:00:00,1.4764,1.0261,0.6770,0.3359,0.0109,0.2873,0.0061,0.3407,0.4168,0.1146,1.2662,0.3823,0.0533,0.0000,No CT,No CT,No CT,No CT,No CT
09/11/2024 14:15:00,4.7323,3.8297,1.2026,4.2717,0.0186,0.3661,0.0118,0.7126,0.8067,0.2722,2.6836,0.6147,0.1032,0.0000,No CT,No CT,No CT,No CT,No CT
09/11/2024 14:30:00,3.0277,2.3004,1.1014,2.1030,0.0197,0.3773,0.0118,0.6252,0.7083,0.2184,1.7725,0.5768,0.1033,0.0000,No CT,No CT,No CT,No CT,No CT
09/11/2024 14:45:00,0.6091,0.4706,0.5897,0.0034,0.0210,0.3741,0.0123,0.1574,0.3671,0.2715,0.0085,0.4801,0.1028,0.0000,No CT,No CT,No CT,No CT,No CT
09/11/2024 15:00:00,0.8253,0.3929,0.5715,0.0058,0.0206,0.3384,0.0139,0.1580,0.5914,0.2179,0.0088,0.4774,0.1015,0.0000,No CT,No CT,No CT,No CT,No CT
09/11/2024 15:15:00,0.5187,0.4421,0.4934,0.0022,0.0208,0.3353,0.0118,0.0825,0.2768,0.2698,0.0090,0.4749,0.1017,0.0000,No CT,No CT,No CT,No CT,No CT
09/11/2024 15:30:00,0.4804,0.3872,0.5573,0.0016,0.0211,0.3350,0.0114,0.1491,0.2387,0.2164,0.0091,0.4720,0.1022,0.0000,No CT,No CT,No CT,No CT,No CT
