fecha,valor
2024-09-25_15-47-0,0.007506419904530048
2024-09-25_15-47-0,0.007287449203431606
2024-09-25_15-47-1,0.007287449203431606
2024-09-25_15-47-2,0.007354676257818937
2024-09-25_15-47-3,0.0073048826307058334
2024-09-25_15-47-4,0.007263351231813431
2024-09-25_15-47-4,0.007361031137406826
2024-09-25_15-47-5,0.007361031137406826
2024-09-25_15-47-6,0.007215750869363546
2024-09-25_15-47-7,0.007231130730360746
2024-09-25_15-47-8,0.007453235797584057
2024-09-25_15-47-9,0.0070741623640060425
2024-09-25_15-47-9,0.0070741623640060425
2024-09-25_15-47-10,0.00741880526766181
2024-09-25_15-47-11,0.007258439436554909
2024-09-25_15-47-12,0.007309167180210352
2024-09-25_15-47-13,0.007303418125957251
2024-09-25_15-47-13,0.007211101241409779
2024-09-25_15-47-14,0.007211101241409779
2024-09-25_15-47-15,0.007296544499695301
2024-09-25_15-47-16,0.007264432497322559
2024-09-25_15-47-17,0.007285648956894875
2024-09-25_15-47-17,0.0073129404336214066
2024-09-25_15-47-18,0.0073129404336214066
2024-09-25_15-47-19,0.0072325351648032665
2024-09-25_15-47-20,0.0069753751158714294
2024-09-25_15-47-21,0.006826923694461584
2024-09-25_15-47-22,0.006970061454921961
2024-09-25_15-47-22,0.006970061454921961
2024-09-25_15-47-23,0.007268039975315332
2024-09-25_15-47-24,0.007353223394602537
2024-09-25_15-47-25,0.007509626913815737
2024-09-25_15-47-26,0.007438059896230698
2024-09-25_15-47-26,0.007367487531155348
2024-09-25_15-47-27,0.007367487531155348
2024-09-25_15-47-28,0.00739083718508482
2024-09-25_15-47-29,0.0074312095530331135
2024-09-25_15-47-30,0.007448933552950621
2024-09-25_15-47-30,0.007240381557494402
2024-09-25_15-47-31,0.007240381557494402
2024-09-25_15-47-32,0.007356648799031973
2024-09-25_15-47-33,0.00692338403314352
2024-09-25_15-47-34,0.00700798723846674
2024-09-25_15-47-35,0.007361967582255602
2024-09-25_15-47-35,0.007361967582255602
2024-09-25_15-47-36,0.007238888647407293
2024-09-25_15-47-37,0.0073311226442456245
2024-09-25_15-47-38,0.00730850687250495
2024-09-25_15-47-39,0.007223057560622692
2024-09-25_15-47-39,0.006828634068369865
2024-09-25_15-47-40,0.006828634068369865
2024-09-25_15-47-41,0.006888796575367451
2024-09-25_15-47-42,0.00736077968031168
2024-09-25_15-47-43,0.0061119054444134235
2024-09-25_15-47-43,0.0061123971827328205
2024-09-25_15-47-44,0.0061123971827328205
2024-09-25_15-47-45,0.006253730971366167
2024-09-25_15-47-46,0.006417751777917147
2024-09-25_15-47-47,0.0063477689400315285
2024-09-25_15-47-48,0.006551626604050398
2024-09-25_15-47-48,0.006551626604050398
2024-09-25_15-47-49,0.006429135333746672
2024-09-25_15-47-50,0.007297010160982609
2024-09-25_15-47-51,0.0071239592507481575
2024-09-25_15-47-52,0.007289803121238947
2024-09-25_15-47-52,0.007503094617277384
2024-09-25_15-47-53,0.007503094617277384
2024-09-25_15-47-54,0.007381097413599491
2024-09-25_15-47-55,0.007201859727501869
2024-09-25_15-47-56,0.007247617468237877
2024-09-25_15-47-56,0.007251490373164415
2024-09-25_15-47-57,0.007251490373164415
2024-09-25_15-47-58,0.00745484558865428
2024-09-25_15-47-59,0.007383689749985933
2024-09-25_15-48-0,0.007338292896747589
2024-09-25_15-48-1,0.00734308734536171
2024-09-25_15-48-1,0.007470305077731609
2024-09-25_15-48-2,0.007470305077731609
2024-09-25_15-48-3,0.007385443430393934
2024-09-25_15-48-4,0.007255395874381065
2024-09-25_15-48-5,0.006976344157010317
2024-09-25_15-48-5,0.0068818372674286366
2024-09-25_15-48-6,0.0068818372674286366
2024-09-25_15-48-7,0.006711382418870926
2024-09-25_15-48-8,0.007130493875592947
2024-09-25_15-48-9,0.007316566072404385
2024-09-25_15-48-10,0.007417755667120218
2024-09-25_15-48-10,0.007417755667120218
2024-09-25_15-48-11,0.007375380955636501
2024-09-25_15-48-12,0.007291364949196577
2024-09-25_15-48-13,0.007171710021793842
2024-09-25_15-48-14,0.007255324628204107
2024-09-25_15-48-14,0.007040145341306925
2024-09-25_15-48-15,0.007040145341306925
2024-09-25_15-48-16,0.00704233581200242
2024-09-25_15-48-17,0.00702595105394721
2024-09-25_15-48-18,0.007127683609724045
2024-09-25_15-48-18,0.007142032962292433
2024-09-25_15-48-19,0.007142032962292433
2024-09-25_15-48-20,0.007104783318936825
2024-09-25_15-48-21,0.006937277503311634
2024-09-25_15-48-22,0.006819718983024359
2024-09-25_15-48-22,0.006534154526889324
2024-09-25_15-48-23,0.006534154526889324
2024-09-25_15-48-24,0.006848112680017948
2024-09-25_15-48-25,0.007057889364659786
2024-09-25_15-48-26,0.00704666692763567
2024-09-25_15-48-27,0.006822202354669571
2024-09-25_15-48-27,0.006822202354669571
2024-09-25_15-48-28,0.007079895585775375
2024-09-25_15-48-29,0.006641784217208624
2024-09-25_15-48-30,0.0069003114476799965
2024-09-25_15-48-31,0.006958531681448221
2024-09-25_15-48-31,0.007184190209954977
2024-09-25_15-48-32,0.007184190209954977
2024-09-25_15-48-33,0.007218117825686932
2024-09-25_15-48-34,0.007021249737590551
2024-09-25_15-48-35,0.007028939202427864
2024-09-25_15-48-35,0.007160201668739319
2024-09-25_15-48-36,0.007160201668739319
2024-09-25_15-48-37,0.007075437810271978
2024-09-25_15-48-38,0.007111585233360529
2024-09-25_15-48-39,0.00717247324064374
2024-09-25_15-48-40,0.007107125129550695
2024-09-25_15-48-40,0.007107125129550695
2024-09-25_15-48-41,0.00706467404961586
2024-09-25_15-48-42,0.007197070866823196
2024-09-25_15-48-43,0.007171692326664925
2024-09-25_15-48-44,0.006967073772102594
2024-09-25_15-48-44,0.006763790268450975
2024-09-25_15-48-45,0.006763790268450975
2024-09-25_15-48-46,0.007117952685803175
2024-09-25_15-48-47,0.007058126851916313
2024-09-25_15-48-48,0.007048960775136948
2024-09-25_15-48-48,0.007318079937249422
2024-09-25_15-48-49,0.007318079937249422
2024-09-25_15-48-50,0.007453845348209143
2024-09-25_15-48-51,0.0072738295421004295
2024-09-25_15-48-52,0.006931201089173555
2024-09-25_15-48-53,0.007144181523472071
2024-09-25_15-48-53,0.0072703892365098
2024-09-25_15-48-54,0.0072703892365098
2024-09-25_15-48-55,0.007503759581595659
2024-09-25_15-48-56,0.007159755099564791
2024-09-25_15-48-57,0.007045936305075884
2024-09-25_15-48-57,0.00715287821367383
2024-09-25_15-48-58,0.00715287821367383
2024-09-25_15-48-59,0.00693813432008028
2024-09-25_15-49-0,0.007079995237290859
2024-09-25_15-49-1,0.007171636912971735
2024-09-25_15-49-1,0.00709283072501421
2024-09-25_15-49-2,0.00709283072501421
2024-09-25_15-49-3,0.0073388805612921715
2024-09-25_15-49-4,0.007254349999129772
2024-09-25_15-49-5,0.007133380975574255
2024-09-25_15-49-6,0.007198514882475138
2024-09-25_15-49-6,0.007198514882475138
2024-09-25_15-49-7,0.007257918827235699
2024-09-25_15-49-8,0.007315612863749266
2024-09-25_15-49-9,0.007265774998813868
2024-09-25_15-49-10,0.007326905149966478
2024-09-25_15-49-10,0.007202671840786934
2024-09-25_15-49-11,0.007202671840786934
2024-09-25_15-49-12,0.0069854985922575
2024-09-25_15-49-13,0.007187236100435257
2024-09-25_15-49-14,0.007020649034529924
2024-09-25_15-49-14,0.007392690051347017
2024-09-25_15-49-15,0.007392690051347017
2024-09-25_15-49-16,0.007337561342865229
2024-09-25_15-49-17,0.00732909282669425
2024-09-25_15-49-18,0.006887142546474934
2024-09-25_15-49-19,0.006791152060031891
2024-09-25_15-49-19,0.006791152060031891
2024-09-25_15-49-20,0.007063598372042179
2024-09-25_15-49-21,0.007117757573723793
2024-09-25_15-49-22,0.007367231883108616
2024-09-25_15-49-23,0.007186314091086388
2024-09-25_15-49-23,0.007121193688362837
2024-09-25_15-49-24,0.007121193688362837
2024-09-25_15-49-25,0.007120856083929539
2024-09-25_15-49-26,0.007255275268107653
2024-09-25_15-49-27,0.007125040050595999
2024-09-25_15-49-27,0.007058257702738047
2024-09-25_15-49-28,0.007058257702738047
2024-09-25_15-49-29,0.006902801804244518
2024-09-25_15-49-30,0.006849678698927164
2024-09-25_15-49-31,0.006911261938512325
2024-09-25_15-49-32,0.007184060290455818
2024-09-25_15-49-32,0.007184060290455818
2024-09-25_15-49-33,0.007178880274295807
2024-09-25_15-49-34,0.006946934387087822
2024-09-25_15-49-35,0.0070196581073105335
2024-09-25_15-49-36,0.007262942846864462
2024-09-25_15-49-36,0.00729774683713913
2024-09-25_15-49-37,0.00729774683713913
2024-09-25_15-49-38,0.007135236170142889
2024-09-25_15-49-39,0.006889822892844677
2024-09-25_15-49-40,0.00690415408462286
2024-09-25_15-49-40,0.007237291894853115
2024-09-25_15-49-41,0.007237291894853115
2024-09-25_15-49-42,0.0072883134707808495
2024-09-25_15-49-43,0.007317587733268738
2024-09-25_15-49-44,0.0072922674007713795
2024-09-25_15-49-44,0.006888934876769781
2024-09-25_15-49-45,0.006888934876769781
2024-09-25_15-49-46,0.006704768631607294
2024-09-25_15-49-47,0.006929854396730661
2024-09-25_15-49-48,0.007007494103163481
2024-09-25_15-49-49,0.006729697808623314
2024-09-25_15-49-49,0.006729697808623314
2024-09-25_15-49-50,0.006907550618052483
2024-09-25_15-49-51,0.007273067254573107
2024-09-25_15-49-52,0.007348355371505022
2024-09-25_15-49-53,0.006785355508327484
2024-09-25_15-49-53,0.00675164395943284
2024-09-25_15-49-54,0.00675164395943284
2024-09-25_15-49-55,0.006690599489957094
2024-09-25_15-49-56,0.006991849280893803
2024-09-25_15-49-57,0.007005090359598398
2024-09-25_15-49-57,0.006835105363279581
2024-09-25_15-49-58,0.006835105363279581
2024-09-25_15-49-59,0.006894119083881378
2024-09-25_15-50-0,0.006934903562068939
2024-09-25_15-50-1,0.0067481957376003265
2024-09-25_15-50-2,0.0070203496143221855
2024-09-25_15-50-2,0.0070203496143221855
2024-09-25_15-50-3,0.007096864283084869
2024-09-25_15-50-4,0.0068782540038228035
2024-09-25_15-50-5,0.007214293349534273
2024-09-25_15-50-6,0.007107672747224569
2024-09-25_15-50-6,0.2799758315086365
2024-09-25_15-50-7,0.2799758315086365
2024-09-25_15-50-8,0.6499202847480774
2024-09-25_15-50-9,0.23928454518318176
2024-09-25_15-50-10,0.10173815488815308
2024-09-25_15-50-10,0.09998918324708939
2024-09-25_15-50-11,0.09998918324708939
2024-09-25_15-50-12,0.09947095811367035
2024-09-25_15-50-13,0.09940128028392792
2024-09-25_15-50-14,0.09947533160448074
2024-09-25_15-50-15,0.09923289716243744
2024-09-25_15-50-15,0.09923289716243744
2024-09-25_15-50-16,0.09923654049634933
2024-09-25_15-50-17,0.099179208278656
2024-09-25_15-50-18,0.09918906539678574
2024-09-25_15-50-19,0.099053755402565
2024-09-25_15-50-19,0.09906551986932755
2024-09-25_15-50-20,0.09906551986932755
2024-09-25_15-50-21,0.09895718842744827
2024-09-25_15-50-22,0.09917907416820526
2024-09-25_15-50-23,0.09904881566762924
2024-09-25_15-50-23,0.09886205196380615
2024-09-25_15-50-24,0.09886205196380615
2024-09-25_15-50-25,0.09881450235843658
2024-09-25_15-50-26,0.09896057844161987
2024-09-25_15-50-27,0.09903135895729065
2024-09-25_15-50-28,0.09904501587152481
2024-09-25_15-50-28,0.09904501587152481
2024-09-25_15-50-29,0.09911297261714935
2024-09-25_15-50-30,0.09912971407175064
2024-09-25_15-50-31,0.09931362420320511
2024-09-25_15-50-32,0.0993102639913559
2024-09-25_15-50-32,0.09927153587341309
2024-09-25_15-50-33,0.09927153587341309
2024-09-25_15-50-34,0.09931470453739166
2024-09-25_15-50-35,0.09937047213315964
2024-09-25_15-50-36,0.09929918497800827
2024-09-25_15-50-36,0.09930060803890228
2024-09-25_15-50-37,0.09930060803890228
2024-09-25_15-50-38,0.09914891421794891
2024-09-25_15-50-39,0.09929779917001724
2024-09-25_15-50-40,0.09952457994222641
2024-09-25_15-50-40,0.0994483083486557
2024-09-25_15-50-41,0.0994483083486557
2024-09-25_15-50-42,0.09933768212795258
2024-09-25_15-50-43,0.0993184745311737
2024-09-25_15-50-44,0.09937348961830139
2024-09-25_15-50-45,0.09947755187749863
2024-09-25_15-50-45,0.09947755187749863
2024-09-25_15-50-46,0.0994553491473198
2024-09-25_15-50-47,0.09937900304794312
2024-09-25_15-50-48,0.09944101423025131
2024-09-25_15-50-49,0.099302276968956
2024-09-25_15-50-49,0.09929709136486053
2024-09-25_15-50-50,0.09929709136486053
2024-09-25_15-50-51,0.09931974112987518
2024-09-25_15-50-52,0.09927967190742493
2024-09-25_15-50-53,0.09929964691400528
2024-09-25_15-50-53,0.09909763187170029
2024-09-25_15-50-54,0.09909763187170029
2024-09-25_15-50-55,0.09907662123441696
2024-09-25_15-50-56,0.09915819019079208
2024-09-25_15-50-57,0.0991440936923027
2024-09-25_15-50-58,0.09910181909799576
2024-09-25_15-50-58,0.09910181909799576
2024-09-25_15-50-59,0.09909398853778839
2024-09-25_15-51-0,0.09902114421129227
2024-09-25_15-51-1,0.09896869957447052
2024-09-25_15-51-2,0.0989820584654808
2024-09-25_15-51-2,0.09896845370531082
2024-09-25_15-51-3,0.09896845370531082
2024-09-25_15-51-4,0.09895890206098557
2024-09-25_15-51-5,0.09901884943246841
2024-09-25_15-51-6,0.09878154844045639
2024-09-25_15-51-6,0.09865136444568634
2024-09-25_15-51-7,0.09865136444568634
2024-09-25_15-51-8,0.09864591807126999
2024-09-25_15-51-9,0.0985279232263565
2024-09-25_15-51-10,0.09840106219053268
2024-09-25_15-51-11,0.09849376976490021
2024-09-25_15-51-11,0.09849376976490021
2024-09-25_15-51-12,0.09830429404973984
2024-09-25_15-51-13,0.09829242527484894
2024-09-25_15-51-14,0.09830449521541595
2024-09-25_15-51-15,0.098148413002491
2024-09-25_15-51-15,0.09806675463914871
2024-09-25_15-51-16,0.09806675463914871
2024-09-25_15-51-17,0.09805519133806229
2024-09-25_15-51-18,0.0979745015501976
2024-09-25_15-51-19,0.09788201004266739
2024-09-25_15-51-19,0.09795531630516052
2024-09-25_15-51-20,0.09795531630516052
2024-09-25_15-51-21,0.09791679680347443
2024-09-25_15-51-22,0.09786873310804367
2024-09-25_15-51-23,0.0977930948138237
2024-09-25_15-51-24,0.09773250669240952
2024-09-25_15-51-24,0.09773250669240952
2024-09-25_15-51-25,0.09772250801324844
2024-09-25_15-51-26,0.09764658659696579
2024-09-25_15-51-27,0.09747672080993652
2024-09-25_15-51-28,0.09754829853773117
2024-09-25_15-51-28,0.09754829853773117
2024-09-25_15-51-29,0.09751259535551071
2024-09-25_15-51-30,0.0974942296743393
2024-09-25_15-51-31,0.09744692593812943
2024-09-25_15-51-32,0.09743227809667587
2024-09-25_15-51-32,0.0971565991640091
2024-09-25_15-51-33,0.0971565991640091
2024-09-25_15-51-34,0.09733390063047409
2024-09-25_15-51-35,0.09724350273609161
2024-09-25_15-51-36,0.09729444980621338
2024-09-25_15-51-37,0.09723637253046036
2024-09-25_15-51-37,0.09723637253046036
2024-09-25_15-51-38,0.09717128425836563
2024-09-25_15-51-39,0.09715254604816437
2024-09-25_15-51-40,0.09715689718723297
2024-09-25_15-51-41,0.09700732678174973
2024-09-25_15-51-41,0.09706291556358337
2024-09-25_15-51-42,0.09706291556358337
2024-09-25_15-51-43,0.09705115854740143
2024-09-25_15-51-44,0.09693152457475662
2024-09-25_15-51-45,0.09691791236400604
2024-09-25_15-51-45,0.0969490334391594
2024-09-25_15-51-46,0.0969490334391594
2024-09-25_15-51-47,0.0968395322561264
2024-09-25_15-51-48,0.09695429354906082
2024-09-25_15-51-49,0.09698256850242615
2024-09-25_15-51-50,0.09675086289644241
2024-09-25_15-51-50,0.09675086289644241
2024-09-25_15-51-51,0.09670688956975937
2024-09-25_15-51-52,0.09672962129116058
2024-09-25_15-51-53,0.09687796980142593
2024-09-25_15-51-54,0.09681051224470139
2024-09-25_15-51-54,0.09684509038925171
2024-09-25_15-51-55,0.09684509038925171
2024-09-25_15-51-56,0.09664617478847504
2024-09-25_15-51-57,0.09669914096593857
2024-09-25_15-51-58,0.09662432223558426
2024-09-25_15-51-58,0.09670929610729218
2024-09-25_15-51-59,0.09670929610729218
2024-09-25_15-52-0,0.09655892103910446
2024-09-25_15-52-1,0.09660036861896515
2024-09-25_15-52-2,0.09662072360515594
2024-09-25_15-52-3,0.09648749977350235
2024-09-25_15-52-3,0.09648749977350235
2024-09-25_15-52-4,0.09639681875705719
2024-09-25_15-52-5,0.09630990028381348
2024-09-25_15-52-6,0.0962245985865593
2024-09-25_15-52-7,0.09635580331087112
2024-09-25_15-52-7,0.09627853333950043
2024-09-25_15-52-8,0.09627853333950043
2024-09-25_15-52-9,0.09626910090446472
2024-09-25_15-52-10,0.09630610048770905
2024-09-25_15-52-11,0.09630144387483597
2024-09-25_15-52-11,0.09619317203760147
2024-09-25_15-52-12,0.09619317203760147
2024-09-25_15-52-13,0.09638147056102753
2024-09-25_15-52-14,0.09629207849502563
2024-09-25_15-52-15,0.09620828926563263
2024-09-25_15-52-16,0.09618528187274933
2024-09-25_15-52-16,0.09618528187274933
2024-09-25_15-52-17,0.0962442010641098
2024-09-25_15-52-18,0.09610012173652649
2024-09-25_15-52-19,0.09625374525785446
2024-09-25_15-52-20,0.09612571448087692
2024-09-25_15-52-20,0.09614686667919159
2024-09-25_15-52-21,0.09614686667919159
2024-09-25_15-52-22,0.09623411297798157
2024-09-25_15-52-23,0.09606870263814926
2024-09-25_15-52-24,0.09600640088319778
2024-09-25_15-52-24,0.09592000395059586
2024-09-25_15-52-25,0.09592000395059586
2024-09-25_15-52-26,0.0957694873213768
2024-09-25_15-52-27,0.09589071571826935
2024-09-25_15-52-28,0.09575826674699783
2024-09-25_15-52-29,0.09595011174678802
2024-09-25_15-52-29,0.09587330371141434
2024-09-25_15-52-30,0.09587330371141434
2024-09-25_15-52-31,0.09586041420698166
2024-09-25_15-52-32,0.09595601260662079
2024-09-25_15-52-33,0.09584182500839233
2024-09-25_15-52-33,0.0958852767944336
2024-09-25_15-52-34,0.0958852767944336
2024-09-25_15-52-35,0.0959421768784523
2024-09-25_15-52-36,0.0959266871213913
2024-09-25_15-52-37,0.09590249508619308
2024-09-25_15-52-38,0.09566917270421982
2024-09-25_15-52-38,0.09566917270421982
2024-09-25_15-52-39,0.09582110494375229
2024-09-25_15-52-40,0.09583302587270737
2024-09-25_15-52-41,0.0958096906542778
2024-09-25_15-52-42,0.09583182632923126
2024-09-25_15-52-42,0.0958232507109642
2024-09-25_15-52-43,0.0958232507109642
2024-09-25_15-52-44,0.0957261174917221
2024-09-25_15-52-45,0.09552571177482605
2024-09-25_15-52-46,0.0957220122218132
2024-09-25_15-52-46,0.09571994096040726
2024-09-25_15-52-47,0.09571994096040726
2024-09-25_15-52-48,0.09573040157556534
2024-09-25_15-52-49,0.09544036537408829
2024-09-25_15-52-50,0.09550316631793976
2024-09-25_15-52-50,0.09542801976203918
2024-09-25_15-52-51,0.09542801976203918
2024-09-25_15-52-52,0.09546951204538345
2024-09-25_15-52-53,0.09543632715940475
2024-09-25_15-52-54,0.09565183520317078
2024-09-25_15-52-55,0.09558021277189255
2024-09-25_15-52-55,0.0955764651298523
2024-09-25_15-52-56,0.0955764651298523
2024-09-25_15-52-57,0.0957769975066185
2024-09-25_15-52-58,0.09567458927631378
2024-09-25_15-52-59,0.09575310349464417
2024-09-25_15-52-59,0.09571615606546402
2024-09-25_15-53-0,0.09571615606546402
2024-09-25_15-53-1,0.09565100818872452
2024-09-25_15-53-2,0.09545301645994186
2024-09-25_15-53-3,0.09555263817310333
2024-09-25_15-53-3,0.09549833834171295
2024-09-25_15-53-4,0.09549833834171295
2024-09-25_15-53-5,0.09561878442764282
2024-09-25_15-53-6,0.09557889401912689
2024-09-25_15-53-7,0.0956602394580841
2024-09-25_15-53-8,0.0956961065530777
2024-09-25_15-53-8,0.0956961065530777
2024-09-25_15-53-9,0.09554480016231537
2024-09-25_15-53-10,0.09555264562368393
2024-09-25_15-53-11,0.09558336436748505
2024-09-25_15-53-12,0.09551411122083664
2024-09-25_15-53-12,0.09552095830440521
2024-09-25_15-53-13,0.09552095830440521
2024-09-25_15-53-14,0.09547444432973862
2024-09-25_15-53-15,0.09542948752641678
2024-09-25_15-53-16,0.09520114958286285
2024-09-25_15-53-16,0.09548778086900711
2024-09-25_15-53-17,0.09548778086900711
2024-09-25_15-53-18,0.09523172676563263
2024-09-25_15-53-19,0.0953318327665329
2024-09-25_15-53-20,0.09540992230176926
2024-09-25_15-53-21,0.09538639336824417
2024-09-25_15-53-21,0.0953458622097969
2024-09-25_15-53-22,0.0953458622097969
2024-09-25_15-53-23,0.09542399644851685
2024-09-25_15-53-24,0.0954621210694313
2024-09-25_15-53-25,0.09539386630058289
2024-09-25_15-53-25,0.09534931182861328
2024-09-25_15-53-26,0.09534931182861328
2024-09-25_15-53-27,0.09530501812696457
2024-09-25_15-53-28,0.09527818113565445
2024-09-25_15-53-29,0.09535111486911774
2024-09-25_15-53-30,0.09529747068881989
2024-09-25_15-53-30,0.09522528201341629
2024-09-25_15-53-31,0.09522528201341629
2024-09-25_15-53-32,0.09520779550075531
2024-09-25_15-53-33,0.09524579346179962
2024-09-25_15-53-34,0.09524674713611603
2024-09-25_15-53-34,0.09529365599155426
2024-09-25_15-53-35,0.09529365599155426
2024-09-25_15-53-36,0.09529254585504532
2024-09-25_15-53-37,0.09530889242887497
2024-09-25_15-53-38,0.09534470736980438
2024-09-25_15-53-38,0.09524238854646683
2024-09-25_15-53-39,0.09524238854646683
2024-09-25_15-53-40,0.09506172686815262
2024-09-25_15-53-41,0.09515979886054993
2024-09-25_15-53-42,0.09521391242742538
2024-09-25_15-53-43,0.09508785605430603
2024-09-25_15-53-43,0.09507598727941513
2024-09-25_15-53-44,0.09507598727941513
2024-09-25_15-53-45,0.09517759084701538
2024-09-25_15-53-46,0.09513605386018753
2024-09-25_15-53-47,0.09507583826780319
2024-09-25_15-53-47,0.09517216682434082
2024-09-25_15-53-48,0.09517216682434082
2024-09-25_15-53-49,0.09519460052251816
2024-09-25_15-53-50,0.09517461061477661
2024-09-25_15-53-51,0.09512492269277573
2024-09-25_15-53-51,0.09514287114143372
2024-09-25_15-53-52,0.09514287114143372
2024-09-25_15-53-53,0.09504862874746323
2024-09-25_15-53-54,0.095072440803051
2024-09-25_15-53-55,0.09494978934526443
2024-09-25_15-53-56,0.09510552138090134
2024-09-25_15-53-56,0.09510552138090134
2024-09-25_15-53-57,0.09516735374927521
2024-09-25_15-53-58,0.09499963372945786
2024-09-25_15-53-59,0.09508534520864487
2024-09-25_15-54-0,0.09506002813577652
2024-09-25_15-54-0,0.0950637087225914
2024-09-25_15-54-1,0.0950637087225914
2024-09-25_15-54-2,0.09518413245677948
2024-09-25_15-54-3,0.09512197226285934
2024-09-25_15-54-4,0.095038503408432
2024-09-25_15-54-4,0.09507306665182114
2024-09-25_15-54-5,0.09507306665182114
2024-09-25_15-54-6,0.0951104387640953
2024-09-25_15-54-7,0.09500893950462341
2024-09-25_15-54-8,0.09509804844856262
2024-09-25_15-54-8,0.09494300931692123
2024-09-25_15-54-9,0.09494300931692123
2024-09-25_15-54-10,0.09501773118972778
2024-09-25_15-54-11,0.09501416236162186
2024-09-25_15-54-12,0.09486634284257889
2024-09-25_15-54-13,0.09486611932516098
2024-09-25_15-54-13,0.09489430487155914
2024-09-25_15-54-14,0.09489430487155914
2024-09-25_15-54-15,0.09495946764945984
2024-09-25_15-54-16,0.0950305163860321
2024-09-25_15-54-17,0.09507720917463303
2024-09-25_15-54-17,0.09505458176136017
2024-09-25_15-54-18,0.09505458176136017
2024-09-25_15-54-19,0.09509968012571335
2024-09-25_15-54-20,0.09497969597578049
2024-09-25_15-54-21,0.09495535492897034
2024-09-25_15-54-21,0.09500396251678467
2024-09-25_15-54-22,0.09500396251678467
2024-09-25_15-54-23,0.09495074301958084
2024-09-25_15-54-24,0.09494762122631073
2024-09-25_15-54-25,0.09507785737514496
2024-09-25_15-54-26,0.09486996382474899
2024-09-25_15-54-26,0.09482415020465851
2024-09-25_15-54-27,0.09482415020465851
2024-09-25_15-54-28,0.09507966041564941
2024-09-25_15-54-29,0.0948270782828331
2024-09-25_15-54-30,0.09491859376430511
2024-09-25_15-54-30,0.09499485045671463
2024-09-25_15-54-31,0.09499485045671463
2024-09-25_15-54-32,0.09488856047391891
2024-09-25_15-54-33,0.09484764188528061
2024-09-25_15-54-34,0.09499586373567581
2024-09-25_15-54-34,0.09481699019670486
2024-09-25_15-54-35,0.09481699019670486
2024-09-25_15-54-36,0.09500213712453842
2024-09-25_15-54-37,0.09489493817090988
2024-09-25_15-54-38,0.09472779184579849
2024-09-25_15-54-39,0.09483139961957932
2024-09-25_15-54-39,0.09492471814155579
2024-09-25_15-54-40,0.09492471814155579
2024-09-25_15-54-41,0.09479780495166779
2024-09-25_15-54-42,0.09482598304748535
2024-09-25_15-54-43,0.09483961760997772
2024-09-25_15-54-43,0.09493951499462128
2024-09-25_15-54-44,0.09493951499462128
2024-09-25_15-54-45,0.09484383463859558
2024-09-25_15-54-46,0.09478194266557693
2024-09-25_15-54-47,0.09484030306339264
2024-09-25_15-54-47,0.09472797065973282
2024-09-25_15-54-48,0.09472797065973282
2024-09-25_15-54-49,0.09485187381505966
2024-09-25_15-54-50,0.09478145837783813
2024-09-25_15-54-51,0.094829261302948
2024-09-25_15-54-52,0.09485816955566406
2024-09-25_15-54-52,0.09482946246862411
2024-09-25_15-54-53,0.09482946246862411
2024-09-25_15-54-54,0.09469323605298996
2024-09-25_15-54-55,0.09473942220211029
2024-09-25_15-54-56,0.09483728557825089
2024-09-25_15-54-56,0.09470276534557343
2024-09-25_15-54-57,0.09470276534557343
2024-09-25_15-54-58,0.09478739649057388
2024-09-25_15-54-59,0.09470643848180771
2024-09-25_15-55-0,0.09464704245328903
2024-09-25_15-55-0,0.09462010115385056
2024-09-25_15-55-1,0.09462010115385056
2024-09-25_15-55-2,0.09467311948537827
2024-09-25_15-55-3,0.09468338638544083
2024-09-25_15-55-4,0.09469889849424362
2024-09-25_15-55-5,0.09460070729255676
2024-09-25_15-55-5,0.0947376936674118
2024-09-25_15-55-6,0.0947376936674118
2024-09-25_15-55-7,0.09482115507125854
2024-09-25_15-55-8,0.09456508606672287
2024-09-25_15-55-9,0.09450981765985489
2024-09-25_15-55-9,0.09460589289665222
2024-09-25_15-55-10,0.09460589289665222
2024-09-25_15-55-11,0.09460994601249695
2024-09-25_15-55-12,0.09463118016719818
2024-09-25_15-55-13,0.0945715457201004
2024-09-25_15-55-13,0.09456131607294083
2024-09-25_15-55-14,0.09467960894107819
2024-09-25_15-55-15,0.09467960894107819
2024-09-25_15-55-16,0.09455928951501846
2024-09-25_15-55-17,0.09450577199459076
2024-09-25_15-55-18,0.09450224786996841
2024-09-25_15-55-18,0.09451806545257568
2024-09-25_15-55-19,0.09451806545257568
2024-09-25_15-55-20,0.09444309026002884
2024-09-25_15-55-21,0.09448491036891937
2024-09-25_15-55-22,0.09445374459028244
2024-09-25_15-55-22,0.09451093524694443
2024-09-25_15-55-23,0.09451093524694443
2024-09-25_15-55-24,0.094432532787323
2024-09-25_15-55-25,0.09432138502597809
2024-09-25_15-55-26,0.0943082794547081
2024-09-25_15-55-27,0.09451229125261307
2024-09-25_15-55-27,0.09450068324804306
2024-09-25_15-55-28,0.09450068324804306
2024-09-25_15-55-29,0.09435490518808365
2024-09-25_15-55-30,0.09446202218532562
2024-09-25_15-55-31,0.09429961442947388
2024-09-25_15-55-31,0.09438607841730118
2024-09-25_15-55-32,0.09438607841730118
2024-09-25_15-55-33,0.0944368839263916
2024-09-25_15-55-34,0.09429668635129929
2024-09-25_15-55-35,0.09450763463973999
2024-09-25_15-55-35,0.09446114301681519
2024-09-25_15-55-36,0.09446114301681519
2024-09-25_15-55-37,0.09453617036342621
2024-09-25_15-55-38,0.09439222514629364
2024-09-25_15-55-39,0.09438205510377884
2024-09-25_15-55-40,0.09426315128803253
2024-09-25_15-55-40,0.09427258372306824
2024-09-25_15-55-41,0.09427258372306824
2024-09-25_15-55-42,0.09436473995447159
2024-09-25_15-55-43,0.09418356418609619
2024-09-25_15-55-44,0.09410344809293747
2024-09-25_15-55-44,0.09419960528612137
2024-09-25_15-55-45,0.09419960528612137
2024-09-25_15-55-46,0.09420054405927658
2024-09-25_15-55-47,0.0943080335855484
2024-09-25_15-55-48,0.09418550133705139
2024-09-25_15-55-48,0.09422625601291656
2024-09-25_15-55-49,0.09422625601291656
2024-09-25_15-55-50,0.09426218271255493
2024-09-25_15-55-51,0.09421776235103607
2024-09-25_15-55-52,0.09405658394098282
2024-09-25_15-55-52,0.09416794776916504
2024-09-25_15-55-53,0.09418021142482758
2024-09-25_15-55-54,0.09418021142482758
2024-09-25_15-55-55,0.09411175549030304
2024-09-25_15-55-56,0.09416300803422928
2024-09-25_15-55-57,0.09417951852083206
2024-09-25_15-55-57,0.09414095431566238
2024-09-25_15-55-58,0.09414095431566238
2024-09-25_15-55-59,0.09406706690788269
2024-09-25_15-56-0,0.09407447278499603
2024-09-25_15-56-1,0.09410767257213593
2024-09-25_15-56-1,0.0941128060221672
2024-09-25_15-56-2,0.0941128060221672
2024-09-25_15-56-3,0.09416646510362625
2024-09-25_15-56-4,0.09409576654434204
2024-09-25_15-56-5,0.09424290806055069
2024-09-25_15-56-5,0.09411830455064774
2024-09-25_15-56-6,0.094095379114151
2024-09-25_15-56-7,0.094095379114151
2024-09-25_15-56-8,0.09408622235059738
2024-09-25_15-56-9,0.09410759806632996
2024-09-25_15-56-10,0.09422502666711807
2024-09-25_15-56-10,0.09424354881048203
2024-09-25_15-56-11,0.09424354881048203
2024-09-25_15-56-12,0.09425976127386093
2024-09-25_15-56-13,0.09414877742528915
2024-09-25_15-56-14,0.09413828700780869
2024-09-25_15-56-14,0.0942024514079094
2024-09-25_15-56-15,0.0942024514079094
2024-09-25_15-56-16,0.09421199560165405
2024-09-25_15-56-17,0.09434966742992401
2024-09-25_15-56-18,0.0944044440984726
2024-09-25_15-56-18,0.09418707340955734
2024-09-25_15-56-19,0.09438470005989075
2024-09-25_15-56-20,0.09438470005989075
2024-09-25_15-56-21,0.09433463960886002
2024-09-25_15-56-22,0.0942884087562561
2024-09-25_15-56-23,0.09426821768283844
2024-09-25_15-56-23,0.09412107616662979
2024-09-25_15-56-24,0.09412107616662979
2024-09-25_15-56-25,0.09424999356269836
2024-09-25_15-56-26,0.09417693316936493
2024-09-25_15-56-27,0.09412390738725662
2024-09-25_15-56-27,0.09426084905862808
2024-09-25_15-56-28,0.09426084905862808
2024-09-25_15-56-29,0.0941571593284607
2024-09-25_15-56-30,0.09408222138881683
2024-09-25_15-56-31,0.094110406935215
2024-09-25_15-56-31,0.09409871697425842
2024-09-25_15-56-32,0.09409871697425842
2024-09-25_15-56-33,0.09396511316299438
2024-09-25_15-56-34,0.09422780573368073
2024-09-25_15-56-35,0.09424213320016861
2024-09-25_15-56-36,0.0942043662071228
2024-09-25_15-56-36,0.09416841715574265
2024-09-25_15-56-37,0.09416841715574265
2024-09-25_15-56-38,0.0942281186580658
2024-09-25_15-56-39,0.09422847628593445
2024-09-25_15-56-40,0.09418419748544693
2024-09-25_15-56-40,0.09414330124855042
2024-09-25_15-56-41,0.09414330124855042
2024-09-25_15-56-42,0.0941065102815628
2024-09-25_15-56-43,0.09398911893367767
2024-09-25_15-56-44,0.09418041259050369
2024-09-25_15-56-44,0.09416646510362625
2024-09-25_15-56-45,0.09408468753099442
2024-09-25_15-56-46,0.09408468753099442
2024-09-25_15-56-47,0.09399363398551941
2024-09-25_15-56-48,0.09398329257965088
2024-09-25_15-56-49,0.09411368519067764
2024-09-25_15-56-49,0.09391844272613525
2024-09-25_15-56-50,0.09391844272613525
2024-09-25_15-56-51,0.09400516003370285
2024-09-25_15-56-52,0.09407832473516464
2024-09-25_15-56-53,0.09396988153457642
2024-09-25_15-56-53,0.09398104250431061
2024-09-25_15-56-54,0.09398104250431061
2024-09-25_15-56-55,0.09398751705884933
2024-09-25_15-56-56,0.09403728693723679
2024-09-25_15-56-57,0.09400790184736252
2024-09-25_15-56-58,0.09416159987449646
2024-09-25_15-56-58,0.09398546814918518
2024-09-25_15-56-59,0.09398546814918518
2024-09-25_15-57-0,0.09403535723686218
2024-09-25_15-57-1,0.0939602181315422
2024-09-25_15-57-2,0.09397535771131516
2024-09-25_15-57-2,0.09403198212385178
2024-09-25_15-57-3,0.09403198212385178
2024-09-25_15-57-4,0.09400233626365662
2024-09-25_15-57-5,0.09378129988908768
2024-09-25_15-57-6,0.09379205107688904
2024-09-25_15-57-6,0.09388761967420578
2024-09-25_15-57-7,0.09387468546628952
2024-09-25_15-57-8,0.09387468546628952
2024-09-25_15-57-9,0.09386149048805237
2024-09-25_15-57-10,0.09398479014635086
2024-09-25_15-57-11,0.09392770379781723
2024-09-25_15-57-11,0.09388481080532074
2024-09-25_15-57-12,0.09388481080532074
2024-09-25_15-57-13,0.0939728245139122
2024-09-25_15-57-14,0.09397338330745697
2024-09-25_15-57-15,0.09386628866195679
2024-09-25_15-57-15,0.09387347847223282
2024-09-25_15-57-16,0.09387347847223282
2024-09-25_15-57-17,0.09385094046592712
2024-09-25_15-57-18,0.0938972532749176
2024-09-25_15-57-19,0.09387989342212677
2024-09-25_15-57-20,0.09388177841901779
2024-09-25_15-57-20,0.0938221663236618
2024-09-25_15-57-21,0.0938221663236618
2024-09-25_15-57-22,0.09381447732448578
2024-09-25_15-57-23,0.09384962916374207
2024-09-25_15-57-24,0.09377951174974442
2024-09-25_15-57-24,0.09369305521249771
2024-09-25_15-57-25,0.09369305521249771
2024-09-25_15-57-26,0.09373464435338974
2024-09-25_15-57-27,0.09380806982517242
2024-09-25_15-57-28,0.09383667260408401
2024-09-25_15-57-28,0.0937248021364212
2024-09-25_15-57-29,0.09379623830318451
2024-09-25_15-57-30,0.09379623830318451
2024-09-25_15-57-31,0.09380799531936646
2024-09-25_15-57-32,0.09377092868089676
2024-09-25_15-57-33,0.09369035810232162
2024-09-25_15-57-33,0.09367412328720093
2024-09-25_15-57-34,0.09367412328720093
2024-09-25_15-57-35,0.09371315687894821
2024-09-25_15-57-36,0.09362023323774338
2024-09-25_15-57-37,0.0936923623085022
2024-09-25_15-57-37,0.09361358731985092
2024-09-25_15-57-38,0.09386272728443146
2024-09-25_15-57-39,0.09386272728443146
2024-09-25_15-57-40,0.09367510676383972
2024-09-25_15-57-41,0.09361431747674942
2024-09-25_15-57-42,0.09369241446256638
2024-09-25_15-57-42,0.09360729157924652
2024-09-25_15-57-43,0.09360729157924652
2024-09-25_15-57-44,0.09373078495264053
2024-09-25_15-57-45,0.0936206802725792
2024-09-25_15-57-46,0.09363986551761627
2024-09-25_15-57-46,0.09364628046751022
2024-09-25_15-57-47,0.09364628046751022
2024-09-25_15-57-48,0.09362389892339706
2024-09-25_15-57-49,0.09367590397596359
2024-09-25_15-57-50,0.09350563585758209
2024-09-25_15-57-50,0.09364990890026093
2024-09-25_15-57-51,0.09373562783002853
2024-09-25_15-57-52,0.09373562783002853
2024-09-25_15-57-53,0.0934305265545845
2024-09-25_15-57-54,0.09360002726316452
2024-09-25_15-57-55,0.09344379603862762
2024-09-25_15-57-55,0.09345656633377075
2024-09-25_15-57-56,0.09345656633377075
2024-09-25_15-57-57,0.09347167611122131
2024-09-25_15-57-58,0.09353204071521759
2024-09-25_15-57-59,0.09351528435945511
2024-09-25_15-57-59,0.09347577393054962
2024-09-25_15-58-0,0.09344170987606049
2024-09-25_15-58-1,0.09344170987606049
2024-09-25_15-58-2,0.09346812218427658
2024-09-25_15-58-3,0.09354232996702194
2024-09-25_15-58-4,0.09347233921289444
2024-09-25_15-58-4,0.09358226507902145
2024-09-25_15-58-5,0.09358226507902145
2024-09-25_15-58-6,0.09355194121599197
2024-09-25_15-58-7,0.09371519088745117
2024-09-25_15-58-8,0.09365188330411911
2024-09-25_15-58-8,0.09376315772533417
2024-09-25_15-58-9,0.09376315772533417
2024-09-25_15-58-10,0.09369879961013794
2024-09-25_15-58-11,0.09367144107818604
2024-09-25_15-58-12,0.09360431134700775
2024-09-25_15-58-12,0.09360769391059875
2024-09-25_15-58-13,0.0935867577791214
2024-09-25_15-58-14,0.0935867577791214
2024-09-25_15-58-15,0.09361828118562698
2024-09-25_15-58-16,0.09341929852962494
2024-09-25_15-58-17,0.09336323291063309
2024-09-25_15-58-17,0.09362930804491043
2024-09-25_15-58-18,0.09362930804491043
2024-09-25_15-58-19,0.09355603158473969
2024-09-25_15-58-20,0.09362349659204483
2024-09-25_15-58-21,0.09349606931209564
2024-09-25_15-58-21,0.09337162226438522
2024-09-25_15-58-22,0.09337162226438522
2024-09-25_15-58-23,0.0933706983923912
2024-09-25_15-58-24,0.0935697928071022
2024-09-25_15-58-25,0.09346438199281693
2024-09-25_15-58-25,0.09347131848335266
2024-09-25_15-58-26,0.09372054040431976
2024-09-25_15-58-27,0.09372054040431976
2024-09-25_15-58-28,0.0935281440615654
2024-09-25_15-58-29,0.09358756989240646
2024-09-25_15-58-30,0.09371159225702286
2024-09-25_15-58-30,0.0935509204864502
2024-09-25_15-58-31,0.0935509204864502
2024-09-25_15-58-32,0.0935777947306633
2024-09-25_15-58-33,0.09363076835870743
2024-09-25_15-58-34,0.09375566244125366
2024-09-25_15-58-34,0.09360469877719879
2024-09-25_15-58-35,0.09360469877719879
2024-09-25_15-58-36,0.09352315217256546
2024-09-25_15-58-37,0.09363148361444473
2024-09-25_15-58-38,0.09362069517374039
2024-09-25_15-58-38,0.09334872663021088
2024-09-25_15-58-39,0.09350798279047012
2024-09-25_15-58-40,0.09350798279047012
2024-09-25_15-58-41,0.09335488080978394
2024-09-25_15-58-42,0.09332497417926788
2024-09-25_15-58-43,0.09334386140108109
2024-09-25_15-58-43,0.09339949488639832
2024-09-25_15-58-44,0.09339949488639832
2024-09-25_15-58-45,0.0934872254729271
2024-09-25_15-58-46,0.09345375746488571
2024-09-25_15-58-47,0.09347914159297943
2024-09-25_15-58-47,0.09332968294620514
2024-09-25_15-58-48,0.09332968294620514
2024-09-25_15-58-49,0.09342649579048157
2024-09-25_15-58-50,0.09333789348602295
2024-09-25_15-58-51,0.09337357431650162
2024-09-25_15-58-51,0.0933673232793808
2024-09-25_15-58-52,0.09327036142349243
2024-09-25_15-58-53,0.09327036142349243
2024-09-25_15-58-54,0.09330259263515472
2024-09-25_15-58-55,0.09330524504184723
2024-09-25_15-58-56,0.09316131472587585
2024-09-25_15-58-56,0.09296504408121109
2024-09-25_15-58-57,0.09296504408121109
2024-09-25_15-58-58,0.09293663501739502
2024-09-25_15-58-59,0.0929073765873909
2024-09-25_15-59-0,0.09292315691709518
2024-09-25_15-59-0,0.09291712939739227
2024-09-25_15-59-1,0.09291712939739227
2024-09-25_15-59-2,0.09303081035614014
2024-09-25_15-59-3,0.09290695935487747
2024-09-25_15-59-4,0.09298030287027359
2024-09-25_15-59-4,0.09280959516763687
2024-09-25_15-59-5,0.09287698566913605
2024-09-25_15-59-6,0.09287698566913605
2024-09-25_15-59-7,0.0929400697350502
2024-09-25_15-59-8,0.0929505005478859
2024-09-25_15-59-9,0.09290480613708496
2024-09-25_15-59-9,0.09295891970396042
2024-09-25_15-59-10,0.09295891970396042
2024-09-25_15-59-11,0.09295438975095749
2024-09-25_15-59-12,0.09305915981531143
2024-09-25_15-59-13,0.09299792349338531
2024-09-25_15-59-13,0.09304367005825043
2024-09-25_15-59-14,0.09304367005825043
2024-09-25_15-59-15,0.09296539425849915
2024-09-25_15-59-16,0.09301697462797165
2024-09-25_15-59-17,0.09303303807973862
2024-09-25_15-59-17,0.09294744580984116
2024-09-25_15-59-18,0.09303709119558334
2024-09-25_15-59-19,0.09303709119558334
2024-09-25_15-59-20,0.09289176762104034
2024-09-25_15-59-21,0.09289191663265228
2024-09-25_15-59-22,0.0928749367594719
2024-09-25_15-59-22,0.09301170706748962
2024-09-25_15-59-23,0.09301170706748962
2024-09-25_15-59-24,0.09301980584859848
2024-09-25_15-59-25,0.09300379455089569
2024-09-25_15-59-26,0.09294990450143814
2024-09-25_15-59-26,0.09281586855649948
2024-09-25_15-59-27,0.09281586855649948
2024-09-25_15-59-28,0.09299857914447784
2024-09-25_15-59-29,0.09293533861637115
2024-09-25_15-59-30,0.09296726435422897
2024-09-25_15-59-30,0.09296050667762756
2024-09-25_15-59-31,0.09292186051607132
2024-09-25_15-59-32,0.09292186051607132
2024-09-25_15-59-33,0.09277323633432388
2024-09-25_15-59-34,0.09277427941560745
2024-09-25_15-59-35,0.09278097748756409
2024-09-25_15-59-35,0.09298427402973175
2024-09-25_15-59-36,0.09298427402973175
2024-09-25_15-59-37,0.09294075518846512
2024-09-25_15-59-38,0.09291739761829376
2024-09-25_15-59-39,0.09275024384260178
2024-09-25_15-59-39,0.09274650365114212
2024-09-25_15-59-40,0.09274650365114212
2024-09-25_15-59-41,0.09279896318912506
2024-09-25_15-59-42,0.09296651929616928
2024-09-25_15-59-43,0.09287261962890625
2024-09-25_15-59-44,0.0928858071565628
2024-09-25_15-59-44,0.09306330978870392
2024-09-25_15-59-45,0.09306330978870392
2024-09-25_15-59-46,0.09301004558801651
2024-09-25_15-59-47,0.09285976737737656
2024-09-25_15-59-48,0.09282859414815903
2024-09-25_15-59-48,0.09283842146396637
2024-09-25_15-59-49,0.09283842146396637
2024-09-25_15-59-50,0.09293100982904434
2024-09-25_15-59-51,0.09296595305204391
2024-09-25_15-59-52,0.09291188418865204
2024-09-25_15-59-53,0.09293866902589798
2024-09-25_15-59-53,0.09300633519887924
2024-09-25_15-59-54,0.09300633519887924
2024-09-25_15-59-55,0.0932231917977333
2024-09-25_15-59-56,0.09314672648906708
2024-09-25_15-59-57,0.09326643496751785
2024-09-25_15-59-57,0.09312944114208221
2024-09-25_15-59-58,0.09312944114208221
2024-09-25_15-59-59,0.09314730018377304
2024-09-25_16-00-0,0.09290355443954468
2024-09-25_16-00-1,0.09290169179439545
2024-09-25_16-00-2,0.09288044273853302
2024-09-25_16-00-2,0.092897929251194
2024-09-25_16-00-3,0.092897929251194
2024-09-25_16-00-4,0.09283168613910675
2024-09-25_16-00-5,0.09285726398229599
2024-09-25_16-00-6,0.09297958016395569
2024-09-25_16-00-6,0.09304960072040558
2024-09-25_16-00-7,0.09304960072040558
2024-09-25_16-00-8,0.09305868297815323
2024-09-25_16-00-9,0.09305628389120102
2024-09-25_16-00-10,0.09275303035974503
2024-09-25_16-00-10,0.0930488109588623
2024-09-25_16-00-11,0.09317782521247864
2024-09-25_16-00-12,0.09317782521247864
2024-09-25_16-00-13,0.09310789406299591
2024-09-25_16-00-14,0.0926271304488182
2024-09-25_16-00-15,0.09078945219516754
2024-09-25_16-00-15,0.09071078896522522
2024-09-25_16-00-16,0.09071078896522522
2024-09-25_16-00-17,0.09053663909435272
2024-09-25_16-00-18,0.09059007465839386
2024-09-25_16-00-19,0.09065737575292587
2024-09-25_16-00-19,0.09118381887674332
2024-09-25_16-00-20,0.09118381887674332
2024-09-25_16-00-21,0.09330619871616364
2024-09-25_16-00-22,0.09344013780355453
2024-09-25_16-00-23,0.09333489090204239
2024-09-25_16-00-24,0.09295135736465454
2024-09-25_16-00-24,0.09292450547218323
2024-09-25_16-00-25,0.09292450547218323
2024-09-25_16-00-26,0.09293460100889206
2024-09-25_16-00-27,0.09283466637134552
2024-09-25_16-00-28,0.09288599342107773
2024-09-25_16-00-28,0.09281983226537704
2024-09-25_16-00-29,0.09281983226537704
2024-09-25_16-00-30,0.09289181977510452
2024-09-25_16-00-31,0.09308507293462753
2024-09-25_16-00-32,0.09307277947664261
2024-09-25_16-00-32,0.09316565096378326
2024-09-25_16-00-33,0.09298712760210037
2024-09-25_16-00-34,0.09298712760210037
2024-09-25_16-00-35,0.09297105669975281
2024-09-25_16-00-36,0.09304919838905334
2024-09-25_16-00-37,0.09309318661689758
2024-09-25_16-00-37,0.09331660717725754
2024-09-25_16-00-38,0.09331660717725754
2024-09-25_16-00-39,0.09344970434904099
2024-09-25_16-00-40,0.09337721765041351
2024-09-25_16-00-41,0.09318715333938599
2024-09-25_16-00-41,0.09331972151994705
2024-09-25_16-00-42,0.09331972151994705
2024-09-25_16-00-43,0.09354808926582336
2024-09-25_16-00-44,0.09324798732995987
2024-09-25_16-00-45,0.09308013319969177
2024-09-25_16-00-45,0.09309620410203934
2024-09-25_16-00-46,0.09315572679042816
2024-09-25_16-00-47,0.09315572679042816
2024-09-25_16-00-48,0.09352242201566696
2024-09-25_16-00-49,0.09352478384971619
2024-09-25_16-00-50,0.09376006573438644
2024-09-25_16-00-50,0.09364674985408783
2024-09-25_16-00-51,0.09364674985408783
2024-09-25_16-00-52,0.09364718198776245
2024-09-25_16-00-53,0.0937182754278183
2024-09-25_16-00-54,0.09332454204559326
2024-09-25_16-00-54,0.09341923892498016
2024-09-25_16-00-55,0.09341923892498016
2024-09-25_16-00-56,0.09334170073270798
2024-09-25_16-00-57,0.09330020844936371
2024-09-25_16-00-58,0.093587227165699
2024-09-25_16-00-59,0.09363091737031937
2024-09-25_16-00-59,0.09374076873064041
2024-09-25_16-01-0,0.09374076873064041
2024-09-25_16-01-1,0.09372690320014954
2024-09-25_16-01-2,0.09378141909837723
2024-09-25_16-01-3,0.09372575581073761
2024-09-25_16-01-3,0.09363687038421631
2024-09-25_16-01-4,0.09363687038421631
2024-09-25_16-01-5,0.09362506866455078
2024-09-25_16-01-6,0.09378178417682648
2024-09-25_16-01-7,0.09367911517620087
2024-09-25_16-01-7,0.0937177911400795
2024-09-25_16-01-8,0.0937177911400795
2024-09-25_16-01-9,0.09348303079605103
2024-09-25_16-01-10,0.09329204261302948
2024-09-25_16-01-11,0.09330189973115921
2024-09-25_16-01-12,0.0932571142911911
2024-09-25_16-01-12,0.09370484203100204
2024-09-25_16-01-13,0.09370484203100204
2024-09-25_16-01-14,0.09339410811662674
2024-09-25_16-01-15,0.0936148390173912
2024-09-25_16-01-16,0.09361342340707779
2024-09-25_16-01-16,0.09346743673086166
2024-09-25_16-01-17,0.09346743673086166
2024-09-25_16-01-18,0.0935690775513649
2024-09-25_16-01-19,0.09349922090768814
2024-09-25_16-01-20,0.0932743176817894
2024-09-25_16-01-20,0.09359036386013031
2024-09-25_16-01-21,0.09359036386013031
2024-09-25_16-01-22,0.09361539781093597
2024-09-25_16-01-23,0.09356822818517685
2024-09-25_16-01-24,0.09359512478113174
2024-09-25_16-01-24,0.09350154548883438
2024-09-25_16-01-25,0.09362523257732391
2024-09-25_16-01-26,0.09362523257732391
2024-09-25_16-01-27,0.09347936511039734
2024-09-25_16-01-28,0.09358596056699753
2024-09-25_16-01-29,0.09361834824085236
2024-09-25_16-01-29,0.09358954429626465
2024-09-25_16-01-30,0.09358954429626465
2024-09-25_16-01-31,0.09343639016151428
2024-09-25_16-01-32,0.09346780180931091
2024-09-25_16-01-33,0.09335830062627792
2024-09-25_16-01-33,0.09323737770318985
2024-09-25_16-01-34,0.09323737770318985
2024-09-25_16-01-35,0.09324482083320618
2024-09-25_16-01-36,0.09330859035253525
2024-09-25_16-01-37,0.09327305853366852
2024-09-25_16-01-37,0.0935775637626648
2024-09-25_16-01-38,0.09361255168914795
2024-09-25_16-01-39,0.09361255168914795
2024-09-25_16-01-40,0.0933389961719513
2024-09-25_16-01-41,0.09348511695861816
2024-09-25_16-01-42,0.09329218417406082
2024-09-25_16-01-42,0.09358251094818115
2024-09-25_16-01-43,0.09358251094818115
2024-09-25_16-01-44,0.0935315191745758
2024-09-25_16-01-45,0.09353991597890854
2024-09-25_16-01-46,0.09350936859846115
2024-09-25_16-01-46,0.09348057955503464
2024-09-25_16-01-47,0.09348057955503464
2024-09-25_16-01-48,0.0935320109128952
2024-09-25_16-01-49,0.09360441565513611
2024-09-25_16-01-50,0.09345433115959167
2024-09-25_16-01-50,0.0934874638915062
2024-09-25_16-01-51,0.09350038319826126
2024-09-25_16-01-52,0.09350038319826126
2024-09-25_16-01-53,0.09358303993940353
2024-09-25_16-01-54,0.09357927739620209
2024-09-25_16-01-55,0.09365098178386688
2024-09-25_16-01-55,0.09358355402946472
2024-09-25_16-01-56,0.09358355402946472
2024-09-25_16-01-57,0.09354320168495178
2024-09-25_16-01-58,0.09344426542520523
2024-09-25_16-01-59,0.09345389157533646
2024-09-25_16-01-59,0.09335027635097504
2024-09-25_16-02-0,0.093435138463974
2024-09-25_16-02-1,0.093435138463974
2024-09-25_16-02-2,0.09338606148958206
2024-09-25_16-02-3,0.09351418912410736
2024-09-25_16-02-4,0.09331345558166504
2024-09-25_16-02-4,0.09334037452936172
2024-09-25_16-02-5,0.09334037452936172
2024-09-25_16-02-6,0.09345635771751404
2024-09-25_16-02-7,0.09335509687662125
2024-09-25_16-02-8,0.0932721272110939
2024-09-25_16-02-8,0.09323682636022568
2024-09-25_16-02-9,0.09323682636022568
2024-09-25_16-02-10,0.0930209532380104
2024-09-25_16-02-11,0.09351617097854614
2024-09-25_16-02-12,0.09338933229446411
2024-09-25_16-02-12,0.09315937012434006
2024-09-25_16-02-13,0.09329588711261749
2024-09-25_16-02-14,0.09329588711261749
2024-09-25_16-02-15,0.09326113015413284
2024-09-25_16-02-16,0.09337295591831207
2024-09-25_16-02-17,0.09340354800224304
2024-09-25_16-02-17,0.09341159462928772
2024-09-25_16-02-18,0.09341159462928772
2024-09-25_16-02-19,0.09340789914131165
2024-09-25_16-02-20,0.0933646634221077
2024-09-25_16-02-21,0.09343627095222473
2024-09-25_16-02-21,0.09326818585395813
2024-09-25_16-02-22,0.09327774494886398
2024-09-25_16-02-23,0.09327774494886398
2024-09-25_16-02-24,0.0934177115559578
2024-09-25_16-02-25,0.09345490485429764
2024-09-25_16-02-26,0.09336785227060318
2024-09-25_16-02-26,0.09328430145978928
2024-09-25_16-02-27,0.09328430145978928
2024-09-25_16-02-28,0.09343023598194122
2024-09-25_16-02-29,0.09340265393257141
2024-09-25_16-02-30,0.09325776249170303
2024-09-25_16-02-30,0.093263179063797
2024-09-25_16-02-31,0.093263179063797
2024-09-25_16-02-32,0.09324033558368683
2024-09-25_16-02-33,0.09325951337814331
2024-09-25_16-02-34,0.09334325045347214
2024-09-25_16-02-34,0.09330682456493378
2024-09-25_16-02-35,0.09340865164995193
2024-09-25_16-02-36,0.09340865164995193
2024-09-25_16-02-37,0.09328882396221161
2024-09-25_16-02-38,0.0932895764708519
2024-09-25_16-02-39,0.09334351867437363
2024-09-25_16-02-39,0.09333473443984985
2024-09-25_16-02-40,0.09333473443984985
2024-09-25_16-02-41,0.09348294138908386
2024-09-25_16-02-42,0.09342334419488907
2024-09-25_16-02-43,0.0934775322675705
2024-09-25_16-02-43,0.09337466955184937
2024-09-25_16-02-44,0.09328708797693253
2024-09-25_16-02-45,0.09328708797693253
2024-09-25_16-02-46,0.09326812624931335
2024-09-25_16-02-47,0.09327881038188934
2024-09-25_16-02-48,0.09335625171661377
2024-09-25_16-02-48,0.09332986176013947
2024-09-25_16-02-49,0.09332986176013947
2024-09-25_16-02-50,0.09321774542331696
2024-09-25_16-02-51,0.09328699856996536
2024-09-25_16-02-52,0.0931408479809761
2024-09-25_16-02-52,0.09345288574695587
2024-09-25_16-02-53,0.09345288574695587
2024-09-25_16-02-54,0.09356458485126495
2024-09-25_16-02-55,0.09331031888723373
2024-09-25_16-02-56,0.0933302789926529
2024-09-25_16-02-56,0.09338534623384476
2024-09-25_16-02-57,0.09341031312942505
2024-09-25_16-02-58,0.09341031312942505
2024-09-25_16-02-59,0.09358883649110794
2024-09-25_16-03-0,0.09376844763755798
2024-09-25_16-03-1,0.09358106553554535
2024-09-25_16-03-1,0.09332778304815292
2024-09-25_16-03-2,0.09332778304815292
2024-09-25_16-03-3,0.09341151267290115
2024-09-25_16-03-4,0.09329704940319061
2024-09-25_16-03-5,0.09328196197748184
2024-09-25_16-03-5,0.09330610930919647
2024-09-25_16-03-6,0.09313967823982239
2024-09-25_16-03-7,0.09313967823982239
2024-09-25_16-03-8,0.09323426336050034
2024-09-25_16-03-9,0.09338754415512085
2024-09-25_16-03-10,0.09349951148033142
2024-09-25_16-03-10,0.09367256611585617
2024-09-25_16-03-11,0.09367256611585617
2024-09-25_16-03-12,0.09337502717971802
2024-09-25_16-03-13,0.093472920358181
2024-09-25_16-03-14,0.09336479753255844
2024-09-25_16-03-14,0.09346161037683487
2024-09-25_16-03-15,0.09346161037683487
2024-09-25_16-03-16,0.09332430362701416
2024-09-25_16-03-17,0.09333579987287521
2024-09-25_16-03-18,0.09325725585222244
2024-09-25_16-03-18,0.0933767706155777
2024-09-25_16-03-19,0.09335358440876007
2024-09-25_16-03-20,0.09335358440876007
2024-09-25_16-03-21,0.09333807229995728
2024-09-25_16-03-22,0.09327194094657898
2024-09-25_16-03-23,0.0935579165816307
2024-09-25_16-03-23,0.09337824583053589
2024-09-25_16-03-24,0.09337824583053589
2024-09-25_16-03-25,0.09352430701255798
2024-09-25_16-03-26,0.09343302994966507
2024-09-25_16-03-27,0.09352205693721771
2024-09-25_16-03-27,0.09336425364017487
2024-09-25_16-03-28,0.09321972727775574
2024-09-25_16-03-29,0.09321972727775574
2024-09-25_16-03-30,0.09326177835464478
2024-09-25_16-03-31,0.09322189539670944
2024-09-25_16-03-31,0.09339828044176102
2024-09-25_16-03-32,0.09339923411607742
2024-09-25_16-03-33,0.09339923411607742
2024-09-25_16-03-34,0.09354452788829803
2024-09-25_16-03-35,0.06047278642654419
2024-09-25_16-03-36,0.006987708155065775
2024-09-25_16-03-36,0.007027722429484129
2024-09-25_16-03-37,0.007027722429484129
2024-09-25_16-03-38,0.006982289254665375
2024-09-25_16-03-39,0.006976583506911993
2024-09-25_16-03-40,0.006956643424928188
2024-09-25_16-03-40,0.006695171818137169
2024-09-25_16-03-41,0.006822542753070593
2024-09-25_16-03-42,0.006822542753070593
2024-09-25_16-03-43,0.0069906157441437244
2024-09-25_16-03-44,0.006868148688226938
2024-09-25_16-03-44,0.006974177900701761
2024-09-25_16-03-45,0.007179934997111559
2024-09-25_16-03-46,0.007179934997111559
2024-09-25_16-03-47,0.007111076731234789
2024-09-25_16-03-48,0.007095430511981249
2024-09-25_16-03-49,0.006990053690969944
2024-09-25_16-03-49,0.006948907393962145
2024-09-25_16-03-50,0.006948907393962145
2024-09-25_16-03-51,0.006618521176278591
2024-09-25_16-03-52,0.006786686833947897
2024-09-25_16-03-53,0.00698353536427021
2024-09-25_16-03-53,0.006853848695755005
2024-09-25_16-03-54,0.006910230964422226
2024-09-25_16-03-55,0.006910230964422226
2024-09-25_16-03-56,0.00704605458304286
2024-09-25_16-03-57,0.007005176041275263
2024-09-25_16-03-57,0.0070680659264326096
2024-09-25_16-03-58,0.006983830593526363
2024-09-25_16-03-59,0.006983830593526363
2024-09-25_16-04-0,0.00720427930355072
2024-09-25_16-04-1,0.0072144097648561
2024-09-25_16-04-2,0.007042017299681902
2024-09-25_16-04-2,0.007116903550922871
2024-09-25_16-04-3,0.007116903550922871
2024-09-25_16-04-4,0.0071615250781178474
2024-09-25_16-04-5,0.007123061455786228
2024-09-25_16-04-6,0.006663205102086067
2024-09-25_16-04-6,0.0066032689064741135
2024-09-25_16-04-7,0.006910664960741997
2024-09-25_16-04-8,0.006910664960741997
2024-09-25_16-04-9,0.006984776351600885
2024-09-25_16-04-10,0.006920767016708851
2024-09-25_16-04-10,0.00691321911290288
2024-09-25_16-04-11,0.0067917052656412125
2024-09-25_16-04-12,0.0067917052656412125
2024-09-25_16-04-13,0.0068540992215275764
2024-09-25_16-04-14,0.006959895137697458
2024-09-25_16-04-15,0.007028304506093264
2024-09-25_16-04-15,0.0071877907030284405
2024-09-25_16-04-16,0.0071877907030284405
2024-09-25_16-04-17,0.006990674417465925
2024-09-25_16-04-18,0.006662003230303526
2024-09-25_16-04-19,0.0068469904363155365
2024-09-25_16-04-19,0.006821685004979372
2024-09-25_16-04-20,0.0069588259793818
2024-09-25_16-04-21,0.0069588259793818
2024-09-25_16-04-22,0.007026610895991325
2024-09-25_16-04-23,0.006965088192373514
2024-09-25_16-04-24,0.006922189611941576
2024-09-25_16-04-24,0.006981189362704754
2024-09-25_16-04-25,0.006981189362704754
2024-09-25_16-04-26,0.006755139213055372
2024-09-25_16-04-27,0.006434274837374687
2024-09-25_16-04-28,0.006781503092497587
2024-09-25_16-04-28,0.006945218425244093
2024-09-25_16-04-29,0.006962127983570099
2024-09-25_16-04-30,0.006962127983570099
2024-09-25_16-04-31,0.006974893622100353
2024-09-25_16-04-32,0.006963844411075115
2024-09-25_16-04-32,0.0070075648836791515
2024-09-25_16-04-33,0.007007940672338009
2024-09-25_16-04-34,0.007007940672338009
2024-09-25_16-04-35,0.006962339393794537
2024-09-25_16-04-36,0.00682967621833086
2024-09-25_16-04-37,0.006949761416763067
2024-09-25_16-04-37,0.0069928825832903385
2024-09-25_16-04-38,0.0069928825832903385
2024-09-25_16-04-39,0.006732127629220486
2024-09-25_16-04-40,0.006697364151477814
2024-09-25_16-04-41,0.006883950438350439
2024-09-25_16-04-41,0.006995621137320995
2024-09-25_16-04-42,0.006920641753822565
2024-09-25_16-04-43,0.006920641753822565
2024-09-25_16-04-44,0.006798628717660904
2024-09-25_16-04-45,0.0065530333667993546
2024-09-25_16-04-45,0.0067655486054718494
2024-09-25_16-04-46,0.006522598210722208
2024-09-25_16-04-47,0.006522598210722208
2024-09-25_16-04-48,0.006424322258681059
2024-09-25_16-04-49,0.006066601723432541
2024-09-25_16-04-50,0.006343437358736992
2024-09-25_16-04-50,0.006414833012968302
2024-09-25_16-04-51,0.006414833012968302
2024-09-25_16-04-52,0.006839232984930277
2024-09-25_16-04-53,0.0066477288492023945
2024-09-25_16-04-54,0.006802259478718042
2024-09-25_16-04-54,0.006594359874725342
2024-09-25_16-04-55,0.0066690826788544655
2024-09-25_16-04-56,0.0066690826788544655
2024-09-25_16-04-57,0.005954332649707794
2024-09-25_16-04-58,0.006214495282620192
2024-09-25_16-04-58,0.006405924912542105
2024-09-25_16-04-59,0.006790969520807266
2024-09-25_16-05-0,0.006790969520807266
2024-09-25_16-05-1,0.006734073627740145
2024-09-25_16-05-2,0.007111733313649893
2024-09-25_16-05-3,0.007139481604099274
2024-09-25_16-05-3,0.006840328685939312
2024-09-25_16-05-4,0.006840328685939312
2024-09-25_16-05-5,0.006736546289175749
2024-09-25_16-05-6,0.006673475261777639
2024-09-25_16-05-7,0.006792879663407803
2024-09-25_16-05-7,0.006648639217019081
2024-09-25_16-05-8,0.006131633650511503
2024-09-25_16-05-9,0.006131633650511503
2024-09-25_16-05-10,0.0060406215488910675
2024-09-25_16-05-11,0.00622670678421855
2024-09-25_16-05-11,0.007233360316604376
2024-09-25_16-05-12,0.007201289292424917
2024-09-25_16-05-13,0.007201289292424917
2024-09-25_16-05-14,0.007182721048593521
2024-09-25_16-05-15,0.007220621220767498
2024-09-25_16-05-16,0.00699275778606534
2024-09-25_16-05-16,0.0073682996444404125
2024-09-25_16-05-17,0.0073682996444404125
2024-09-25_16-05-18,0.007365962024778128
2024-09-25_16-05-19,0.007275495678186417
2024-09-25_16-05-20,0.007033338770270348
2024-09-25_16-05-20,0.007176593411713839
2024-09-25_16-05-21,0.0073572928085923195
2024-09-25_16-05-22,0.0073572928085923195
2024-09-25_16-05-23,0.007327078375965357
2024-09-25_16-05-24,0.007227000314742327
2024-09-25_16-05-24,0.007216037251055241
2024-09-25_16-05-25,0.00725247897207737
2024-09-25_16-05-26,0.00725247897207737
2024-09-25_16-05-27,0.007217748090624809
2024-09-25_16-05-28,0.007053165230900049
2024-09-25_16-05-29,0.007087361067533493
2024-09-25_16-05-29,0.007273164112120867
2024-09-25_16-05-30,0.007273164112120867
2024-09-25_16-05-31,0.007285151164978743
2024-09-25_16-05-32,0.007238807622343302
2024-09-25_16-05-33,0.007317180745303631
2024-09-25_16-05-33,0.007255431264638901
2024-09-25_16-05-34,0.007265933323651552
2024-09-25_16-05-35,0.007265933323651552
2024-09-25_16-05-36,0.0072715687565505505
2024-09-25_16-05-37,0.007285555824637413
2024-09-25_16-05-37,0.007233883254230022
2024-09-25_16-05-38,0.007288951892405748
2024-09-25_16-05-39,0.007288951892405748
2024-09-25_16-05-40,0.007305503357201815
2024-09-25_16-05-41,0.007200332824140787
2024-09-25_16-05-42,0.007295675575733185
2024-09-25_16-05-42,0.007109467871487141
2024-09-25_16-05-43,0.007109467871487141
2024-09-25_16-05-44,0.007430446799844503
2024-09-25_16-05-45,0.007176893297582865
2024-09-25_16-05-46,0.00717362854629755
2024-09-25_16-05-46,0.007271144539117813
2024-09-25_16-05-47,0.0072424812242388725
2024-09-25_16-05-48,0.0072424812242388725
2024-09-25_16-05-49,0.00723329046741128
2024-09-25_16-05-50,0.0073788780719041824
2024-09-25_16-05-50,0.007258079946041107
2024-09-25_16-05-51,0.007190430536866188
2024-09-25_16-05-52,0.007190430536866188
2024-09-25_16-05-53,0.0072542899288237095
2024-09-25_16-05-54,0.007208648137748241
2024-09-25_16-05-55,0.007390669081360102
2024-09-25_16-05-55,0.006630538031458855
2024-09-25_16-05-56,0.006630538031458855
2024-09-25_16-05-57,0.006546546705067158
2024-09-25_16-05-58,0.006495801266282797
2024-09-25_16-05-59,0.007187909446656704
2024-09-25_16-05-59,0.0071967290714383125
2024-09-25_16-06-0,0.0071854181587696075
2024-09-25_16-06-1,0.0071854181587696075
2024-09-25_16-06-2,0.007363473065197468
2024-09-25_16-06-3,0.007288496010005474
2024-09-25_16-06-3,0.00731595978140831
2024-09-25_16-06-4,0.007051720283925533
2024-09-25_16-06-5,0.007051720283925533
2024-09-25_16-06-6,0.007029931992292404
2024-09-25_16-06-7,0.007218400947749615
2024-09-25_16-06-8,0.007305720821022987
2024-09-25_16-06-8,0.007233958225697279
2024-09-25_16-06-9,0.007401150185614824
2024-09-25_16-06-10,0.007401150185614824
2024-09-25_16-06-11,0.007324350066483021
2024-09-25_16-06-12,0.007322364952415228
2024-09-25_16-06-12,0.007399831432849169
2024-09-25_16-06-13,0.00731284637004137
2024-09-25_16-06-14,0.00731284637004137
2024-09-25_16-06-15,0.007313285954296589
2024-09-25_16-06-16,0.007456896360963583
2024-09-25_16-06-16,0.006992598995566368
2024-09-25_16-06-17,0.007087389938533306
2024-09-25_16-06-18,0.007087389938533306
2024-09-25_16-06-19,0.007332328706979752
2024-09-25_16-06-20,0.007006186991930008
2024-09-25_16-06-21,0.006600276101380587
2024-09-25_16-06-21,0.006666325964033604
2024-09-25_16-06-22,0.007216318976134062
2024-09-25_16-06-23,0.007216318976134062
2024-09-25_16-06-24,0.0073683615773916245
2024-09-25_16-06-25,0.007200206629931927
2024-09-25_16-06-25,0.007145724259316921
2024-09-25_16-06-26,0.007258695550262928
2024-09-25_16-06-27,0.007258695550262928
2024-09-25_16-06-28,0.007115090265870094
2024-09-25_16-06-29,0.007203657645732164
2024-09-25_16-06-29,0.007161304820328951
2024-09-25_16-06-30,0.0071128723211586475
2024-09-25_16-06-31,0.0071128723211586475
2024-09-25_16-06-32,0.007199494633823633
2024-09-25_16-06-33,0.0072970520704984665
2024-09-25_16-06-34,0.007226243615150452
2024-09-25_16-06-34,0.007192796561866999
2024-09-25_16-06-35,0.007311074063181877
2024-09-25_16-06-36,0.007311074063181877
2024-09-25_16-06-37,0.0072578140534460545
2024-09-25_16-06-38,0.007036907598376274
2024-09-25_16-06-38,0.007050462998449802
2024-09-25_16-06-39,0.007184844464063644
2024-09-25_16-06-40,0.007184844464063644
2024-09-25_16-06-41,0.0071187629364430904
2024-09-25_16-06-42,0.007166717667132616
2024-09-25_16-06-42,0.007243474945425987
2024-09-25_16-06-43,0.007416166365146637
2024-09-25_16-06-44,0.007416166365146637
2024-09-25_16-06-45,0.007243791129440069
2024-09-25_16-06-46,0.007197587750852108
2024-09-25_16-06-47,0.007205000147223473
2024-09-25_16-06-47,0.0072252475656569
2024-09-25_16-06-48,0.0072252475656569
2024-09-25_16-06-49,0.007257468998432159
2024-09-25_16-06-50,0.0073905517347157
2024-09-25_16-06-51,0.00711546977981925
2024-09-25_16-06-51,0.007025226019322872
2024-09-25_16-06-52,0.007035531103610992
2024-09-25_16-06-53,0.007035531103610992
2024-09-25_16-06-54,0.006918576546013355
2024-09-25_16-06-55,0.0070802681148052216
2024-09-25_16-06-55,0.007070247083902359
2024-09-25_16-06-56,0.007252379786223173
2024-09-25_16-06-57,0.007252379786223173
2024-09-25_16-06-58,0.007283257786184549
2024-09-25_16-06-59,0.007154880091547966
2024-09-25_16-06-59,0.007131456397473812
2024-09-25_16-07-0,0.007024155464023352
2024-09-25_16-07-1,0.007024155464023352
2024-09-25_16-07-2,0.007123306859284639
2024-09-25_16-07-3,0.0071978080086410046
2024-09-25_16-07-4,0.007238404825329781
2024-09-25_16-07-4,0.00728725316002965
2024-09-25_16-07-5,0.007242423482239246
2024-09-25_16-07-6,0.007242423482239246
2024-09-25_16-07-7,0.006646911613643169
2024-09-25_16-07-8,0.006685232277959585
2024-09-25_16-07-8,0.0072694625705480576
2024-09-25_16-07-9,0.007231808267533779
2024-09-25_16-07-10,0.007231808267533779
2024-09-25_16-07-11,0.007198930252343416
2024-09-25_16-07-12,0.007297673728317022
2024-09-25_16-07-12,0.007245013490319252
2024-09-25_16-07-13,0.007246298249810934
2024-09-25_16-07-14,0.007246298249810934
2024-09-25_16-07-15,0.0073208496905863285
2024-09-25_16-07-16,0.0072855520993471146
2024-09-25_16-07-17,0.007395109627395868
2024-09-25_16-07-17,0.007257440127432346
2024-09-25_16-07-18,0.007250444032251835
2024-09-25_16-07-19,0.007250444032251835
2024-09-25_16-07-20,0.00698020588606596
2024-09-25_16-07-21,0.006777102127671242
2024-09-25_16-07-21,0.006825953722000122
2024-09-25_16-07-22,0.007048651576042175
2024-09-25_16-07-23,0.007048651576042175
2024-09-25_16-07-24,0.007146498188376427
2024-09-25_16-07-25,0.0067864153534173965
2024-09-25_16-07-26,0.006734327878803015
2024-09-25_16-07-26,0.006833591032773256
2024-09-25_16-07-27,0.006833591032773256
2024-09-25_16-07-28,0.006414668634533882
2024-09-25_16-07-29,0.006844822317361832
2024-09-25_16-07-30,0.0072011565789580345
2024-09-25_16-07-30,0.007215407211333513
2024-09-25_16-07-31,0.007439353968948126
2024-09-25_16-07-32,0.007439353968948126
2024-09-25_16-07-33,0.007366450969129801
2024-09-25_16-07-34,0.0074797868728637695
2024-09-25_16-07-34,0.00738124456256628
2024-09-25_16-07-35,0.007454021833837032
2024-09-25_16-07-36,0.007454021833837032
2024-09-25_16-07-37,0.007408692501485348
2024-09-25_16-07-38,0.007455602753907442
2024-09-25_16-07-38,0.00756017304956913
2024-09-25_16-07-39,0.007056681904941797
2024-09-25_16-07-40,0.007056681904941797
2024-09-25_16-07-41,0.007214744109660387
2024-09-25_16-07-42,0.007325304672122002
2024-09-25_16-07-43,0.00729814637452364
2024-09-25_16-07-43,0.00747058866545558
2024-09-25_16-07-44,0.00747058866545558
2024-09-25_16-07-45,0.007270837668329477
2024-09-25_16-07-46,0.007288836408406496
2024-09-25_16-07-47,0.007416282780468464
2024-09-25_16-07-47,0.0075240288861095905
2024-09-25_16-07-48,0.007400465197861195
2024-09-25_16-07-49,0.007400465197861195
2024-09-25_16-07-50,0.007169999647885561
2024-09-25_16-07-51,0.007208034861832857
2024-09-25_16-07-51,0.007333601359277964
2024-09-25_16-07-52,0.007258437108248472
2024-09-25_16-07-53,0.007258437108248472
2024-09-25_16-07-54,0.007316554896533489
2024-09-25_16-07-55,0.007315477821975946
2024-09-25_16-07-56,0.007404889911413193
2024-09-25_16-07-56,0.007001704536378384
2024-09-25_16-07-57,0.007001704536378384
2024-09-25_16-07-58,0.007131489459425211
2024-09-25_16-07-59,0.007260940037667751
2024-09-25_16-08-0,0.007226463872939348
2024-09-25_16-08-0,0.007480857893824577
2024-09-25_16-08-1,0.007434880826622248
2024-09-25_16-08-2,0.007434880826622248
2024-09-25_16-08-3,0.007252078969031572
2024-09-25_16-08-4,0.007228403352200985
2024-09-25_16-08-4,0.0073679788038134575
2024-09-25_16-08-5,0.006944188382476568
2024-09-25_16-08-6,0.006944188382476568
2024-09-25_16-08-7,0.006557823158800602
2024-09-25_16-08-8,0.007041687145829201
2024-09-25_16-08-9,0.007049877662211657
2024-09-25_16-08-9,0.007070573978126049
2024-09-25_16-08-10,0.007070573978126049
2024-09-25_16-08-11,0.007298047188669443
2024-09-25_16-08-12,0.007360563613474369
2024-09-25_16-08-13,0.007378770038485527
2024-09-25_16-08-13,0.007256288547068834
2024-09-25_16-08-14,0.007256288547068834
2024-09-25_16-08-15,0.0071849096566438675
2024-09-25_16-08-16,0.007386521436274052
2024-09-25_16-08-17,0.007305992767214775
2024-09-25_16-08-17,0.007176336366683245
2024-09-25_16-08-18,0.007163498550653458
2024-09-25_16-08-19,0.007163498550653458
2024-09-25_16-08-20,0.007183825131505728
2024-09-25_16-08-21,0.007069767918437719
2024-09-25_16-08-22,0.0070279864594340324
2024-09-25_16-08-22,0.007230829913169146
2024-09-25_16-08-23,0.007230829913169146
2024-09-25_16-08-24,0.0070717004127800465
2024-09-25_16-08-25,0.007214849814772606
2024-09-25_16-08-26,0.006951278541237116
2024-09-25_16-08-26,0.0072219218127429485
2024-09-25_16-08-27,0.007114075124263763
2024-09-25_16-08-28,0.007114075124263763
2024-09-25_16-08-29,0.00717099430039525
2024-09-25_16-08-30,0.007136226166039705
2024-09-25_16-08-30,0.007129984442144632
2024-09-25_16-08-31,0.007139616180211306
2024-09-25_16-08-32,0.007139616180211306
2024-09-25_16-08-33,0.007365346886217594
2024-09-25_16-08-34,0.007280830293893814
2024-09-25_16-08-35,0.007166373543441296
2024-09-25_16-08-35,0.007218377664685249
2024-09-25_16-08-36,0.007218377664685249
2024-09-25_16-08-37,0.00718314852565527
2024-09-25_16-08-38,0.00712418369948864
2024-09-25_16-08-39,0.007087342441082001
2024-09-25_16-08-39,0.007194909267127514
2024-09-25_16-08-40,0.007201737258583307
2024-09-25_16-08-41,0.007201737258583307
2024-09-25_16-08-42,0.007234068121761084
2024-09-25_16-08-43,0.007196116726845503
2024-09-25_16-08-44,0.007012713700532913
2024-09-25_16-08-44,0.006779213901609182
2024-09-25_16-08-45,0.006779213901609182
2024-09-25_16-08-46,0.0072648231871426105
2024-09-25_16-08-47,0.006984691135585308
2024-09-25_16-08-48,0.0071745337918400764
2024-09-25_16-08-48,0.00718860374763608
2024-09-25_16-08-49,0.00718860374763608
2024-09-25_16-08-50,0.007465863600373268
2024-09-25_16-08-51,0.007375714834779501
2024-09-25_16-08-52,0.007315992843359709
2024-09-25_16-08-52,0.00725585175678134
2024-09-25_16-08-53,0.007085252553224564
2024-09-25_16-08-54,0.007085252553224564
2024-09-25_16-08-55,0.007195394020527601
2024-09-25_16-08-56,0.007221566047519445
2024-09-25_16-08-57,0.00720898387953639
2024-09-25_16-08-57,0.007439370267093182
2024-09-25_16-08-58,0.007439370267093182
2024-09-25_16-08-59,0.007421500980854034
2024-09-25_16-09-0,0.0074537512846291065
2024-09-25_16-09-1,0.007334607653319836
2024-09-25_16-09-1,0.0071570007130503654
2024-09-25_16-09-2,0.0071570007130503654
2024-09-25_16-09-3,0.00725189596414566
2024-09-25_16-09-4,0.007189459167420864
2024-09-25_16-09-5,0.007282604929059744
2024-09-25_16-09-5,0.00720230583101511
2024-09-25_16-09-6,0.007289772387593985
2024-09-25_16-09-7,0.007289772387593985
2024-09-25_16-09-8,0.007298329379409552
2024-09-25_16-09-9,0.0067859976552426815
2024-09-25_16-09-10,0.0069595142267644405
2024-09-25_16-09-10,0.007266624365001917
2024-09-25_16-09-11,0.007266624365001917
2024-09-25_16-09-12,0.007242587395012379
2024-09-25_16-09-13,0.007315680850297213
2024-09-25_16-09-14,0.007155168801546097
2024-09-25_16-09-14,0.0071222069673240185
2024-09-25_16-09-15,0.0071222069673240185
2024-09-25_16-09-16,0.007322225254029036
2024-09-25_16-09-17,0.007289310451596975
2024-09-25_16-09-18,0.007347284350544214
2024-09-25_16-09-18,0.007095823995769024
2024-09-25_16-09-19,0.007294694427400827
2024-09-25_16-09-20,0.007294694427400827
2024-09-25_16-09-21,0.007136389147490263
2024-09-25_16-09-22,0.006982080638408661
2024-09-25_16-09-23,0.006843044422566891
2024-09-25_16-09-23,0.007244555279612541
2024-09-25_16-09-24,0.007244555279612541
2024-09-25_16-09-25,0.007203106768429279
2024-09-25_16-09-26,0.0072680204175412655
2024-09-25_16-09-27,0.007210151758044958
2024-09-25_16-09-27,0.0072089312598109245
2024-09-25_16-09-28,0.0072089312598109245
2024-09-25_16-09-29,0.007305900566279888
2024-09-25_16-09-30,0.0073030488565564156
2024-09-25_16-09-31,0.007232935167849064
2024-09-25_16-09-31,0.007116548251360655
2024-09-25_16-09-32,0.007304355036467314
2024-09-25_16-09-33,0.007304355036467314
2024-09-25_16-09-34,0.0073573705740273
2024-09-25_16-09-35,0.007196956314146519
2024-09-25_16-09-36,0.006857896689325571
2024-09-25_16-09-36,0.006288783624768257
2024-09-25_16-09-37,0.006288783624768257
2024-09-25_16-09-38,0.006083815824240446
2024-09-25_16-09-39,0.0068978555500507355
2024-09-25_16-09-40,0.007102592382580042
2024-09-25_16-09-40,0.007165134884417057
2024-09-25_16-09-41,0.007165134884417057
2024-09-25_16-09-42,0.007161447312682867
2024-09-25_16-09-43,0.007073144894093275
2024-09-25_16-09-44,0.007144594099372625
2024-09-25_16-09-44,0.006990683265030384
2024-09-25_16-09-45,0.0072103398852050304
2024-09-25_16-09-46,0.0072103398852050304
2024-09-25_16-09-47,0.007177438586950302
2024-09-25_16-09-48,0.007356178946793079
2024-09-25_16-09-49,0.007178047671914101
2024-09-25_16-09-49,0.007339884992688894
2024-09-25_16-09-50,0.007339884992688894
2024-09-25_16-09-51,0.007278095930814743
2024-09-25_16-09-52,0.007267174776643515
2024-09-25_16-09-53,0.007121117785573006
2024-09-25_16-09-53,0.007230604998767376
2024-09-25_16-09-54,0.007230604998767376
2024-09-25_16-09-55,0.007330516818910837
2024-09-25_16-09-56,0.007127506658434868
2024-09-25_16-09-57,0.007084892597049475
2024-09-25_16-09-57,0.007132678292691708
2024-09-25_16-09-58,0.0071514565497636795
2024-09-25_16-09-59,0.0071514565497636795
2024-09-25_16-10-0,0.007113214116543531
2024-09-25_16-10-1,0.006892680656164885
2024-09-25_16-10-2,0.007074255961924791
2024-09-25_16-10-2,0.0072690825909376144
2024-09-25_16-10-3,0.0072690825909376144
2024-09-25_16-10-4,0.007351779378950596
2024-09-25_16-10-5,0.007329382002353668
2024-09-25_16-10-6,0.007147445343434811
2024-09-25_16-10-6,0.0072030434384942055
2024-09-25_16-10-7,0.0072030434384942055
2024-09-25_16-10-8,0.006702521815896034
2024-09-25_16-10-9,0.006906864233314991
2024-09-25_16-10-10,0.00701512536033988
2024-09-25_16-10-10,0.007220024708658457
2024-09-25_16-10-11,0.007491148076951504
2024-09-25_16-10-12,0.007491148076951504
2024-09-25_16-10-13,0.007414888124912977
2024-09-25_16-10-14,0.007439945358783007
2024-09-25_16-10-15,0.00730407889932394
2024-09-25_16-10-15,0.007256682030856609
2024-09-25_16-10-16,0.007256682030856609
2024-09-25_16-10-17,0.0074200923554599285
2024-09-25_16-10-18,0.007337483111768961
2024-09-25_16-10-19,0.0073912786319851875
2024-09-25_16-10-19,0.0071856072172522545
2024-09-25_16-10-20,0.0071856072172522545
2024-09-25_16-10-21,0.006965318229049444
2024-09-25_16-10-22,0.006759853567928076
2024-09-25_16-10-23,0.006783768534660339
2024-09-25_16-10-23,0.007078724913299084
2024-09-25_16-10-24,0.007155148312449455
2024-09-25_16-10-25,0.007155148312449455
2024-09-25_16-10-26,0.006735405884683132
2024-09-25_16-10-27,0.006330079864710569
2024-09-25_16-10-28,0.006079291924834251
2024-09-25_16-10-28,0.006072598975151777
2024-09-25_16-10-29,0.006072598975151777
2024-09-25_16-10-30,0.0059878285974264145
2024-09-25_16-10-31,0.005918047856539488
2024-09-25_16-10-32,0.005849819164723158
2024-09-25_16-10-32,0.005990843288600445
2024-09-25_16-10-33,0.005990843288600445
2024-09-25_16-10-34,0.0060533820651471615
2024-09-25_16-10-35,0.00595893943682313
2024-09-25_16-10-36,0.005907020997256041
2024-09-25_16-10-36,0.005935616325587034
2024-09-25_16-10-37,0.005899093579500914
2024-09-25_16-10-38,0.005899093579500914
2024-09-25_16-10-39,0.006017576437443495
2024-09-25_16-10-40,0.006154241040349007
2024-09-25_16-10-41,0.006266486831009388
2024-09-25_16-10-41,0.00648467568680644
2024-09-25_16-10-42,0.00648467568680644
2024-09-25_16-10-43,0.006961921229958534
2024-09-25_16-10-44,0.007234168238937855
2024-09-25_16-10-45,0.007176656741648912
2024-09-25_16-10-45,0.007220912259072065
2024-09-25_16-10-46,0.007220912259072065
2024-09-25_16-10-47,0.007126680109649897
2024-09-25_16-10-48,0.007316777482628822
2024-09-25_16-10-49,0.007255128584802151
2024-09-25_16-10-49,0.007163818459957838
2024-09-25_16-10-50,0.007163818459957838
2024-09-25_16-10-51,0.007249798160046339
2024-09-25_16-10-52,0.007184077054262161
2024-09-25_16-10-53,0.007129942066967487
2024-09-25_16-10-54,0.007268401328474283
2024-09-25_16-10-54,0.007302780169993639
2024-09-25_16-10-55,0.007302780169993639
2024-09-25_16-10-56,0.007333538495004177
2024-09-25_16-10-57,0.007262201048433781
2024-09-25_16-10-58,0.00720590353012085
2024-09-25_16-10-58,0.007321985438466072
2024-09-25_16-10-59,0.007321985438466072
2024-09-25_16-11-0,0.007338652387261391
2024-09-25_16-11-1,0.00722849415615201
2024-09-25_16-11-2,0.0071098217740654945
2024-09-25_16-11-2,0.007058462128043175
2024-09-25_16-11-3,0.007058462128043175
2024-09-25_16-11-4,0.007089565042406321
2024-09-25_16-11-5,0.007270578760653734
2024-09-25_16-11-6,0.00714908866211772
2024-09-25_16-11-7,0.007189977448433638
2024-09-25_16-11-7,0.007083111442625523
2024-09-25_16-11-8,0.007083111442625523
2024-09-25_16-11-9,0.00721893971785903
2024-09-25_16-11-10,0.007264093495905399
2024-09-25_16-11-11,0.006819806527346373
2024-09-25_16-11-11,0.007264083717018366
2024-09-25_16-11-12,0.007264083717018366
2024-09-25_16-11-13,0.007278096862137318
2024-09-25_16-11-14,0.0072883982211351395
2024-09-25_16-11-15,0.00714900204911828
2024-09-25_16-11-15,0.00705355079844594
2024-09-25_16-11-16,0.00705355079844594
2024-09-25_16-11-17,0.007275358773767948
2024-09-25_16-11-18,0.007299027871340513
2024-09-25_16-11-19,0.006276310421526432
2024-09-25_16-11-19,0.006468137260526419
2024-09-25_16-11-20,0.006654605269432068
2024-09-25_16-11-21,0.006654605269432068
2024-09-25_16-11-22,0.00654058950021863
2024-09-25_16-11-23,0.007086178287863731
2024-09-25_16-11-24,0.007135654333978891
2024-09-25_16-11-24,0.5577139854431152
2024-09-25_16-11-25,0.5577139854431152
2024-09-25_16-11-26,0.5071898102760315
2024-09-25_16-11-27,0.1052197590470314
2024-09-25_16-11-28,0.10016690194606781
2024-09-25_16-11-28,0.09932895749807358
2024-09-25_16-11-29,0.09932895749807358
2024-09-25_16-11-30,0.0992225706577301
2024-09-25_16-11-31,0.09940692782402039
2024-09-25_16-11-32,0.09935381263494492
2024-09-25_16-11-32,0.09914840012788773
2024-09-25_16-11-33,0.09911728650331497
2024-09-25_16-11-34,0.09911728650331497
2024-09-25_16-11-35,0.09915662556886673
2024-09-25_16-11-36,0.09898438304662704
2024-09-25_16-11-37,0.09923897683620453
2024-09-25_16-11-37,0.0992695763707161
2024-09-25_16-11-38,0.0992695763707161
2024-09-25_16-11-39,0.09929310530424118
2024-09-25_16-11-40,0.09914421290159225
2024-09-25_16-11-41,0.09925690293312073
2024-09-25_16-11-41,0.0991884171962738
2024-09-25_16-11-42,0.0991884171962738
2024-09-25_16-11-43,0.0991075411438942
2024-09-25_16-11-44,0.0992937758564949
2024-09-25_16-11-45,0.09932606667280197
2024-09-25_16-11-45,0.0994662344455719
2024-09-25_16-11-46,0.09947776049375534
2024-09-25_16-11-47,0.09947776049375534
2024-09-25_16-11-48,0.09935052692890167
2024-09-25_16-11-49,0.09932703524827957
2024-09-25_16-11-50,0.09942014515399933
2024-09-25_16-11-50,0.09936857968568802
2024-09-25_16-11-51,0.09936857968568802
2024-09-25_16-11-52,0.09903665632009506
2024-09-25_16-11-53,0.09892021864652634
2024-09-25_16-11-54,0.09887053072452545
2024-09-25_16-11-54,0.09915625303983688
2024-09-25_16-11-55,0.09915625303983688
2024-09-25_16-11-56,0.09913653880357742
2024-09-25_16-11-57,0.09921010583639145
2024-09-25_16-11-58,0.099604032933712
2024-09-25_16-11-58,0.09957019984722137
2024-09-25_16-11-59,0.09952379018068314
2024-09-25_16-12-0,0.09952379018068314
2024-09-25_16-12-1,0.09940002113580704
2024-09-25_16-12-2,0.09925427287817001
2024-09-25_16-12-3,0.09934309870004654
2024-09-25_16-12-3,0.09965258836746216
2024-09-25_16-12-4,0.09965258836746216
2024-09-25_16-12-5,0.09942324459552765
2024-09-25_16-12-6,0.09934251010417938
2024-09-25_16-12-7,0.09936637431383133
2024-09-25_16-12-7,0.09898266196250916
2024-09-25_16-12-8,0.09898266196250916
2024-09-25_16-12-9,0.09889065474271774
2024-09-25_16-12-10,0.09901673346757889
2024-09-25_16-12-11,0.09892293065786362
2024-09-25_16-12-11,0.09868305176496506
2024-09-25_16-12-12,0.09879995137453079
2024-09-25_16-12-13,0.09879995137453079
2024-09-25_16-12-14,0.09911113977432251
2024-09-25_16-12-15,0.09901781380176544
2024-09-25_16-12-16,0.09909125417470932
2024-09-25_16-12-16,0.0988846868276596
2024-09-25_16-12-17,0.0988846868276596
2024-09-25_16-12-18,0.09885469079017639
2024-09-25_16-12-19,0.09882302582263947
2024-09-25_16-12-20,0.09880886226892471
2024-09-25_16-12-20,0.0987134650349617
2024-09-25_16-12-21,0.0987134650349617
2024-09-25_16-12-22,0.09872186183929443
2024-09-25_16-12-23,0.09854911267757416
2024-09-25_16-12-24,0.09841560572385788
2024-09-25_16-12-24,0.09839695692062378
2024-09-25_16-12-25,0.0982118472456932
2024-09-25_16-12-26,0.0982118472456932
2024-09-25_16-12-27,0.0982540026307106
2024-09-25_16-12-28,0.09826978296041489
2024-09-25_16-12-29,0.09799066185951233
2024-09-25_16-12-29,0.09817972034215927
2024-09-25_16-12-30,0.09817972034215927
2024-09-25_16-12-31,0.0980503186583519
2024-09-25_16-12-32,0.0976341962814331
2024-09-25_16-12-33,0.09771860390901566
2024-09-25_16-12-33,0.09779778122901917
2024-09-25_16-12-34,0.09779778122901917
2024-09-25_16-12-35,0.09774430841207504
2024-09-25_16-12-36,0.09773730486631393
2024-09-25_16-12-37,0.09764670580625534
2024-09-25_16-12-37,0.09766760468482971
2024-09-25_16-12-38,0.09759031981229782
2024-09-25_16-12-39,0.09759031981229782
2024-09-25_16-12-40,0.09754305332899094
2024-09-25_16-12-41,0.09732552617788315
2024-09-25_16-12-42,0.09729406237602234
2024-09-25_16-12-42,0.09743130207061768
2024-09-25_16-12-43,0.09743130207061768
2024-09-25_16-12-44,0.09726278483867645
2024-09-25_16-12-45,0.09737621992826462
2024-09-25_16-12-46,0.09725145995616913
2024-09-25_16-12-46,0.09729942679405212
2024-09-25_16-12-47,0.09729942679405212
2024-09-25_16-12-48,0.09732633084058762
2024-09-25_16-12-49,0.09719032794237137
2024-09-25_16-12-50,0.09711343795061111
2024-09-25_16-12-50,0.09695044159889221
2024-09-25_16-12-51,0.09718272089958191
2024-09-25_16-12-52,0.09718272089958191
2024-09-25_16-12-53,0.09695827215909958
2024-09-25_16-12-54,0.09700890630483627
2024-09-25_16-12-55,0.09693332016468048
2024-09-25_16-12-55,0.0969185084104538
2024-09-25_16-12-56,0.0969185084104538
2024-09-25_16-12-57,0.09691519290208817
2024-09-25_16-12-58,0.0969143733382225
2024-09-25_16-12-59,0.09680544584989548
2024-09-25_16-12-59,0.09685726463794708
2024-09-25_16-13-0,0.09685726463794708
2024-09-25_16-13-1,0.09675008058547974
2024-09-25_16-13-2,0.09684200584888458
2024-09-25_16-13-3,0.0967509001493454
2024-09-25_16-13-3,0.09687890857458115
2024-09-25_16-13-4,0.09672346711158752
2024-09-25_16-13-5,0.09672346711158752
2024-09-25_16-13-6,0.09670190513134003
2024-09-25_16-13-7,0.09659901261329651
2024-09-25_16-13-8,0.09649384021759033
2024-09-25_16-13-8,0.09626095741987228
2024-09-25_16-13-9,0.09626095741987228
2024-09-25_16-13-10,0.096247099339962
2024-09-25_16-13-11,0.09630775451660156
2024-09-25_16-13-12,0.09640980511903763
2024-09-25_16-13-12,0.09628605842590332
2024-09-25_16-13-13,0.09628605842590332
2024-09-25_16-13-14,0.09623070806264877
2024-09-25_16-13-15,0.09637080878019333
2024-09-25_16-13-16,0.0962233692407608
2024-09-25_16-13-16,0.09625169634819031
2024-09-25_16-13-17,0.09614962339401245
2024-09-25_16-13-18,0.09614962339401245
2024-09-25_16-13-19,0.09611273556947708
2024-09-25_16-13-20,0.09609759598970413
2024-09-25_16-13-21,0.09619736671447754
2024-09-25_16-13-21,0.09611059725284576
2024-09-25_16-13-22,0.09611059725284576
2024-09-25_16-13-23,0.09618079662322998
2024-09-25_16-13-24,0.09613998979330063
2024-09-25_16-13-25,0.0960429385304451
2024-09-25_16-13-25,0.09614503383636475
2024-09-25_16-13-26,0.09614503383636475
2024-09-25_16-13-27,0.09612257033586502
2024-09-25_16-13-28,0.09604613482952118
2024-09-25_16-13-29,0.09600222110748291
2024-09-25_16-13-29,0.09603527933359146
2024-09-25_16-13-30,0.09598955512046814
2024-09-25_16-13-31,0.09598955512046814
2024-09-25_16-13-32,0.09587785601615906
2024-09-25_16-13-33,0.09598729014396667
2024-09-25_16-13-34,0.0960187092423439
2024-09-25_16-13-34,0.09591484814882278
2024-09-25_16-13-35,0.09591484814882278
2024-09-25_16-13-36,0.09593208879232407
2024-09-25_16-13-37,0.09591957181692123
2024-09-25_16-13-38,0.09585338085889816
2024-09-25_16-13-38,0.09567192196846008
2024-09-25_16-13-39,0.09567192196846008
2024-09-25_16-13-40,0.09563310444355011
2024-09-25_16-13-41,0.09570926427841187
2024-09-25_16-13-42,0.09580978751182556
2024-09-25_16-13-43,0.09558431804180145
2024-09-25_16-13-43,0.09571624547243118
2024-09-25_16-13-44,0.09571624547243118
2024-09-25_16-13-45,0.09559320658445358
2024-09-25_16-13-46,0.09559039771556854
2024-09-25_16-13-47,0.09567208588123322
2024-09-25_16-13-47,0.09544391930103302
2024-09-25_16-13-48,0.09544391930103302
2024-09-25_16-13-49,0.09540906548500061
2024-09-25_16-13-50,0.09568939357995987
2024-09-25_16-13-51,0.09558568894863129
2024-09-25_16-13-51,0.09546349942684174
2024-09-25_16-13-52,0.09546349942684174
2024-09-25_16-13-53,0.09554312378168106
2024-09-25_16-13-54,0.09545736759901047
2024-09-25_16-13-55,0.09561675041913986
2024-09-25_16-13-56,0.0955013558268547
2024-09-25_16-13-56,0.09545473009347916
2024-09-25_16-13-57,0.09545473009347916
2024-09-25_16-13-58,0.09552724659442902
2024-09-25_16-13-59,0.09542003273963928
2024-09-25_16-14-0,0.09548533707857132
2024-09-25_16-14-0,0.09560101479291916
2024-09-25_16-14-1,0.09560101479291916
2024-09-25_16-14-2,0.09547226876020432
2024-09-25_16-14-3,0.09546633809804916
2024-09-25_16-14-4,0.09536925703287125
2024-09-25_16-14-4,0.09542456269264221
2024-09-25_16-14-5,0.09542456269264221
2024-09-25_16-14-6,0.095400869846344
2024-09-25_16-14-7,0.09553192555904388
2024-09-25_16-14-8,0.09540990740060806
2024-09-25_16-14-8,0.09520808607339859
2024-09-25_16-14-9,0.09489049017429352
2024-09-25_16-14-10,0.09489049017429352
2024-09-25_16-14-11,0.09489347785711288
2024-09-25_16-14-12,0.0948595330119133
2024-09-25_16-14-13,0.0950978547334671
2024-09-25_16-14-13,0.0950360968708992
2024-09-25_16-14-14,0.0950360968708992
2024-09-25_16-14-15,0.09513290226459503
2024-09-25_16-14-16,0.09520431607961655
2024-09-25_16-14-17,0.09516490250825882
2024-09-25_16-14-17,0.09522171318531036
2024-09-25_16-14-18,0.09522171318531036
2024-09-25_16-14-19,0.09519676864147186
2024-09-25_16-14-20,0.09509850293397903
2024-09-25_16-14-21,0.09503740817308426
2024-09-25_16-14-21,0.0952364057302475
2024-09-25_16-14-22,0.09505469352006912
2024-09-25_16-14-23,0.09505469352006912
2024-09-25_16-14-24,0.09518586844205856
2024-09-25_16-14-25,0.09514757245779037
2024-09-25_16-14-26,0.09503595530986786
2024-09-25_16-14-26,0.09504778683185577
2024-09-25_16-14-27,0.09504778683185577
2024-09-25_16-14-28,0.09507660567760468
2024-09-25_16-14-29,0.0949125587940216
2024-09-25_16-14-30,0.09492688626050949
2024-09-25_16-14-30,0.09499145299196243
2024-09-25_16-14-31,0.09499145299196243
2024-09-25_16-14-32,0.09494379907846451
2024-09-25_16-14-33,0.09505082666873932
2024-09-25_16-14-34,0.09508658945560455
2024-09-25_16-14-34,0.09505218267440796
2024-09-25_16-14-35,0.0949244275689125
2024-09-25_16-14-36,0.0949244275689125
2024-09-25_16-14-37,0.09480325877666473
2024-09-25_16-14-38,0.09473709017038345
2024-09-25_16-14-39,0.09477975219488144
2024-09-25_16-14-39,0.0949595719575882
2024-09-25_16-14-40,0.0949595719575882
2024-09-25_16-14-41,0.09477418661117554
2024-09-25_16-14-42,0.09486537426710129
2024-09-25_16-14-43,0.09458599984645844
2024-09-25_16-14-43,0.09469716250896454
2024-09-25_16-14-44,0.09469716250896454
2024-09-25_16-14-45,0.09489855915307999
2024-09-25_16-14-46,0.09474360197782516
2024-09-25_16-14-47,0.09453794360160828
2024-09-25_16-14-47,0.09489255398511887
2024-09-25_16-14-48,0.09503484517335892
2024-09-25_16-14-49,0.09503484517335892
2024-09-25_16-14-50,0.09481823444366455
2024-09-25_16-14-51,0.09490501880645752
2024-09-25_16-14-52,0.09448719024658203
2024-09-25_16-14-52,0.09476505219936371
2024-09-25_16-14-53,0.09476505219936371
2024-09-25_16-14-54,0.0948176458477974
2024-09-25_16-14-55,0.09475913643836975
2024-09-25_16-14-56,0.09458283334970474
2024-09-25_16-14-56,0.0945340171456337
2024-09-25_16-14-57,0.0945340171456337
2024-09-25_16-14-58,0.09451472014188766
2024-09-25_16-14-59,0.09465892612934113
2024-09-25_16-15-0,0.09471139311790466
2024-09-25_16-15-0,0.09467197954654694
2024-09-25_16-15-1,0.09459716081619263
2024-09-25_16-15-2,0.09459716081619263
2024-09-25_16-15-3,0.09451377391815186
2024-09-25_16-15-4,0.09444538503885269
2024-09-25_16-15-5,0.09456489235162735
2024-09-25_16-15-5,0.09449131786823273
2024-09-25_16-15-6,0.09449131786823273
2024-09-25_16-15-7,0.09440324455499649
2024-09-25_16-15-8,0.0945238322019577
2024-09-25_16-15-9,0.09449030458927155
2024-09-25_16-15-9,0.09449712932109833
2024-09-25_16-15-10,0.09449712932109833
2024-09-25_16-15-11,0.09450828284025192
2024-09-25_16-15-12,0.09439472109079361
2024-09-25_16-15-13,0.09439174085855484
2024-09-25_16-15-13,0.0943589136004448
2024-09-25_16-15-14,0.0943589136004448
2024-09-25_16-15-15,0.09424788504838943
2024-09-25_16-15-16,0.09429003298282623
2024-09-25_16-15-17,0.09436440467834473
2024-09-25_16-15-17,0.09432205557823181
2024-09-25_16-15-18,0.09433045238256454
2024-09-25_16-15-19,0.09433045238256454
2024-09-25_16-15-20,0.09440269321203232
2024-09-25_16-15-21,0.09442546218633652
2024-09-25_16-15-22,0.09440986812114716
2024-09-25_16-15-22,0.09435015916824341
2024-09-25_16-15-23,0.09435015916824341
2024-09-25_16-15-24,0.09439699351787567
2024-09-25_16-15-25,0.09422227740287781
2024-09-25_16-15-26,0.09443020820617676
2024-09-25_16-15-26,0.09435977041721344
2024-09-25_16-15-27,0.09435977041721344
2024-09-25_16-15-28,0.09445476531982422
2024-09-25_16-15-29,0.0944005697965622
2024-09-25_16-15-30,0.09445533156394958
2024-09-25_16-15-30,0.09440091252326965
2024-09-25_16-15-31,0.09424936026334763
2024-09-25_16-15-32,0.09424936026334763
2024-09-25_16-15-33,0.0941094234585762
2024-09-25_16-15-34,0.09430486708879471
2024-09-25_16-15-35,0.09431847929954529
2024-09-25_16-15-35,0.09401790797710419
2024-09-25_16-15-36,0.09401790797710419
2024-09-25_16-15-37,0.09408100694417953
2024-09-25_16-15-38,0.09435778111219406
2024-09-25_16-15-39,0.09424115717411041
2024-09-25_16-15-39,0.09430883824825287
2024-09-25_16-15-40,0.09430883824825287
2024-09-25_16-15-41,0.0943373441696167
2024-09-25_16-15-42,0.09419262409210205
2024-09-25_16-15-43,0.09429136663675308
2024-09-25_16-15-43,0.09402263164520264
2024-09-25_16-15-44,0.09402263164520264
2024-09-25_16-15-45,0.09415636211633682
2024-09-25_16-15-46,0.09415607899427414
2024-09-25_16-15-47,0.09431514889001846
2024-09-25_16-15-47,0.09419453144073486
2024-09-25_16-15-48,0.09418182820081711
2024-09-25_16-15-49,0.09418182820081711
2024-09-25_16-15-50,0.09428651630878448
2024-09-25_16-15-51,0.09425830096006393
2024-09-25_16-15-52,0.09407537430524826
2024-09-25_16-15-52,0.0941247045993805
2024-09-25_16-15-53,0.0941247045993805
2024-09-25_16-15-54,0.09412144124507904
2024-09-25_16-15-55,0.09406523406505585
2024-09-25_16-15-56,0.09415291249752045
2024-09-25_16-15-56,0.09404852986335754
2024-09-25_16-15-57,0.09404852986335754
2024-09-25_16-15-58,0.09405215084552765
2024-09-25_16-15-59,0.09397590905427933
2024-09-25_16-16-0,0.09399420768022537
2024-09-25_16-16-0,0.09407579898834229
2024-09-25_16-16-1,0.09426230192184448
2024-09-25_16-16-2,0.09426230192184448
2024-09-25_16-16-3,0.09408216178417206
2024-09-25_16-16-4,0.09403343498706818
2024-09-25_16-16-5,0.09383705258369446
2024-09-25_16-16-5,0.09390050917863846
2024-09-25_16-16-6,0.09390050917863846
2024-09-25_16-16-7,0.09388715773820877
2024-09-25_16-16-8,0.09395784884691238
2024-09-25_16-16-9,0.0939173623919487
2024-09-25_16-16-9,0.09386234730482101
2024-09-25_16-16-10,0.09386234730482101
2024-09-25_16-16-11,0.09385939687490463
2024-09-25_16-16-12,0.09390044212341309
2024-09-25_16-16-13,0.09395518153905869
2024-09-25_16-16-13,0.09378741681575775
2024-09-25_16-16-14,0.09397615492343903
2024-09-25_16-16-15,0.09397615492343903
2024-09-25_16-16-16,0.09404773265123367
2024-09-25_16-16-17,0.09387776255607605
2024-09-25_16-16-18,0.09395047277212143
2024-09-25_16-16-18,0.09385688602924347
2024-09-25_16-16-19,0.09385688602924347
2024-09-25_16-16-20,0.09388745576143265
2024-09-25_16-16-21,0.09392816573381424
2024-09-25_16-16-22,0.09395553916692734
2024-09-25_16-16-22,0.09377267956733704
2024-09-25_16-16-23,0.09377267956733704
2024-09-25_16-16-24,0.09347019344568253
2024-09-25_16-16-25,0.09378257393836975
2024-09-25_16-16-26,0.09375828504562378
2024-09-25_16-16-26,0.09357300400733948
2024-09-25_16-16-27,0.09351100027561188
2024-09-25_16-16-28,0.09351100027561188
2024-09-25_16-16-29,0.09358389675617218
2024-09-25_16-16-30,0.0937204584479332
2024-09-25_16-16-31,0.09384798258543015
2024-09-25_16-16-31,0.09358181059360504
2024-09-25_16-16-32,0.09358181059360504
2024-09-25_16-16-33,0.09372256696224213
2024-09-25_16-16-34,0.09380897879600525
2024-09-25_16-16-35,0.09381391108036041
2024-09-25_16-16-35,0.09375939518213272
2024-09-25_16-16-36,0.09375939518213272
2024-09-25_16-16-37,0.09375021606683731
2024-09-25_16-16-38,0.09382105618715286
2024-09-25_16-16-39,0.09379587322473526
2024-09-25_16-16-39,0.0935351550579071
2024-09-25_16-16-40,0.09365198761224747
2024-09-25_16-16-41,0.09365198761224747
2024-09-25_16-16-42,0.09391458332538605
2024-09-25_16-16-43,0.09384904056787491
2024-09-25_16-16-44,0.09370959550142288
2024-09-25_16-16-44,0.09368941932916641
2024-09-25_16-16-45,0.09368941932916641
2024-09-25_16-16-46,0.0936245322227478
2024-09-25_16-16-47,0.0936361774802208
2024-09-25_16-16-48,0.09363950788974762
2024-09-25_16-16-48,0.09367997199296951
2024-09-25_16-16-49,0.09367997199296951
2024-09-25_16-16-50,0.09344560652971268
2024-09-25_16-16-51,0.09356477111577988
2024-09-25_16-16-52,0.09367571026086807
2024-09-25_16-16-52,0.09378354996442795
2024-09-25_16-16-53,0.09376313537359238
2024-09-25_16-16-54,0.09376313537359238
2024-09-25_16-16-55,0.09356927126646042
2024-09-25_16-16-56,0.09331446886062622
2024-09-25_16-16-56,0.09367013722658157
2024-09-25_16-16-57,0.09360158443450928
2024-09-25_16-16-58,0.09360158443450928
2024-09-25_16-16-59,0.09352672100067139
2024-09-25_16-17-0,0.0935148149728775
2024-09-25_16-17-1,0.09360938519239426
2024-09-25_16-17-1,0.09368560463190079
2024-09-25_16-17-2,0.09368560463190079
2024-09-25_16-17-3,0.09368815273046494
2024-09-25_16-17-4,0.09368755668401718
2024-09-25_16-17-5,0.09363558888435364
2024-09-25_16-17-5,0.09368366748094559
2024-09-25_16-17-6,0.09372435510158539
2024-09-25_16-17-7,0.09372435510158539
2024-09-25_16-17-8,0.09371299296617508
2024-09-25_16-17-9,0.09386799484491348
2024-09-25_16-17-9,0.09370581805706024
2024-09-25_16-17-10,0.09382866322994232
2024-09-25_16-17-11,0.09382866322994232
2024-09-25_16-17-12,0.09378163516521454
2024-09-25_16-17-13,0.09374286234378815
2024-09-25_16-17-14,0.09386476874351501
2024-09-25_16-17-14,0.09375785291194916
2024-09-25_16-17-15,0.09375785291194916
2024-09-25_16-17-16,0.09377820044755936
2024-09-25_16-17-17,0.09388146549463272
2024-09-25_16-17-18,0.0938357338309288
2024-09-25_16-17-18,0.09385869652032852
2024-09-25_16-17-19,0.09385869652032852
2024-09-25_16-17-20,0.09354716539382935
2024-09-25_16-17-21,0.09364940226078033
2024-09-25_16-17-22,0.0937308743596077
2024-09-25_16-17-22,0.09379829466342926
2024-09-25_16-17-23,0.09384925663471222
2024-09-25_16-17-24,0.09384925663471222
2024-09-25_16-17-25,0.09374434500932693
2024-09-25_16-17-26,0.09371348470449448
2024-09-25_16-17-27,0.09383972734212875
2024-09-25_16-17-27,0.09354154020547867
2024-09-25_16-17-28,0.09354154020547867
2024-09-25_16-17-29,0.09324833750724792
2024-09-25_16-17-30,0.09323371201753616
2024-09-25_16-17-31,0.0932430773973465
2024-09-25_16-17-31,0.09336691349744797
2024-09-25_16-17-32,0.09336691349744797
2024-09-25_16-17-33,0.09336957335472107
2024-09-25_16-17-34,0.09350864589214325
2024-09-25_16-17-35,0.09347542375326157
2024-09-25_16-17-35,0.09367003291845322
2024-09-25_16-17-36,0.09362500160932541
2024-09-25_16-17-37,0.09362500160932541
2024-09-25_16-17-38,0.09362252801656723
2024-09-25_16-17-39,0.09362979978322983
2024-09-25_16-17-40,0.09367027133703232
2024-09-25_16-17-40,0.09358146786689758
2024-09-25_16-17-41,0.09358146786689758
2024-09-25_16-17-42,0.09363016486167908
2024-09-25_16-17-43,0.09356334060430527
2024-09-25_16-17-44,0.09347265958786011
2024-09-25_16-17-44,0.09350524842739105
2024-09-25_16-17-45,0.09350524842739105
2024-09-25_16-17-46,0.0936194658279419
2024-09-25_16-17-47,0.09368616342544556
2024-09-25_16-17-48,0.09367112070322037
2024-09-25_16-17-48,0.0934816226363182
2024-09-25_16-17-49,0.09367161244153976
2024-09-25_16-17-50,0.09367161244153976
2024-09-25_16-17-51,0.09352049976587296
2024-09-25_16-17-52,0.09349649399518967
2024-09-25_16-17-53,0.09360489249229431
2024-09-25_16-17-53,0.09366639703512192
2024-09-25_16-17-54,0.09366639703512192
2024-09-25_16-18-0,0.09382599592208862
2024-09-25_16-18-1,0.09371698647737503
2024-09-25_16-18-1,0.09367426484823227
2024-09-25_16-18-2,0.09367426484823227
2024-09-25_16-18-3,0.09330035746097565
2024-09-25_16-18-4,0.09349687397480011
2024-09-25_16-18-5,0.0932861790060997
2024-09-25_16-18-5,0.09338412433862686
2024-09-25_16-18-6,0.09355869889259338
2024-09-25_16-18-7,0.09355869889259338
2024-09-25_16-18-8,0.09379104524850845
2024-09-25_16-18-9,0.09378626197576523
2024-09-25_16-18-10,0.09358042478561401
2024-09-25_16-18-10,0.09365551173686981
2024-09-25_16-18-11,0.09365551173686981
2024-09-25_16-18-12,0.09358631074428558
2024-09-25_16-18-13,0.09376059472560883
2024-09-25_16-18-14,0.0935966745018959
2024-09-25_16-18-14,0.09339619427919388
2024-09-25_16-18-15,0.09341723471879959
2024-09-25_16-18-16,0.09341723471879959
2024-09-25_16-18-17,0.09339689463376999
2024-09-25_16-18-18,0.09349646419286728
2024-09-25_16-18-18,0.0935944989323616
2024-09-25_16-18-19,0.09367968142032623
2024-09-25_16-18-20,0.09367968142032623
2024-09-25_16-18-21,0.09375165402889252
2024-09-25_16-18-22,0.093699149787426
2024-09-25_16-18-23,0.09374386817216873
2024-09-25_16-18-23,0.09375373274087906
2024-09-25_16-18-24,0.09375373274087906
2024-09-25_16-18-25,0.09365550428628922
2024-09-25_16-18-26,0.09369061887264252
2024-09-25_16-18-27,0.09371369332075119
2024-09-25_16-18-27,0.09354451298713684
2024-09-25_16-18-28,0.09353441745042801
2024-09-25_16-18-29,0.09353441745042801
2024-09-25_16-18-30,0.093585304915905
2024-09-25_16-18-31,0.09344340860843658
2024-09-25_16-18-31,0.0933326855301857
2024-09-25_16-18-32,0.09330793470144272
2024-09-25_16-18-33,0.09330793470144272
2024-09-25_16-18-34,0.09324820339679718
2024-09-25_16-18-35,0.09322279691696167
2024-09-25_16-18-36,0.09327593445777893
2024-09-25_16-18-36,0.09369167685508728
2024-09-25_16-18-37,0.09369167685508728
2024-09-25_16-18-38,0.0936116948723793
2024-09-25_16-18-39,0.09352843463420868
2024-09-25_16-18-40,0.09345162659883499
2024-09-25_16-18-40,0.09347369521856308
2024-09-25_16-18-41,0.09337528049945831
2024-09-25_16-18-42,0.09337528049945831
2024-09-25_16-18-43,0.09347154945135117
2024-09-25_16-18-44,0.09330260753631592
2024-09-25_16-18-44,0.09352609515190125
2024-09-25_16-18-45,0.09364214539527893
2024-09-25_16-18-46,0.09364214539527893
2024-09-25_16-18-47,0.0937122032046318
2024-09-25_16-18-48,0.09392786771059036
2024-09-25_16-18-49,0.09387774020433426
2024-09-25_16-18-49,0.09373778104782104
2024-09-25_16-18-50,0.09373778104782104
2024-09-25_16-18-51,0.09380935877561569
2024-09-25_16-18-52,0.09382490068674088
2024-09-25_16-18-53,0.09378092736005783
2024-09-25_16-18-53,0.09378138929605484
2024-09-25_16-18-54,0.09367305040359497
2024-09-25_16-18-55,0.09367305040359497
2024-09-25_16-18-56,0.09360654652118683
2024-09-25_16-18-57,0.09373435378074646
2024-09-25_16-18-57,0.09357880800962448
2024-09-25_16-18-58,0.09384727478027344
2024-09-25_16-18-59,0.09384727478027344

