Consumo_T,cafetera,esmeril,licuadora,microondas
1.852959648,0.062672392,0,1.790287256,0
1.852959648,0.062672392,0,1.790287256,0
1.852959648,0.062672392,0,1.790287256,0
1.852959648,0.062672392,0,1.790287256,0
1.852959648,0.062672392,0,1.790287256,0
1.852959648,0.062672392,0,1.790287256,0
1.852959648,0.062672392,0,1.790287256,0
1.852959648,0.062672392,0,1.790287256,0
1.852959648,0.062672392,0,1.790287256,0
1.852959648,0.062672392,0,1.790287256,0
1.852959648,0.062672392,0,1.790287256,0
1.852959648,0.062672392,0,1.790287256,0
1.852959648,0.062672392,0,1.790287256,0
1.852959648,0.062672392,0,1.790287256,0
1.852959648,0.062672392,0,1.790287256,0
1.852959648,0.062672392,0,1.790287256,0
1.852959648,0.062672392,0,1.790287256,0
1.852959648,0.062672392,0,1.790287256,0
1.852959648,0.062672392,0,1.790287256,0
1.852959648,0.062672392,0,1.790287256,0
1.852959648,0.062672392,0,1.790287256,0
1.852959648,0.062672392,0,1.790287256,0
1.852959648,0.062672392,0,1.790287256,0
1.852959648,0.062672392,0,1.790287256,0
1.852959648,0.062672392,0,1.790287256,0
1.852959648,0.062672392,0,1.790287256,0
1.852959648,0.062672392,0,1.790287256,0
1.852959648,0.062672392,0,1.790287256,0
1.852959648,0.062672392,0,1.790287256,0
1.852959648,0.062672392,0,1.790287256,0
1.852959648,0.062672392,0,1.790287256,0
1.852959648,0.062672392,0,1.790287256,0
1.852959648,0.062672392,0,1.790287256,0
1.852959648,0.062672392,0,1.790287256,0
1.852959648,0.062672392,0,1.790287256,0
1.852959648,0.062672392,0,1.790287256,0
1.852959648,0.062672392,0,1.790287256,0
1.852959648,0.062672392,0,1.790287256,0
1.852959648,0.062672392,0,1.790287256,0
1.852959648,0.062672392,0,1.790287256,0
1.852959648,0.062672392,0,1.790287256,0
1.852959648,0.062672392,0,1.790287256,0
1.852959648,0.062672392,0,1.790287256,0
1.852959648,0.062672392,0,1.790287256,0
1.852959648,0.062672392,0,1.790287256,0
1.852959648,0.062672392,0,1.790287256,0
1.852959648,0.062672392,0,1.790287256,0
1.852959648,0.062672392,0,1.790287256,0
1.852959648,0.062672392,0,1.790287256,0
1.852959648,0.062672392,0,1.790287256,0
1.852959648,0.062672392,0,1.790287256,0
1.852959648,0.062672392,0,1.790287256,0
1.852959648,0.062672392,0,1.790287256,0
1.852959648,0.062672392,0,1.790287256,0
1.852959648,0.062672392,0,1.790287256,0
1.852959648,0.062672392,0,1.790287256,0
1.852959648,0.062672392,0,1.790287256,0
1.852959648,0.062672392,0,1.790287256,0
1.852959648,0.062672392,0,1.790287256,0
1.852959648,0.062672392,0,1.790287256,0
1.852959648,0.062672392,0,1.790287256,0
1.852959648,0.062672392,0,1.790287256,0
1.852959648,0.062672392,0,1.790287256,0
1.852959648,0.062672392,0,1.790287256,0
1.852959648,0.062672392,0,1.790287256,0
1.852959648,0.062672392,0,1.790287256,0
1.852959648,0.062672392,0,1.790287256,0
1.852959648,0.062672392,0,1.790287256,0
1.852959648,0.062672392,0,1.790287256,0
1.852959648,0.062672392,0,1.790287256,0
1.852959648,0.062672392,0,1.790287256,0
1.852959648,0.062672392,0,1.790287256,0
1.852959648,0.062672392,0,1.790287256,0
1.852959648,0.062672392,0,1.790287256,0
1.852959648,0.062672392,0,1.790287256,0
1.852959648,0.062672392,0,1.790287256,0
1.852959648,0.062672392,0,1.790287256,0
1.852959648,0.062672392,0,1.790287256,0
1.852959648,0.062672392,0,1.790287256,0
1.852959648,0.062672392,0,1.790287256,0
1.852959648,0.062672392,0,1.790287256,0
1.852959648,0.062672392,0,1.790287256,0
1.852959648,0.062672392,0,1.790287256,0
1.852959648,0.062672392,0,1.790287256,0
1.852959648,0.062672392,0,1.790287256,0
1.852959648,0.062672392,0,1.790287256,0
1.852959648,0.062672392,0,1.790287256,0
1.852959648,0.062672392,0,1.790287256,0
1.852959648,0.062672392,0,1.790287256,0
1.852959648,0.062672392,0,1.790287256,0
1.852959648,0.062672392,0,1.790287256,0
1.852959648,0.062672392,0,1.790287256,0
1.852959648,0.062672392,0,1.790287256,0
1.852959648,0.062672392,0,1.790287256,0
1.852959648,0.062672392,0,1.790287256,0
1.852959648,0.062672392,0,1.790287256,0
1.852959648,0.062672392,0,1.790287256,0
1.852959648,0.062672392,0,1.790287256,0
1.852959648,0.062672392,0,1.790287256,0
1.852959648,0.062672392,0,1.790287256,0
1.852959648,0.062672392,0,1.790287256,0
1.852959648,0.062672392,0,1.790287256,0
1.852959648,0.062672392,0,1.790287256,0
1.852959648,0.062672392,0,1.790287256,0
1.852959648,0.062672392,0,1.790287256,0
1.852959648,0.062672392,0,1.790287256,0
1.852959648,0.062672392,0,1.790287256,0
1.852959648,0.062672392,0,1.790287256,0
1.852959648,0.062672392,0,1.790287256,0
1.852959648,0.062672392,0,1.790287256,0
1.852959648,0.062672392,0,1.790287256,0
1.852959648,0.062672392,0,1.790287256,0
1.852959648,0.062672392,0,1.790287256,0
1.852959648,0.062672392,0,1.790287256,0
1.852959648,0.062672392,0,1.790287256,0
1.852959648,0.062672392,0,1.790287256,0
1.852959648,0.062672392,0,1.790287256,0
1.852959648,0.062672392,0,1.790287256,0
1.852959648,0.062672392,0,1.790287256,0
1.852959648,0.062672392,0,1.790287256,0
1.852959648,0.062672392,0,1.790287256,0
1.852959648,0.062672392,0,1.790287256,0
1.852959648,0.062672392,0,1.790287256,0
1.852959648,0.062672392,0,1.790287256,0
1.852959648,0.062672392,0,1.790287256,0
1.852959648,0.062672392,0,1.790287256,0
1.852959648,0.062672392,0,1.790287256,0
1.852959648,0.062672392,0,1.790287256,0
1.852959648,0.062672392,0,1.790287256,0
1.852959648,0.062672392,0,1.790287256,0
10.03353573,0.062672392,0,0,9.970863342
10.02996518,0.062672392,0,0,9.967292786
10.03275754,0.062672392,0,0,9.970085144
10.02462555,0.062672392,0,0,9.961953163
10.00631978,0.062672392,0,0,9.943647385
10.01350285,0.062672392,0,0,9.95083046
9.989481703,0.062672392,0,0,9.926809311
10.00109555,0.062672392,0,0,9.938423157
10.00884701,0.062672392,0,0,9.946174622
10.01504971,0.062672392,0,0,9.952377319
10.01361443,0.062672392,0,0,9.950942039
10.00847413,0.062672392,0,0,9.945801735
10.06845738,0.062672392,0,0,10.00578499
10.21466996,0.062672392,0,0,10.15199757
10.2383125,0.062672392,0,0,10.17564011
10.2383125,0.062672392,0,0,10.17564011
10.24776722,0.062672392,0,0,10.18509483
10.239352,0.062672392,0,0,10.17667961
10.22392632,0.062672392,0,0,10.16125393
10.22392632,0.062672392,0,0,10.16125393
10.20572354,0.062672392,0,0,10.14305115
10.18480183,0.062672392,0,0,10.12212944
10.16173817,0.062672392,0,0,10.09906578
10.13326622,0.062672392,0,0,10.07059383
10.13326622,0.062672392,0,0,10.07059383
10.15307499,0.062672392,0,0,10.0904026
10.1695831,0.062672392,0,0,10.10691071
10.16047741,0.062672392,0,0,10.09780502
10.15341069,0.062672392,0,0,10.0907383
10.15341069,0.062672392,0,0,10.0907383
10.13704373,0.062672392,0,0,10.07437134
10.12411,0.062672392,0,0,10.06143761
10.09202935,0.062672392,0,0,10.02935696
10.09202935,0.062672392,0,0,10.02935696
10.08173157,0.062672392,0,0,10.01905918
10.0878389,0.062672392,0,0,10.02516651
10.09692646,0.062672392,0,0,10.03425407
10.08405758,0.062672392,0,0,10.02138519
10.08405758,0.062672392,0,0,10.02138519
10.08658482,0.062672392,0,0,10.02391243
10.07959153,0.062672392,0,0,10.01691914
10.05580021,0.062672392,0,0,9.993127823
10.05580021,0.062672392,0,0,9.993127823
10.03999688,0.062672392,0,0,9.977324486
10.03159024,0.062672392,0,0,9.968917847
10.03225495,0.062672392,0,0,9.969582558
10.02217843,0.062672392,0,0,9.959506035
10.02217843,0.062672392,0,0,9.959506035
10.01974465,0.062672392,0,0,9.957072258
10.03150918,0.062672392,0,0,9.968836784
10.01011921,0.062672392,0,0,9.947446823
10.01011921,0.062672392,0,0,9.947446823
2.629976288,0.062672392,0,0,2.567303896
2.629976288,0.062672392,0,0,2.567303896
8.267802969,0.062672392,0,0,8.205130577
9.284881369,0.062672392,0,0,9.222208977
9.983195082,0.062672392,0,0,9.92052269
9.983195082,0.062672392,0,0,9.92052269
9.983066336,0.062672392,0,0,9.920393944
9.972802893,0.062672392,0,0,9.910130501
9.963085905,0.062672392,0,0,9.900413513
9.951298491,0.062672392,0,0,9.888626099
9.951298491,0.062672392,0,0,9.888626099
9.938898817,0.062672392,0,0,9.876226425
9.911492125,0.062672392,0,0,9.848819733
9.903121725,0.062672392,0,0,9.840449333
9.903121725,0.062672392,0,0,9.840449333
9.907195822,0.062672392,0,0,9.84452343
9.90897061,0.062672392,0,0,9.846298218
9.905246512,0.062672392,0,0,9.84257412
9.905246512,0.062672392,0,0,9.84257412
9.901194349,0.062672392,0,0,9.838521957
9.885264174,0.062672392,0,0,9.822591782
9.869430319,0.062672392,0,0,9.806757927
9.855014578,0.062672392,0,0,9.792342186
9.855014578,0.062672392,0,0,9.792342186
9.846066252,0.062672392,0,0,9.78339386
9.853074804,0.062672392,0,0,9.790402412
9.844857947,0.062672392,0,0,9.782185555
9.844857947,0.062672392,0,0,9.782185555
9.840663687,0.062672392,0,0,9.777991295
9.841918722,0.062672392,0,0,9.77924633
9.827102438,0.062672392,0,0,9.764430046
9.816533819,0.062672392,0,0,9.753861427
9.816533819,0.062672392,0,0,9.753861427
9.803546682,0.062672392,0,0,9.74087429
9.797495619,0.062672392,0,0,9.734823227
9.798548475,0.062672392,0,0,9.735876083
9.798548475,0.062672392,0,0,9.735876083
9.795150534,0.062672392,0,0,9.732478142
9.792071119,0.062672392,0,0,9.729398727
9.784403578,0.062672392,0,0,9.721731186
9.784403578,0.062672392,0,0,9.721731186
9.773458258,0.062672392,0,0,9.710785866
9.763862387,0.062672392,0,0,9.701189995
9.742975012,0.062672392,0,0,9.68030262
9.739528433,0.062672392,0,0,9.676856041
9.739528433,0.062672392,0,0,9.676856041
9.741203085,0.062672392,0,0,9.678530693
9.729841009,0.062672392,0,0,9.667168617
9.730414168,0.062672392,0,0,9.667741776
9.730414168,0.062672392,0,0,9.667741776
9.721615568,0.062672392,0,0,9.658943176
9.711650625,0.062672392,0,0,9.648978233
9.683701292,0.062672392,0,0,9.6210289
9.683701292,0.062672392,0,0,9.6210289
9.678957716,0.062672392,0,0,9.616285324
9.676744238,0.062672392,0,0,9.614071846
9.669478193,0.062672392,0,0,9.606805801
1.790287256,0,0,1.790287256,0
1.790287256,0,0,1.790287256,0
1.790287256,0,0,1.790287256,0
1.790287256,0,0,1.790287256,0
1.790287256,0,0,1.790287256,0
1.790287256,0,0,1.790287256,0
1.790287256,0,0,1.790287256,0
1.790287256,0,0,1.790287256,0
1.790287256,0,0,1.790287256,0
1.790287256,0,0,1.790287256,0
1.790287256,0,0,1.790287256,0
1.790287256,0,0,1.790287256,0
1.790287256,0,0,1.790287256,0
1.790287256,0,0,1.790287256,0
1.790287256,0,0,1.790287256,0
1.790287256,0,0,1.790287256,0
1.790287256,0,0,1.790287256,0
1.790287256,0,0,1.790287256,0
1.790287256,0,0,1.790287256,0
1.790287256,0,0,1.790287256,0
1.790287256,0,0,1.790287256,0
1.790287256,0,0,1.790287256,0
1.790287256,0,0,1.790287256,0
1.790287256,0,0,1.790287256,0
1.790287256,0,0,1.790287256,0
1.790287256,0,0,1.790287256,0
1.790287256,0,0,1.790287256,0
1.790287256,0,0,1.790287256,0
1.790287256,0,0,1.790287256,0
1.790287256,0,0,1.790287256,0
1.790287256,0,0,1.790287256,0
1.790287256,0,0,1.790287256,0
1.790287256,0,0,1.790287256,0
1.790287256,0,0,1.790287256,0
1.790287256,0,0,1.790287256,0
1.790287256,0,0,1.790287256,0
1.790287256,0,0,1.790287256,0
1.790287256,0,0,1.790287256,0
1.790287256,0,0,1.790287256,0
1.790287256,0,0,1.790287256,0
1.790287256,0,0,1.790287256,0
1.790287256,0,0,1.790287256,0
1.790287256,0,0,1.790287256,0
1.790287256,0,0,1.790287256,0
1.790287256,0,0,1.790287256,0
1.790287256,0,0,1.790287256,0
1.790287256,0,0,1.790287256,0
1.790287256,0,0,1.790287256,0
1.790287256,0,0,1.790287256,0
1.790287256,0,0,1.790287256,0
1.790287256,0,0,1.790287256,0
1.790287256,0,0,1.790287256,0
1.790287256,0,0,1.790287256,0
1.790287256,0,0,1.790287256,0
1.790287256,0,0,1.790287256,0
1.790287256,0,0,1.790287256,0
1.790287256,0,0,1.790287256,0
1.790287256,0,0,1.790287256,0
1.790287256,0,0,1.790287256,0
1.790287256,0,0,1.790287256,0
1.790287256,0,0,1.790287256,0
1.790287256,0,0,1.790287256,0
1.790287256,0,0,1.790287256,0
1.790287256,0,0,1.790287256,0
1.790287256,0,0,1.790287256,0
1.790287256,0,0,1.790287256,0
1.790287256,0,0,1.790287256,0
1.790287256,0,0,1.790287256,0
1.790287256,0,0,1.790287256,0
1.790287256,0,0,1.790287256,0
1.790287256,0,0,1.790287256,0
1.790287256,0,0,1.790287256,0
1.790287256,0,0,1.790287256,0
1.790287256,0,0,1.790287256,0
1.790287256,0,0,1.790287256,0
1.790287256,0,0,1.790287256,0
1.790287256,0,0,1.790287256,0
1.790287256,0,0,1.790287256,0
1.790287256,0,0,1.790287256,0
1.790287256,0,0,1.790287256,0
1.790287256,0,0,1.790287256,0
1.790287256,0,0,1.790287256,0
1.790287256,0,0,1.790287256,0
1.790287256,0,0,1.790287256,0
1.790287256,0,0,1.790287256,0
1.790287256,0,0,1.790287256,0
1.790287256,0,0,1.790287256,0
1.790287256,0,0,1.790287256,0
1.790287256,0,0,1.790287256,0
1.790287256,0,0,1.790287256,0
1.790287256,0,0,1.790287256,0
1.790287256,0,0,1.790287256,0
1.790287256,0,0,1.790287256,0
1.790287256,0,0,1.790287256,0
1.790287256,0,0,1.790287256,0
1.790287256,0,0,1.790287256,0
1.790287256,0,0,1.790287256,0
1.790287256,0,0,1.790287256,0
1.790287256,0,0,1.790287256,0
7.753286839,7.753286839,0,0,0
7.720315933,7.720315933,0,0,0
7.72351408,7.72351408,0,0,0
7.691499233,7.691499233,0,0,0
7.66880846,7.66880846,0,0,0
7.669552326,7.669552326,0,0,0
7.66328764,7.66328764,0,0,0
7.661974907,7.661974907,0,0,0
7.664696693,7.664696693,0,0,0
7.665446281,7.665446281,0,0,0
7.660460949,7.660460949,0,0,0
7.662645817,7.662645817,0,0,0
7.659947872,7.659947872,0,0,0
7.639184952,7.639184952,0,0,0
7.639661312,7.639661312,0,0,0
7.659203053,7.659203053,0,0,0
7.63940239,7.63940239,0,0,0
7.639437675,7.639437675,0,0,0
7.638264179,7.638264179,0,0,0
7.640530109,7.640530109,0,0,0
7.636428356,7.636428356,0,0,0
7.634448051,7.634448051,0,0,0
7.637554169,7.637554169,0,0,0
7.634511471,7.634511471,0,0,0
7.63883543,7.63883543,0,0,0
7.636042595,7.636042595,0,0,0
7.637436867,7.637436867,0,0,0
7.640163422,7.640163422,0,0,0
7.639782429,7.639782429,0,0,0
7.640560627,7.640560627,0,0,0
7.6581707,7.6581707,0,0,0
7.639261246,7.639261246,0,0,0
7.640505314,7.640505314,0,0,0
7.658139706,7.658139706,0,0,0
7.659432411,7.659432411,0,0,0
7.6614151,7.6614151,0,0,0
7.660439491,7.660439491,0,0,0
7.660965919,7.660965919,0,0,0
7.657046795,7.657046795,0,0,0
7.657166958,7.657166958,0,0,0
7.64039278,7.64039278,0,0,0
7.639217854,7.639217854,0,0,0
7.636888504,7.636888504,0,0,0
7.635228157,7.635228157,0,0,0
7.631156445,7.631156445,0,0,0
7.630833149,7.630833149,0,0,0
7.631333828,7.631333828,0,0,0
7.627509117,7.627509117,0,0,0
7.628839493,7.628839493,0,0,0
7.626259327,7.626259327,0,0,0
7.629044533,7.629044533,0,0,0
7.6336689,7.6336689,0,0,0
7.632548332,7.632548332,0,0,0
7.628551006,7.628551006,0,0,0
7.627297878,7.627297878,0,0,0
7.625395298,7.625395298,0,0,0
7.625660896,7.625660896,0,0,0
7.63115406,7.63115406,0,0,0
7.631042004,7.631042004,0,0,0
7.634733677,7.634733677,0,0,0
7.6369133,7.6369133,0,0,0
7.634123325,7.634123325,0,0,0
7.629263401,7.629263401,0,0,0
7.640435219,7.640435219,0,0,0
7.626767635,7.626767635,0,0,0
7.625203609,7.625203609,0,0,0
7.63603878,7.63603878,0,0,0
0.063201256,0.063201256,0,0,0
0.06359107,0.06359107,0,0,0
0.063618205,0.063618205,0,0,0
0.062670581,0.062670581,0,0,0
0.063070804,0.063070804,0,0,0
0.063147813,0.063147813,0,0,0
0.063651837,0.063651837,0,0,0
0.063147165,0.063147165,0,0,0
6.136881351,6.136881351,0,0,0
7.727715015,7.727715015,0,0,0
7.700019836,7.700019836,0,0,0
7.671792984,7.671792984,0,0,0
7.659673691,7.659673691,0,0,0
7.668943405,7.668943405,0,0,0
7.661977768,7.661977768,0,0,0
7.635638237,7.635638237,0,0,0
7.628025055,7.628025055,0,0,0
7.639451504,7.639451504,0,0,0
7.638227463,7.638227463,0,0,0
7.638952255,7.638952255,0,0,0
7.633624554,7.633624554,0,0,0
7.63226366,7.63226366,0,0,0
7.631701469,7.631701469,0,0,0
7.631701469,7.631701469,0,0,0
7.631701469,7.631701469,0,0,0
7.631701469,7.631701469,0,0,0
7.631701469,7.631701469,0,0,0
7.631701469,7.631701469,0,0,0
7.631701469,7.631701469,0,0,0
7.631701469,7.631701469,0,0,0
7.631701469,7.631701469,0,0,0
7.631701469,7.631701469,0,0,0
7.631701469,7.631701469,0,0,0
7.631701469,7.631701469,0,0,0
7.631701469,7.631701469,0,0,0
7.631701469,7.631701469,0,0,0
7.631701469,7.631701469,0,0,0
7.631701469,7.631701469,0,0,0
7.631701469,7.631701469,0,0,0
7.631701469,7.631701469,0,0,0
7.631701469,7.631701469,0,0,0
7.631701469,7.631701469,0,0,0
7.631701469,7.631701469,0,0,0
7.631701469,7.631701469,0,0,0
7.631701469,7.631701469,0,0,0
7.631701469,7.631701469,0,0,0
7.631701469,7.631701469,0,0,0
7.631701469,7.631701469,0,0,0
7.631701469,7.631701469,0,0,0
7.631701469,7.631701469,0,0,0
7.631701469,7.631701469,0,0,0
7.631701469,7.631701469,0,0,0
7.631701469,7.631701469,0,0,0
7.631701469,7.631701469,0,0,0
7.631701469,7.631701469,0,0,0
7.631701469,7.631701469,0,0,0
7.631701469,7.631701469,0,0,0
7.631701469,7.631701469,0,0,0
7.631701469,7.631701469,0,0,0
7.631701469,7.631701469,0,0,0
7.631701469,7.631701469,0,0,0
7.631701469,7.631701469,0,0,0
7.631701469,7.631701469,0,0,0
7.631701469,7.631701469,0,0,0
7.631701469,7.631701469,0,0,0
7.631701469,7.631701469,0,0,0
7.631701469,7.631701469,0,0,0
7.631701469,7.631701469,0,0,0
7.631701469,7.631701469,0,0,0
7.631701469,7.631701469,0,0,0
7.631701469,7.631701469,0,0,0
7.631701469,7.631701469,0,0,0
7.631701469,7.631701469,0,0,0
7.631701469,7.631701469,0,0,0
7.631701469,7.631701469,0,0,0
7.631701469,7.631701469,0,0,0
7.631701469,7.631701469,0,0,0
7.631701469,7.631701469,0,0,0
7.631701469,7.631701469,0,0,0
7.631701469,7.631701469,0,0,0
7.631701469,7.631701469,0,0,0
7.631701469,7.631701469,0,0,0
7.631701469,7.631701469,0,0,0
7.631701469,7.631701469,0,0,0
7.631701469,7.631701469,0,0,0
7.631701469,7.631701469,0,0,0
7.631701469,7.631701469,0,0,0
7.631701469,7.631701469,0,0,0
7.631701469,7.631701469,0,0,0
7.631701469,7.631701469,0,0,0
7.631701469,7.631701469,0,0,0
7.631701469,7.631701469,0,0,0
7.631701469,7.631701469,0,0,0
7.631701469,7.631701469,0,0,0
7.631701469,7.631701469,0,0,0
7.631701469,7.631701469,0,0,0
7.631701469,7.631701469,0,0,0
7.631701469,7.631701469,0,0,0
7.631701469,7.631701469,0,0,0
7.631701469,7.631701469,0,0,0
7.631701469,7.631701469,0,0,0
7.631701469,7.631701469,0,0,0
7.631701469,7.631701469,0,0,0
7.631701469,7.631701469,0,0,0
7.631701469,7.631701469,0,0,0
7.631701469,7.631701469,0,0,0
7.631701469,7.631701469,0,0,0
7.631701469,7.631701469,0,0,0
7.631701469,7.631701469,0,0,0
7.631701469,7.631701469,0,0,0
7.631701469,7.631701469,0,0,0
7.631701469,7.631701469,0,0,0
7.631701469,7.631701469,0,0,0
7.631701469,7.631701469,0,0,0
7.631701469,7.631701469,0,0,0
7.631701469,7.631701469,0,0,0
7.631701469,7.631701469,0,0,0
7.631701469,7.631701469,0,0,0
7.631701469,7.631701469,0,0,0
7.631701469,7.631701469,0,0,0
7.631701469,7.631701469,0,0,0
3.391524553,0,3.391524553,0,0
3.391524553,0,3.391524553,0,0
3.342880249,0,3.342880249,0,0
3.324609041,0,3.324609041,0,0
3.304415464,0,3.304415464,0,0
3.293869495,0,3.293869495,0,0
3.278769732,0,3.278769732,0,0
3.278769732,0,3.278769732,0,0
3.274022341,0,3.274022341,0,0
3.26362443,0,3.26362443,0,0
3.262094259,0,3.262094259,0,0
3.254340649,0,3.254340649,0,0
3.243947983,0,3.243947983,0,0
3.230356455,0,3.230356455,0,0
3.230356455,0,3.230356455,0,0
3.225209951,0,3.225209951,0,0
3.219054461,0,3.219054461,0,0
3.209993601,0,3.209993601,0,0
3.201296329,0,3.201296329,0,0
3.201296329,0,3.201296329,0,0
3.196396828,0,3.196396828,0,0
3.193239927,0,3.193239927,0,0
3.185315847,0,3.185315847,0,0
3.174164772,0,3.174164772,0,0
3.174164772,0,3.174164772,0,0
3.278769732,0,3.278769732,0,0
3.274022341,0,3.274022341,0,0
3.26362443,0,3.26362443,0,0
3.262094259,0,3.262094259,0,0
3.254340649,0,3.254340649,0,0
3.243947983,0,3.243947983,0,0
3.230356455,0,3.230356455,0,0
3.230356455,0,3.230356455,0,0
3.225209951,0,3.225209951,0,0
3.219054461,0,3.219054461,0,0
3.209993601,0,3.209993601,0,0
3.201296329,0,3.201296329,0,0
3.201296329,0,3.201296329,0,0
3.196396828,0,3.196396828,0,0
3.193239927,0,3.193239927,0,0
3.185315847,0,3.185315847,0,0
3.174164772,0,3.174164772,0,0
3.174164772,0,3.174164772,0,0
3.278769732,0,3.278769732,0,0
3.274022341,0,3.274022341,0,0
3.26362443,0,3.26362443,0,0
3.262094259,0,3.262094259,0,0
3.254340649,0,3.254340649,0,0
3.243947983,0,3.243947983,0,0
3.230356455,0,3.230356455,0,0
3.230356455,0,3.230356455,0,0
3.225209951,0,3.225209951,0,0
3.219054461,0,3.219054461,0,0
3.209993601,0,3.209993601,0,0
3.201296329,0,3.201296329,0,0
3.201296329,0,3.201296329,0,0
3.196396828,0,3.196396828,0,0
3.193239927,0,3.193239927,0,0
3.185315847,0,3.185315847,0,0
3.174164772,0,3.174164772,0,0
3.174164772,0,3.174164772,0,0
3.278769732,0,3.278769732,0,0
3.274022341,0,3.274022341,0,0
3.26362443,0,3.26362443,0,0
3.262094259,0,3.262094259,0,0
3.254340649,0,3.254340649,0,0
3.243947983,0,3.243947983,0,0
3.230356455,0,3.230356455,0,0
3.230356455,0,3.230356455,0,0
3.225209951,0,3.225209951,0,0
3.219054461,0,3.219054461,0,0
3.209993601,0,3.209993601,0,0
3.201296329,0,3.201296329,0,0
3.201296329,0,3.201296329,0,0
3.196396828,0,3.196396828,0,0
3.193239927,0,3.193239927,0,0
3.185315847,0,3.185315847,0,0
3.174164772,0,3.174164772,0,0
3.174164772,0,3.174164772,0,0
3.278769732,0,3.278769732,0,0
3.274022341,0,3.274022341,0,0
3.26362443,0,3.26362443,0,0
3.262094259,0,3.262094259,0,0
3.254340649,0,3.254340649,0,0
3.243947983,0,3.243947983,0,0
3.230356455,0,3.230356455,0,0
3.230356455,0,3.230356455,0,0
3.225209951,0,3.225209951,0,0
3.219054461,0,3.219054461,0,0
3.209993601,0,3.209993601,0,0
3.201296329,0,3.201296329,0,0
3.201296329,0,3.201296329,0,0
3.196396828,0,3.196396828,0,0
3.193239927,0,3.193239927,0,0
3.185315847,0,3.185315847,0,0
3.174164772,0,3.174164772,0,0
3.174164772,0,3.174164772,0,0
3.174164772,0,3.174164772,0,0
3.278769732,0,3.278769732,0,0
3.274022341,0,3.274022341,0,0
3.26362443,0,3.26362443,0,0
3.262094259,0,3.262094259,0,0
3.254340649,0,3.254340649,0,0
3.243947983,0,3.243947983,0,0
3.230356455,0,3.230356455,0,0
3.230356455,0,3.230356455,0,0
3.225209951,0,3.225209951,0,0
3.219054461,0,3.219054461,0,0
3.209993601,0,3.209993601,0,0
3.201296329,0,3.201296329,0,0
3.201296329,0,3.201296329,0,0
3.196396828,0,3.196396828,0,0
3.193239927,0,3.193239927,0,0
3.185315847,0,3.185315847,0,0
3.174164772,0,3.174164772,0,0
3.174164772,0,3.174164772,0,0
3.278769732,0,3.278769732,0,0
3.274022341,0,3.274022341,0,0
3.26362443,0,3.26362443,0,0
3.262094259,0,3.262094259,0,0
3.254340649,0,3.254340649,0,0
3.243947983,0,3.243947983,0,0
3.230356455,0,3.230356455,0,0
3.230356455,0,3.230356455,0,0
3.225209951,0,3.225209951,0,0
3.219054461,0,3.219054461,0,0
3.209993601,0,3.209993601,0,0
3.201296329,0,3.201296329,0,0
3.201296329,0,3.201296329,0,0
3.196396828,0,3.196396828,0,0
3.193239927,0,3.193239927,0,0
3.185315847,0,3.185315847,0,0
3.174164772,0,3.174164772,0,0
3.174164772,0,3.174164772,0,0
3.174164772,0,3.174164772,0,0
3.278769732,0,3.278769732,0,0
3.274022341,0,3.274022341,0,0
3.26362443,0,3.26362443,0,0
3.262094259,0,3.262094259,0,0
3.254340649,0,3.254340649,0,0
3.243947983,0,3.243947983,0,0
3.230356455,0,3.230356455,0,0
3.230356455,0,3.230356455,0,0
3.225209951,0,3.225209951,0,0
3.219054461,0,3.219054461,0,0
3.209993601,0,3.209993601,0,0
3.201296329,0,3.201296329,0,0
3.201296329,0,3.201296329,0,0
3.196396828,0,3.196396828,0,0
3.193239927,0,3.193239927,0,0
3.185315847,0,3.185315847,0,0
3.174164772,0,3.174164772,0,0
3.174164772,0,3.174164772,0,0
11.20653629,0,3.174164772,0,8.032371521
11.56408143,0,3.278769732,0,8.285311699
13.56685567,0,3.274022341,0,10.29283333
13.49970269,0,3.26362443,0,10.23607826
13.31976962,0,3.262094259,0,10.05767536
13.28500223,0,3.254340649,0,10.03066158
13.18770504,0,3.243947983,0,9.943757057
13.19313359,0,3.230356455,0,9.962777138
13.2012198,0,3.230356455,0,9.970863342
13.19250274,0,3.225209951,0,9.967292786
13.18913961,0,3.219054461,0,9.970085144
13.17194676,0,3.209993601,0,9.961953163
13.14494371,0,3.201296329,0,9.943647385
13.15212679,0,3.201296329,0,9.95083046
13.12320614,0,3.196396828,0,9.926809311
13.13166308,0,3.193239927,0,9.938423157
13.13149047,0,3.185315847,0,9.946174622
13.12654209,0,3.174164772,0,9.952377319
13.12510681,0,3.174164772,0,9.950942039
13.11996651,0,3.174164772,0,9.945801735
13.28455472,0,3.278769732,0,10.00578499
13.42601991,0,3.274022341,0,10.15199757
13.43926454,0,3.26362443,0,10.17564011
13.43773437,0,3.262094259,0,10.17564011
13.43943548,0,3.254340649,0,10.18509483
13.42062759,0,3.243947983,0,10.17667961
13.39161039,0,3.230356455,0,10.16125393
13.39161039,0,3.230356455,0,10.16125393
13.3682611,0,3.225209951,0,10.14305115
13.3411839,0,3.219054461,0,10.12212944
13.30905938,0,3.209993601,0,10.09906578
13.27189016,0,3.201296329,0,10.07059383
13.27189016,0,3.201296329,0,10.07059383
13.28679943,0,3.196396828,0,10.0904026
13.30015064,0,3.193239927,0,10.10691071
13.28312087,0,3.185315847,0,10.09780502
13.26490307,0,3.174164772,0,10.0907383
13.26490307,0,3.174164772,0,10.0907383
13.24853611,0,3.174164772,0,10.07437134
13.23560238,0,3.174164772,0,10.06143761
13.20352173,0,3.174164772,0,10.02935696
13.20352173,0,3.174164772,0,10.02935696
13.19322395,0,3.174164772,0,10.01905918
13.19933128,0,3.174164772,0,10.02516651
13.20841884,0,3.174164772,0,10.03425407
13.19554996,0,3.174164772,0,10.02138519
13.19554996,0,3.174164772,0,10.02138519
13.1980772,0,3.174164772,0,10.02391243
13.19108391,0,3.174164772,0,10.01691914
13.1672926,0,3.174164772,0,9.993127823
13.1672926,0,3.174164772,0,9.993127823
13.15148926,0,3.174164772,0,9.977324486
13.14308262,0,3.174164772,0,9.968917847
13.14374733,0,3.174164772,0,9.969582558
13.13367081,0,3.174164772,0,9.959506035
13.13367081,0,3.174164772,0,9.959506035
13.13123703,0,3.174164772,0,9.957072258
13.14300156,0,3.174164772,0,9.968836784
13.1216116,0,3.174164772,0,9.947446823
13.1216116,0,3.174164772,0,9.947446823
5.741468668,0,3.174164772,0,2.567303896
5.741468668,0,3.174164772,0,2.567303896
11.37929535,0,3.174164772,0,8.205130577
12.39637375,0,3.174164772,0,9.222208977
13.09468746,0,3.174164772,0,9.92052269
13.09468746,0,3.174164772,0,9.92052269
13.09455872,0,3.174164772,0,9.920393944
13.08429527,0,3.174164772,0,9.910130501
13.07457829,0,3.174164772,0,9.900413513
13.06279087,0,3.174164772,0,9.888626099
13.06279087,0,3.174164772,0,9.888626099
13.0503912,0,3.174164772,0,9.876226425
13.02298451,0,3.174164772,0,9.848819733
13.01461411,0,3.174164772,0,9.840449333
13.01461411,0,3.174164772,0,9.840449333
15.78565836,7.753286839,0,0,8.032371521
16.00562763,7.720315933,0,0,8.285311699
18.01634741,7.72351408,0,0,10.29283333
17.92757749,7.691499233,0,0,10.23607826
17.72648382,7.66880846,0,0,10.05767536
17.70021391,7.669552326,0,0,10.03066158
17.6070447,7.66328764,0,0,9.943757057
17.62475205,7.661974907,0,0,9.962777138
17.63556004,7.664696693,0,0,9.970863342
17.63273907,7.665446281,0,0,9.967292786
17.63054609,7.660460949,0,0,9.970085144
17.62459898,7.662645817,0,0,9.961953163
17.60359526,7.659947872,0,0,9.943647385
17.59001541,7.639184952,0,0,9.95083046
17.56647062,7.639661312,0,0,9.926809311
17.59762621,7.659203053,0,0,9.938423157
17.58557701,7.63940239,0,0,9.946174622
17.59181499,7.639437675,0,0,9.952377319
17.58920622,7.638264179,0,0,9.950942039
17.58633184,7.640530109,0,0,9.945801735
17.64221335,7.636428356,0,0,10.00578499
17.78644562,7.634448051,0,0,10.15199757
17.81319428,7.637554169,0,0,10.17564011
17.81015158,7.634511471,0,0,10.17564011
17.82393026,7.63883543,0,0,10.18509483
17.81272221,7.636042595,0,0,10.17667961
17.7986908,7.637436867,0,0,10.16125393
17.80141735,7.640163422,0,0,10.16125393
17.78283358,7.639782429,0,0,10.14305115
17.76269007,7.640560627,0,0,10.12212944
17.75723648,7.6581707,0,0,10.09906578
17.70985508,7.639261246,0,0,10.07059383
17.71109914,7.640505314,0,0,10.07059383
17.74854231,7.658139706,0,0,10.0904026
17.76634312,7.659432411,0,0,10.10691071
17.75922012,7.6614151,0,0,10.09780502
17.75117779,7.660439491,0,0,10.0907383
17.75170422,7.660965919,0,0,10.0907383
17.73141814,7.657046795,0,0,10.07437134
17.71860457,7.657166958,0,0,10.06143761
17.66974974,7.64039278,0,0,10.02935696
17.66857481,7.639217854,0,0,10.02935696
17.65594768,7.636888504,0,0,10.01905918
17.66039467,7.635228157,0,0,10.02516651
17.66541052,7.631156445,0,0,10.03425407
17.65221834,7.630833149,0,0,10.02138519
17.65271902,7.631333828,0,0,10.02138519
17.65142155,7.627509117,0,0,10.02391243
17.64575863,7.628839493,0,0,10.01691914
17.61938715,7.626259327,0,0,9.993127823
17.62217236,7.629044533,0,0,9.993127823
17.61099339,7.6336689,0,0,9.977324486
17.60146618,7.632548332,0,0,9.968917847
17.59813356,7.628551006,0,0,9.969582558
17.58680391,7.627297878,0,0,9.959506035
17.58490133,7.625395298,0,0,9.959506035
17.58273315,7.625660896,0,0,9.957072258
17.59999084,7.63115406,0,0,9.968836784
17.57848883,7.631042004,0,0,9.947446823
17.5821805,7.634733677,0,0,9.947446823
10.2042172,7.6369133,0,0,2.567303896
10.20142722,7.634123325,0,0,2.567303896
15.83439398,7.629263401,0,0,8.205130577
16.8626442,7.640435219,0,0,9.222208977
17.54729033,7.626767635,0,0,9.92052269
17.5457263,7.625203609,0,0,9.92052269
17.55643272,7.63603878,0,0,9.920393944
