Time Bucket (America/Costa_Rica),UTeM CIER Sala Mestros-Mains_A (kWhs),UTeM CIER Sala Mestros-Mains_B (kWhs),UTeM CIER Sala Mestros-Mains_C (kWhs),UTeM CIER Sala Mestros-Air Conditioner-AC Sala Maestros 1 (kWhs),UTeM CIER Sala Mestros-Air Conditioner-AC Direccion 1 (kWhs),UTeM CIER Sala Mestros-Air Conditioner-AC Rack (kWhs),UTeM CIER Sala Mestros-Air Conditioner-AC Aula Medios (kWhs),UTeM CIER Sala Mestros-Sub Panel-Tab Secundario L1 (kWhs),UTeM CIER Sala Mestros-Sub Panel-Tab Secundario L2 (kWhs),UTeM CIER Sala Mestros-Sub Panel-Tab Secundario L3 (kWhs),UTeM CIER Sala Mestros-Air Conditioner-AC Sala Maestros 2 (kWhs),UTeM CIER Sala Mestros-Air Conditioner-AC Direccion 2 (kWhs),UTeM CIER Sala Mestros-Air Conditioner-AC Sala Juntas (kWhs),UTeM CIER Sala Mestros-Air Conditioner-AC Cubiculos (kWhs),UTeM CIER Sala Mestros-Other-Circuit_12 (kWhs),UTeM CIER Sala Mestros-Other-Circuit_13 (kWhs),UTeM CIER Sala Mestros-Other-Circuit_14 (kWhs),UTeM CIER Sala Mestros-Other-Circuit_15 (kWhs),UTeM CIER Sala Mestros-Other-Circuit_16 (kWhs)
09/07/2024 00:00:00,5.7776,7.9476,4.5352,0.0514,0.2897,4.1356,0.1600,1.9496,2.0104,3.0449,5.9029,1.0013,1.3925,0.0000,No CT,No CT,No CT,No CT,No CT
09/08/2024 00:00:00,4.1307,8.9890,7.5289,0.1040,0.5425,6.9073,0.2943,3.7320,3.6811,5.6040,0.2645,0.6238,2.6122,0.0000,No CT,No CT,No CT,No CT,No CT
09/09/2024 00:00:00,30.3340,26.3382,17.8551,12.8619,0.5155,6.6662,6.7136,6.6439,8.4007,8.0491,10.1110,2.5184,4.6905,10.6373,No CT,No CT,No CT,No CT,No CT
09/10/2024 00:00:00,30.1544,31.0337,11.7714,20.0001,0.5281,6.4140,14.3432,6.6757,8.4168,8.9704,4.5357,2.9165,2.5971,0.7448,No CT,No CT,No CT,No CT,No CT
09/11/2024 00:00:00,30.5528,28.4542,10.5844,18.2186,0.3352,4.2337,7.6682,6.7886,6.7234,5.6568,16.5753,2.2223,1.6747,1.0564,No CT,No CT,No CT,No CT,No CT
