Consumo_T,Consumo_Consumo_T_Pred,Consumo_UTEM CIER DAVID-Mains_A (kWatts)_Pred,Consumo_UTEM CIER DAVID-Mains_B (kWatts)_Pred,Consumo_UTEM CIER DAVID-Mains_C (kWatts)_Pred,Consumo_UTEM CIER DAVID-Air Conditioner-AC fotovoltaica 1 (kWatts)_Pred,Consumo_UTEM CIER DAVID-Air Conditioner-AC fotovoltaica 2 (kWatts)_Pred,Consumo_UTEM CIER DAVID-Air Conditioner-AC Aula Magna  (kWatts)_Pred,Consumo_UTEM CIER DAVID-Air Conditioner-AC Aula Magna (kWatts)_Pred,Consumo_UTEM CIER DAVID-Sub Panel-Tab Secundario L1 (kWatts)_Pred,Consumo_UTEM CIER DAVID-Sub Panel-Tab Secundario L2 (kWatts)_Pred,Consumo_UTEM CIER DAVID-Sub Panel-Tab Secundario L3 (kWatts)_Pred,Consumo_UTEM CIER DAVID-Sub Panel-Tablero Secundario2 L1 (kWatts)_Pred,Consumo_UTEM CIER DAVID-Sub Panel-Tablero Secundario2 L2 (kWatts)_Pred,Consumo_UTEM CIER DAVID-Sub Panel-Tablero Secundario2 L3 (kWatts)_Pred,Consumo_UTEM CIER DAVID-Solar_Generation-Inversor (kWatts)_Pred,Consumo_UTEM CIER DAVID-Room_Multi-use Circuit-Contactos David (kWatts)_Pred,Consumo_UTEM CIER DAVID-Lights-Alumbrado (kWatts)_Pred,Consumo_UTEM CIER DAVID-Lights-Alumbrado Fotovoltaico (kWatts)_Pred,Consumo_UTEM CIER DAVID-Other-Circuit_15 (kWatts)_Pred,Consumo_UTEM CIER DAVID-Other-Circuit_16 (kWatts)_Pred
3.864396508802233,1.9318013263394052,0.436129602655572,0.2116819133040701,0.19309367809135203,0.19403908394236705,0.20152401310602303,0.12328672051224952,0.09546768293171512,0.024819064952704212,0.03666588006803002,0.023374256979205994,0.19591565607267616,0.07415155262225458,0.0037714522814018435,-0.0006773967689896518,0.010110604477690128,0.00035344651234820443,0.1088879707221563,0.0,0.0
4.6365979663406405,2.3185904699485014,0.6439261821584861,0.8554170299762882,0.1991019123430218,0.061600872456049165,0.06089482670444976,0.03233759299844368,0.23885771927922822,0.023525225205370075,0.011947968297529733,0.0038212172681828067,0.08495220213050304,0.0325503534331176,0.0038770232838349823,-0.003070327396863017,0.009212975262576634,0.04447739447477777,0.014577328517141263,0.0,0.0
4.71165805305131,2.3561701519957112,0.718894628090037,0.8284935830778237,0.16283256138124078,0.10610354598622944,0.10763585554996759,0.028355992083715684,0.12151279959842708,0.025982640428602502,0.012540493601890561,0.004033896344159164,0.11309085756013708,0.039275513554760784,0.0035550182980873765,-0.003086659539638495,0.0116183027202816,0.04476207342779879,0.029886798892079063,0.0,0.0
3.4654447031063116,1.733576374805484,0.17929382324882212,0.17832123338802022,0.2614347075704251,0.01917931494810993,0.01568123177889756,0.29448165159889683,0.3501028923460182,0.03566228284143893,0.12886938395378603,0.11941547665464856,0.14140111348278905,0.015435261299209758,0.0031490112908531226,-0.019993325038573723,0.0021013046967339227,3.240329672533617e-05,0.007300560944026501,0.0,0.0
1.4025289003945678,0.7014643496013364,0.1179391968215478,0.16500442726949138,0.03576734664951113,0.03296071932722789,0.030209918214630295,0.014647153146915321,0.01793777837508473,0.023516306599857366,0.013000579156726715,0.004045718516934634,0.07669418179584606,0.14332854107342508,0.007626837046986579,0.0,0.009683844519772005,0.0019918976785169794,0.006710104600757517,0.0,0.0
3.181058484067318,1.58993621787501,0.3316545534674878,0.0899410637659836,0.11113613932024452,0.15572880608883788,0.159470281823993,0.04081910814636674,0.033019401822746805,0.059655836874779794,0.08385906503113155,0.11135511775581235,0.2885163109128054,0.04121479708691596,0.0029679216802074144,-0.050478094163610016,0.001603635101402392,0.0003213381228913649,0.13033698335431096,0.0,0.0
0.6647203960246155,0.3317773327706604,0.09228122031230848,0.00837701755287544,0.01273059918869578,0.008618949241936902,0.0038944379177170145,0.006159894784022155,0.007493819488234519,0.016480868865307946,0.013437563201069272,0.0043074490109621675,0.08762871335236556,0.012825292817609493,0.0042262934116376275,-0.018620914770764312,0.00019520747202998918,0.07290665140794697,0.0,0.0,0.0
4.745447020936102,2.37306034296382,0.7225323483864663,0.8233860304409905,0.1726814522048568,0.09789458344242674,0.09874671938321941,0.05614042507865386,0.12195548381194776,0.026063796881684708,0.01260608183798017,0.004044503624588253,0.11509164192425299,0.04161691169012317,0.003741857113463074,-0.009293560472857494,0.011552851869861793,0.044927422114972596,0.02869812863965148,0.0,0.0
4.812207086233756,2.406696384725025,0.619695879708062,0.5263571529747021,0.21956487812970013,0.22871257949498267,0.2369697656128623,0.06323209504046529,0.11584365567562559,0.02540348841946506,0.012138970645954044,0.003968480722673081,0.16297782089484722,0.08898136597017721,0.003387666332273022,-0.00926396447017738,0.014669196579629567,0.018549477705486057,0.07432219207200393,0.0,0.0
3.2342223925719,1.6174773259628714,0.09990109756020546,-0.020749016755721904,0.06401538403143933,0.05601108356207487,0.05441993353755586,0.04458323286694422,0.03730218240872482,0.16208758502366996,0.25908367008236266,0.3756775781074105,0.4831715494870426,0.0765653984116824,0.0035867194324328364,-0.14340170774610686,0.0005175366861757675,0.00010761159335376208,0.06386522831978293,0.0,0.0
2.514892628000205,1.257117335915141,0.0712129754644412,0.06370456430715132,0.0912078424169837,0.35214453400597545,0.3962133932482505,0.09444334315079865,0.115178854673954,0.016485936476562824,0.014178777910023085,0.0042810270763035665,0.02812724579603362,0.02809477918471908,0.006393385974956039,-0.03661320632837231,0.0013646122568143875,0.005265678522577439,0.006091547947891137,0.0,0.0
0.6742910565103067,0.33786082356538333,0.10915024194631533,0.011511638467147813,0.01295033458004013,0.008713515941780828,0.003925728974869486,0.006281029588604471,0.007389333304573556,0.025519009163595237,0.013415101068653889,0.0042987435926584,0.09428496678281158,0.01118103011571926,0.0037986181530410518,-0.006551311048973275,0.006025864943607735,0.02453638737047776,0.0,0.0,0.0
4.003850425746792,2.0013932007109987,0.40574843649709036,0.20763540601758776,0.3065975718394955,0.19453565621759397,0.20049201894199248,0.30287151079868074,0.15588746719833554,0.01652152161886175,0.018031606280371638,0.008774989835479865,0.0744110641661327,0.03857112876175273,0.00821333911250415,-0.0001644940112145236,0.009985725035139914,0.0011440484383568664,0.05320022828763292,0.0,0.0
3.3165855260408628,1.6591007989952058,0.04947969072539197,0.010365271336221182,0.11702751406396336,0.02136003880317717,0.017956078317755957,0.12470099221456649,0.14299671955222834,0.16089851378909045,0.2578364357504343,0.3740442103909875,0.4272182067317211,0.07150259293838575,0.0034144188863274153,-0.1408208741446489,0.00014044138359748116,7.619692088799519e-05,0.01928827938556896,0.0,0.0
2.1232576725035686,1.0615160474604715,0.06655261692462647,0.06797308089041947,0.03188596970787479,0.026740101605124026,0.024251518145541585,0.01949414476842002,0.023318359598620858,0.017203664698705556,0.013159174323079666,0.004075820595434656,0.3841735653124726,0.05038284947961145,0.2995593176697613,-0.0005075495609026372,0.009620305494829765,0.003721548109904331,0.02013713727957301,0.0,0.0
1.8583596474247452,0.928704178963088,0.1178552976095204,0.10221418318448672,0.11808739559440064,0.05141386684355947,0.04974702862478854,0.10497646144400491,0.1286218339529964,0.016374356713590502,0.014596153094002433,0.004403616923896472,0.10691078478436453,0.016146942320333247,0.07416623454973738,0.0,0.009981774547064321,0.0009715850622683448,0.013187953212642949,0.0,0.0
2.733406319867168,1.3669762194081307,0.16353941766651214,0.16747878202081004,0.24635643056036818,0.05177908802766746,0.053087107101938785,0.2781779818028755,0.33872114327306363,0.015313056825706144,0.014007012865175002,0.004093423226012635,0.03211189296227741,0.02137863112104261,0.007312858622104613,-0.04213559519244103,0.005268122122838226,0.0021578117608775974,0.007782935692208837,0.0,0.0
4.30531808053267,2.153459963295739,0.4330987538870694,0.27692075922316123,0.29633902579213034,0.3163077086236734,0.33695804931077245,0.0873674785451766,0.17613370304139309,0.016983560363073476,0.012981939320836678,0.004118890146230488,0.073913468703582,0.03911698095259453,0.022385424408741587,0.0,0.011992886707579014,5.1398798771715524e-05,0.047188089412145175,0.0,0.0
3.2428374726930804,1.6217858412923574,0.10016720664461835,-0.02080428643729878,0.0641859034316159,0.05616028170431445,0.05456489329316577,0.04470199035378004,0.037401545177000776,0.162519341830139,0.25977379781785026,0.37667827998943304,0.4844585857838247,0.07676934760309907,0.003596273467849068,-0.14378369050789347,0.0005189152617577357,0.00010789824108115392,0.06403534774638639,0.0,0.0
1.5872509712796865,0.7937952759179425,0.1528699051134847,0.12166193748268134,0.06915918188215357,0.09581368296390683,0.09710100198150257,0.018012175926455376,0.022102063564692218,0.019024743403125436,0.013608433531730421,0.0043064988718130555,0.06450178310226679,0.06808590151816278,0.01471361388736414,0.0,0.009950739328657645,0.00039669183156127504,0.022147340972185573,0.0,0.0
1.872847932086717,0.9359078512639027,0.08080523686017754,0.08053460933971818,0.09928875144513022,0.02426577472154057,0.02105718723398302,0.09948543702010872,0.12188343819880795,0.015613581207696674,0.01391045173012542,0.004180677597476642,0.19275777883462905,0.010958689266537362,0.15411670401904157,0.0,0.00971745047506864,0.0018850266634536862,0.006479286209318839,0.0,0.0
1.7367390914420868,0.8679582229099722,0.12376791120231126,0.12011400216544417,0.11641674166542827,0.04942118407901171,0.047635516668339574,0.10359812688326743,0.1271328104848496,0.017399935477113656,0.014437069406400042,0.004352177246878219,0.05946427304192528,0.035579165113220124,0.027771256946728873,0.0,0.0099310976831113,0.00041596761069416,0.011343632857391608,0.0,0.0
4.517528271635838,2.2593849663014143,0.21803067471283122,0.4967219371183934,0.41370228471169745,0.13190075834986442,0.13847779269263122,0.04867891586774009,0.6556667639702917,0.012527635958136787,0.01013191274701898,0.0032324947323479195,0.03212886878685496,0.06131146657534343,0.007795777039238956,0.0,0.005158648045368214,0.0029910889495949776,0.01968628507707207,0.0,0.0
1.5498298494763738,0.7750933034521168,0.15185485541150562,0.11980499595416053,0.06792400322101057,0.09366104910064076,0.09481406302900967,0.017900383041271593,0.02196316079070059,0.019179059444454732,0.01351224750322467,0.004280433976469152,0.05994219894588455,0.06734485964589713,0.010019521016069578,0.0,0.009785693575332518,0.001293057917340378,0.02145696345128499,0.0,0.0
1.8856411613510757,0.9423167590794804,0.08028871747716325,0.09049220006165787,0.09464495565196016,0.016362762444311226,0.012674398933852894,0.09825056585678585,0.12035689449614781,0.01609308402477925,0.013765768999901161,0.004125495677858553,0.19769375288298227,0.025448588618615695,0.15290279603313262,0.0,0.00964562794770116,0.0018497797729631323,0.008729013391782855,0.0,0.0
1.7941165498428433,0.8966283954797738,0.12911109864911663,0.1239445993337942,0.11925221228005468,0.0523504694286265,0.05064154634944794,0.10513373183793774,0.1289188050726312,0.017846221207206744,0.014827794764193776,0.004467249946284371,0.062052554424025325,0.037157157948799424,0.028504476741327698,0.0,0.010195267694318631,0.0004232577620160345,0.012661710923288183,0.0,0.0
0.4545146519698531,0.22766396179635104,0.06678587435047749,0.00497431286357964,0.011344289418380608,0.007649219713016145,0.00366880635214454,0.005607205815002775,0.006583909935850572,0.024835670264599454,0.012301097059516344,0.0037576210219865667,0.0526744388066134,0.004232146033883283,0.002240568707067319,-0.005394349657501228,0.005117881037792956,0.02047199845109225,0.0,0.0,0.0
4.729641397009567,2.365163125974389,0.7216384879417328,0.8316557576040606,0.16345405681362396,0.10650851946715202,0.10804667751344663,0.0284642205572546,0.12197658675061528,0.026081810350211877,0.012588357858445231,0.004049292823409604,0.11352250004504133,0.03942541939712875,0.003568587007045575,-0.003098440628070286,0.011662647180698179,0.044932920240889476,0.030000870112493597,0.0,0.0
1.2628434087316796,0.6315385024558724,0.09353121532510486,0.08266163206929755,0.09376103833579325,0.0350068555816888,0.03182763870110412,0.07962201098417063,0.10348021312590412,0.017351133994667173,0.013950208281675036,0.004520032263792713,0.029184384900650947,0.017769866891388944,0.005843387059547466,0.0,0.009579785481753592,0.0021875013992623555,0.011028001880005977,0.0,0.0
2.1984199700651965,1.0992726499893455,0.1375222263094623,0.17941176053135613,0.036421768075225014,0.027730238042553493,0.025082892290441444,0.020074669159919477,0.02394099752304535,0.022127692504784878,0.01359779827324738,0.004165727600918766,0.25210957579032217,0.16082414074186982,0.1358178389541196,-0.0005236999956742442,0.009707597545646311,0.001711350128314412,0.04942474660029919,0.0,0.0
1.9767070005849425,0.9882231755840598,0.057288817867192296,0.06204189053666808,0.029495985850766078,0.02120559367919961,0.018529928927618244,0.020231708511957384,0.02438606626441268,0.01635907200966858,0.012517585174064823,0.0038772173356248444,0.36282719479777203,0.0462316023606572,0.28446013041812235,-0.0004823617502850861,0.009489196255608323,0.003527699752084946,0.016496497009749787,0.0,0.0
4.22447307165895,2.1121511442356398,0.34955595045089904,0.24942487388787202,0.3812928285174675,0.1261913994906355,0.13133177485435654,0.2760318023085706,0.34906991341390065,0.023544746148781336,0.013109595504580275,0.004132059508620069,0.08312176611909666,0.017257541821355558,0.07908552392216282,0.0,0.010200323761156793,0.00010723595504769133,0.018864591758806386,0.0,0.0
0.7412542034446784,0.36999628871656803,0.10402899178031583,0.006284361562528324,0.012594947968481497,0.008549017164696405,0.0038899688839166904,0.0062630657818762755,0.007344735361651599,0.025385777181230636,0.013706593946275892,0.0043178708862375665,0.08963529294047462,0.0054015157994639,0.001398571225302201,-0.006738578201714096,0.0020256701327857085,0.08717011231458743,0.0,0.0,0.0
2.9213355780996264,1.4612794405578777,0.25620309873914004,0.13699814219657752,0.21311570266930752,0.025366950008581256,0.02172849591923305,0.2525474427190712,0.25755861087995147,0.020031402582677663,0.02249422757818275,0.015649825086184545,0.13688804983996347,0.016854943204120745,0.003462502912259594,-0.0292904646641622,0.0004619947107912024,0.003147461838198786,0.1068377513216702,0.0,0.0
4.9968639095845635,2.4989919312472755,0.6377573598194239,0.2762573874944176,0.33687202259408094,0.2160312563992911,0.22335025129920194,0.4317235730935933,0.0071042162685362896,0.023745805328870724,0.012881711387557324,0.004057764119555075,0.17856965763188487,0.11667586308429247,0.006851888925383192,-0.06972194997922253,0.01508657174320454,0.008315788035263387,0.07231281109195505,0.0,0.0
4.7745175245019364,2.387583051113024,0.728490468254423,0.8241597172594676,0.17545086545561017,0.09819749171965367,0.09906343880542734,0.06372704826102943,0.11674752070150655,0.02611054893690955,0.01263415285131965,0.004048315234423489,0.11543372212349803,0.042707279687427664,0.00406294101513837,-0.009323178699832155,0.01156747953366603,0.04506707375518242,0.02878958849406139,0.0,0.0
3.394908958630254,1.698289976834997,0.03795005310821176,0.010446241635830373,0.1152845309725786,0.01955195373645661,0.01606365068549642,0.12160373775783737,0.1445097902334874,0.1637509550374317,0.2843562328968239,0.39785423203494275,0.4422768682847185,0.07404849033603264,0.0037930376536185893,-0.14297905383536566,0.0007169335602277219,7.366101322536767e-05,0.0073176666837036445,0.0,0.0
1.4071983301039224,0.7037997299797087,0.11833185096891048,0.1655537753611068,0.03588642662784386,0.03307045522074492,0.030310495885143098,0.014695917811973155,0.017997498495818692,0.023594599275794936,0.013043861894455796,0.004059187899443149,0.07694951920166453,0.14380572378794768,0.007652229022499944,0.0,0.009716084875951955,0.001998529289598537,0.006732444505316233,0.0,0.0
4.86274896118173,2.431940561223737,0.6442995388147263,0.4910621633161717,0.23634493172464266,0.22043049480048485,0.22797305543848476,0.14431496198042626,0.07636172023435486,0.025644605889192266,0.012435222122118204,0.004030754834067504,0.16955042544585952,0.0929435205972666,0.003777547819363681,-0.024923592647322773,0.014926678866798077,0.01856834727827117,0.0730680234430886,0.0,0.0
4.065106906598103,2.032449601873492,0.32411556732790575,0.25351303486453985,0.36040528993378695,0.10848613785958985,0.11013979125457075,0.37008314700140144,0.36011988529664096,0.016294961089398714,0.012730640699493853,0.004170493938607219,0.04208348654877869,0.023973989520248765,0.00918873428632821,0.0,0.009755060765271991,0.0006983198975190893,0.02689876444052843,0.0,0.0
3.179175586629708,1.5889951201725963,0.331458244122022,0.08988782683263292,0.11107035682897627,0.1556366287926909,0.1593758899143424,0.04079494694514416,0.03299985733860894,0.05962052604256699,0.0838094280881271,0.11128920564921722,0.2883455354853031,0.041190401673812035,0.002966164940381762,-0.05044821572074826,0.0016026858952062734,0.0003211479199349499,0.13025983570889269,0.0,0.0
1.4553055788659957,0.7278602109826342,0.12237720809395594,0.17121348692017963,0.03711325955965958,0.03420101981988134,0.0313467070107921,0.015198320464707519,0.01861277078452973,0.024401217101100537,0.013489786463545055,0.004197957508440687,0.07958015738760028,0.14872194460748625,0.00791383229283823,0.0,0.010048244246896007,0.002066852100702148,0.006962603521046576,0.0,0.0
3.314446464740439,1.658030747195013,0.04944777835926825,0.010358586162385133,0.11695203612906509,0.02134626245638295,0.017944497385518475,0.12462056520176183,0.14290449254753326,0.16079474086315815,0.2576701418505114,0.3738029672543903,0.4269426685537724,0.0714564767058226,0.0034122167265320975,-0.14073005047078022,0.00014035080467941237,7.614777700691531e-05,0.019275839238417174,0.0,0.0
0.7624144443744594,0.3813559345745392,0.10911902767963269,0.003038020527143397,0.012802015539368966,0.0086055351024844,0.004029148843641344,0.006335427322786509,0.0073636190233602825,0.028015033597263997,0.013362955281346341,0.004273522976831214,0.09183995149795812,1.2786152532065386e-05,0.0018470999610610188,0.0,0.0005313341968453127,0.08988303209766457,0.0,0.0,0.0
1.262447260120429,0.6313403915111826,0.0935018749802898,0.08263570146656286,0.09373162589647631,0.0349958740798438,0.031817654506085445,0.07959703389765439,0.10344775182275419,0.01734569101766141,0.013945832160614239,0.0045186143488780625,0.029175229883117774,0.017764292559652756,0.005841554013856581,0.0,0.00957678034375435,0.002186815189368528,0.011024542442676356,0.0,0.0
0.12122182280753786,0.06057242642396034,0.010202580787852585,-0.030560992026358168,0.012700903617897587,0.008457892374840688,0.004030806178438499,0.006277680968842353,0.007453055284246869,0.020644923830797607,0.013823920771194046,0.0042132169618398635,0.03757528356562247,0.03596199078838288,0.0029046934530761437,-0.07543611985622975,0.0,0.002399559683133854,0.0,0.0,0.0
1.124880539872336,0.5620047879213387,0.11066396641429922,0.062106613571981335,0.06407825205641707,0.059748401668296224,0.058046691758921694,0.03117402118317578,0.0401675702157802,0.015845370512669515,0.012849005133155934,0.004372276662337017,0.04422504080541932,0.015790240194356264,0.007076366503055927,0.0,0.00839334727020827,0.0037626293623598166,0.02457595863856405,0.0,0.0
1.208925890747316,0.6045759292104868,0.08994253573671955,0.07878500941072508,0.08934587391936417,0.031241701426453876,0.02798520650502321,0.07702180998422477,0.10009987319971726,0.01702596945279711,0.013497657312255983,0.0043734285397806745,0.030041321099031387,0.0173032509619395,0.005601248684113067,0.0,0.00907678405012245,0.0021422236302092237,0.010866067624352252,0.0,0.0
3.565515046261599,1.783519623356912,0.22758408714950298,0.20701613506738947,0.27544758300457095,0.03720159613772106,0.034805995230037,0.3000063690899216,0.3566859163956093,0.018823650481550658,0.10010850525166955,0.07449673526348467,0.11205649599713423,0.01473427119144496,0.0031844634325153146,-0.002498648263495761,0.0029733664220658244,2.9013333189740556e-05,0.019339887720375,0.0,0.0
0.6348940860468082,0.31742661674446443,0.11504773379271604,0.004477194075756344,0.013484765603468628,0.008674772760547659,0.004001080190362474,0.0063231845404658924,0.007390534280964352,0.02959980146228227,0.013708696147722438,0.004286857900037041,0.09609861423249462,0.0020070577677106798,0.004663665820362726,-0.0025107368331148934,0.010028809293310348,0.00018543826725723529,0.0,0.0,0.0
2.5770484570714247,1.2881964135159776,0.07264432665767054,0.06428491408329948,0.0959474395703664,0.359770376029209,0.40479687034448214,0.09992734713801453,0.12182124417931618,0.01672815427183334,0.01448346359915671,0.004373803875945012,0.02720113151098734,0.026071789332330623,0.006407034425220097,-0.037802643334954096,0.0012874189865917087,0.005432141062185052,0.005477231823792743,0.0,0.0
3.1558963191502816,1.577273575405538,0.38961872286920274,0.10395780227574376,0.12061809514720614,0.15587327008346807,0.15943165062765272,0.05861698259834003,0.03463306974662145,0.03359622776388723,0.04104824291841815,0.045366294910394754,0.2571449637926394,0.028781918233245735,0.0026779564920152207,-0.02547319497237304,0.001604430173773957,0.00033831109412064367,0.170787999990386,0.0,0.0
1.280627288958203,0.6404320873678713,0.09484836036405582,0.08382570716672058,0.09508141983689551,0.03549983651857092,0.03227584859841987,0.08074328088742773,0.10493746404341453,0.017595479799239595,0.014146660851725293,0.0045836852169961854,0.029595371410909732,0.018020109464817042,0.00592567603921485,0.0,0.009714691960597552,0.002218306693577432,0.011183302737749593,0.0,0.0
4.722920791620174,2.3618023367058267,0.7206130724600598,0.8304740125841934,0.16322179603042075,0.10635717570345785,0.10789314809710186,0.028423774193984244,0.12180326356657552,0.026044749283528134,0.01257047037426502,0.0040435389624108725,0.11336118973384048,0.03936939766866389,0.0035635162071563416,-0.0030940378848101115,0.011646075089303098,0.044869072604127196,0.029958240240069864,0.0,0.0
1.1836244855360498,0.591354388847215,0.11576616162332713,0.06707072197533355,0.06710619968537175,0.0625288972313264,0.06074999042336315,0.03262574387469161,0.042034656163504776,0.01655469532321929,0.013446007573620005,0.004573895446548031,0.046260746426468685,0.018580469626362714,0.007460088726419604,0.0,0.008783129369252683,0.0030090117697514534,0.02571968145027378,0.0,0.0
4.382157207157639,2.1920199494662618,0.4107928578696356,0.3265260143654734,0.3040960662408146,0.31661692452835793,0.33749342504765706,0.04817351444549847,0.23642000282571138,0.015014643375539026,0.012519345680332888,0.0039791653688758515,0.06393992360474161,0.0468802352803735,0.008868920278576565,0.0,0.011120184010460813,0.0007668918558109681,0.04692914291351844,0.0,0.0
4.46779196002405,2.2344961055726698,0.20389783272492312,0.4744096026813012,0.41755918844824236,0.13070876035595239,0.13723695547905254,0.055734957976522295,0.6590625342272635,0.012409324671141312,0.010040115771509909,0.0032015108756629496,0.03187025086268099,0.0608337539509741,0.010254626590074754,0.0,0.005077092526926311,0.0014894621778466588,0.01950988513130626,0.0,0.0
4.38906561266398,2.19547563623719,0.4114404666858225,0.3270407777591558,0.30457546915567196,0.3171160663896403,0.3380254784007739,0.04824945927283408,0.23679271543553346,0.015038313736976975,0.01253908224215512,0.003985438463757086,0.0640407239410656,0.04695414127238595,0.008882901999174755,0.0,0.011137714814769686,0.0007681008493885603,0.04700312600768542,0.0,0.0
2.7345534805077163,1.3675499143264724,0.16360805216909657,0.16754906980256604,0.24645982184860468,0.051800818763912966,0.0531093867898671,0.2782947280141768,0.33886329834194606,0.015319483435591858,0.014012891352297023,0.0040951411608750295,0.032125369736451845,0.021387603341525386,0.007315927695121749,-0.04215327873111566,0.005270333057343279,0.00215871735500892,0.007786202047974948,0.0,0.0
4.507292842127738,2.254265844922708,0.21753667944209024,0.4955965070011268,0.4127649534283288,0.1316019088833029,0.1381640415437027,0.04856862334007107,0.6541812102471288,0.012499251911144156,0.010108956724949242,0.003225170822019347,0.03205607394156143,0.06117255229380802,0.007778114033819158,0.0,0.005146960021464305,0.0029843119958594005,0.019641681574655078,0.0,0.0
2.9124297087788023,1.4568246412406143,0.2554220479984904,0.13658049502151656,0.2124660064781486,0.025289617317486843,0.021662255276889378,0.2517775364683051,0.2567734277780355,0.01997033563266633,0.02242565255626949,0.01560211564186183,0.13647073828815257,0.01680355988386438,0.0034519472613817118,-0.029201170899830296,0.00046058629179543105,0.003137866609210573,0.10651204993394384,0.0,0.0
4.1081769425367805,2.0539927602902486,0.32225610009105476,0.2593747410822858,0.3673623478365998,0.10717368662524208,0.1087060671151606,0.3736481223642625,0.3731622823859835,0.01623670173531141,0.01278809200324538,0.004188674145721786,0.03999261868771191,0.023939802611190796,0.009277182211917106,0.0,0.009735389099394393,0.0007038901856970416,0.025638484065753035,0.0,0.0
3.32313588824519,1.662377575994194,0.04957741469284723,0.01038574307773524,0.11725864713711104,0.021402225561142768,0.01799154214518542,0.12494728065182548,0.143279142634565,0.1612162934860653,0.2583456709353487,0.3747829596375409,0.4280619763171587,0.07164381284018459,0.0034211624725389365,-0.1410989998629018,0.0001407187598097987,7.634741223723128e-05,0.01932637435260108,0.0,0.0
4.459066445618039,2.2301156855786117,0.20249464557599306,0.4730909996872883,0.4184086478721745,0.12963228813014005,0.13609187090762398,0.058482997096756285,0.6590712610707129,0.012284715207155959,0.010039154668241573,0.0032025357652082863,0.030396077045291306,0.060045652846021154,0.010245086046051666,0.0,0.004981722301435108,0.0015020876969676679,0.018981018122367653,0.0,0.0
2.3636015754158977,1.1814252729475567,0.2043700727100269,0.14187616682593962,0.12404160511807853,0.1441186916776813,0.15286846226341336,0.08090242920160214,0.09823496313870562,0.015604109668242048,0.014461216787318558,0.004244599528711347,0.07783442582098944,0.04941301394943304,0.010515419358637389,-0.00423755705497327,0.006228061953659078,0.0007932843632114019,0.06090733715766421,0.0,0.0
3.915507086865346,1.9572085147523386,0.39147988187913096,0.19775950837113357,0.2883248218935082,0.1825084947907171,0.18747713972475666,0.29355533512029797,0.1459673442729557,0.01659510765872143,0.034807435577719384,0.02243795216444808,0.08967300343324511,0.03961602269544233,0.0034473614688642837,-0.0006519786279323063,0.009606895293113637,0.0011375362847707803,0.05455671011211327,0.0,0.0
0.13653305012940298,0.06884535881065419,0.00625731584964595,-0.008171759448099858,0.011498166433970213,0.007593090561722889,0.0037599523428989193,0.005775796356089841,0.006772608004851799,0.014944991564202498,0.012149750355540728,0.0037899450099916085,0.012253682542333087,0.01156863212689627,0.002028396892311783,-0.024482600821259824,0.0,0.0019497235476528484,0.0,0.0,0.0
1.7453097722762307,0.8722415334789507,0.124378696823278,0.1207067560116289,0.11699124980052004,0.04966507402038164,0.0478705944711861,0.1041093760886932,0.12776020163852517,0.017485802890499978,0.014508315291675703,0.0043736549243833895,0.05975772489533727,0.035754745699868584,0.027908306075654612,0.0,0.009980106926350004,0.0004180203805351617,0.011399612858762845,0.0,0.0
0.2616607107985185,0.13148901985822556,0.01476392285201416,0.011965374666442454,0.012834290370899537,0.0085565748056935,0.004251217618060126,0.006468063963605406,0.0075497200891659205,0.016559669640805748,0.013675841962372546,0.004260383839065848,0.011225812000067963,0.010328321232328838,0.003878177651258466,-0.0018545199251301123,0.004750986897298703,0.0009578532763437862,0.0,0.0,0.0
4.924434162528934,2.462747778304347,0.6567718457607065,0.48716218428127206,0.24416513700110498,0.2180100405830168,0.2252698951819363,0.1709592854903359,0.06703014598617489,0.025890127148057114,0.012592108325017939,0.004071121360722808,0.17113070644938252,0.09439833644778232,0.004193998331366914,-0.026797798597876725,0.015073919732101234,0.018727866192489128,0.07303746455099751,0.0,0.0
4.877148745568107,2.439142129719594,0.6462074667199579,0.4925163180193054,0.23704480664823338,0.2210832431991063,0.2286481391967506,0.1447423137423279,0.07658784589198707,0.025720545815029656,0.012472045844416978,0.004042690881144633,0.17005250556320237,0.09321874900560011,0.003788734058781405,-0.024997397477290413,0.014970880399511858,0.018623332678371587,0.07328439566207799,0.0,0.0
0.6564921205828889,0.3276373274707351,0.09121628957987091,0.008273128090052324,0.012738789049787817,0.008514161993183276,0.003850060038070932,0.006086915320880363,0.0074044369879502315,0.01636559570067123,0.013291895948418191,0.004255155409619654,0.08653528629038028,0.012702583560667564,0.004395454537645522,-0.018557454861199557,0.00031134734059633826,0.07147114812555876,0.0,0.0,0.0
1.8181759125975525,0.9086314778871544,0.11510979803848928,0.09943402557939418,0.11545428090072789,0.05087121060092007,0.04922551967757926,0.10220945551581713,0.12535520238821193,0.016214380940263316,0.014428631214935962,0.00435778544563016,0.10513627253968119,0.01524838714420963,0.0732574474257778,0.0,0.009971980732609447,0.0009623893415907823,0.012307667224560122,0.0,0.0
2.2481589515387443,1.1239737822390128,0.2091426858932291,0.16089582224610524,0.0734629581648225,0.10502066450408093,0.10836464901624769,0.01985847457737203,0.023880783296117068,0.017926218205450813,0.014006625734519714,0.0041880441137686,0.15185183030089827,0.10405602495939298,0.04719141698480278,-0.0005225130867059652,0.009151670330596488,0.0006227482657321801,0.0750870657933016,0.0,0.0
3.6413973672081954,1.8206627626914238,0.2224956402770975,0.09857100350196134,0.09685885706287405,0.06618390481000062,0.06549663476050795,0.06766796601336454,0.0803975336405928,0.026592527967655176,0.3555029928598214,0.2816124195123795,0.3809144010275073,0.033267286650082904,0.006975690524274383,-0.00987046393449184,0.009119390305842912,0.00010198524857239485,0.03884683428872832,0.0,0.0
4.244470539106226,2.1221494737394884,0.3512106500126123,0.25060558109360054,0.3830977615343949,0.12678875408625828,0.13195346254129256,0.2773384592306163,0.35072231221297195,0.023656200355419172,0.013171652642808607,0.004151619516249942,0.08351524118307051,0.01733923417089563,0.07945989255071305,0.0,0.010248609225143741,0.00010774357990027483,0.018953891430790033,0.0,0.0
1.8885832096846782,0.9437869971648588,0.08041398695701037,0.0906333893991905,0.09479262427511442,0.016388292242328534,0.012694174008255722,0.0984038600887315,0.12054467985433136,0.016118193060373116,0.013787246870970701,0.0041319324315384695,0.19800220211932384,0.025488294464708003,0.1531413607322348,0.0,0.009660677419579334,0.0018526658690084044,0.008742632727120702,0.0,0.0
1.6333072720339679,0.8166629291847195,0.15171147958266512,0.1101875409883616,0.089472037529892,0.096109940729113,0.09742182624122471,0.042699524312948746,0.05250846285864384,0.017465992473333625,0.013843205917454752,0.004341458194154955,0.05330044726461769,0.04111762064938701,0.013985701156078426,0.0,0.00987760472952463,0.0003779221546107068,0.022223578067237525,0.0,0.0
4.554299226021916,2.2775520663252284,0.28694971866957075,0.6508372868272118,0.3806005037814223,0.05312232069987462,0.053262876003099834,0.048316138280959396,0.6508666113149354,0.015030316742006453,0.010021896476724015,0.003199908324144199,0.03499877609768269,0.05283918771496072,0.008121366315488753,0.0,0.004502320054748629,0.016274585091780307,0.007803347302076403,0.0,0.0
2.196593142603631,1.0983591841856808,0.13740794906352266,0.1792626742168533,0.036391502572261716,0.027707194965679343,0.02506204908619676,0.020057987653472786,0.02392110320242968,0.0221093049915348,0.01358649887111283,0.004162265994090962,0.25190007956000743,0.16069050023605638,0.1357049780079172,-0.0005232648151597172,0.00969953079496915,0.0017099280427014137,0.049383675974304264,0.0,0.0
2.3625036497023393,1.180876484522592,0.2042751399767592,0.14181026337870914,0.12398398607211636,0.14405174654655467,0.15279745274249545,0.08086484890116842,0.09818933163586596,0.015596861342881236,0.014454499351552193,0.0042426278533601374,0.07779827065067743,0.04939006091912379,0.010510534800502559,-0.004235588650948786,0.006225168932502011,0.000792915871622298,0.06087904485480518,0.0,0.0
2.5454026919448305,1.2723683768055698,0.07207691391291281,0.06447741254287152,0.09231435371428957,0.3564166655994488,0.40102015749302616,0.09558910675382229,0.1165761764450888,0.016685939836740844,0.014350791385220808,0.004332963452589563,0.028468478681393655,0.02843561819306972,0.0064709489741659465,-0.037057388817063566,0.0013811673998656176,0.005329560450039062,0.0061654491217793045,0.0,0.0
3.6093420126646443,1.8048502081179703,0.1853547980077829,0.10334153435705627,0.12665631324945836,0.03727848278829239,0.03465737471234695,0.12069678869124169,0.1434396256607805,0.024773456364385455,0.3547709129995326,0.28098088093914536,0.3481948340459416,0.0203227356517599,0.006653774832682855,-0.009848328622700046,0.007743522194913737,9.524010985458378e-05,0.01937985856419956,0.0,0.0
2.9348904479087836,1.468059713498806,0.2573918699553421,0.1376338076077998,0.21410455024492522,0.025484651551464392,0.02182931519365739,0.25371925185060534,0.25875367161343155,0.0201243474179573,0.02259859981414414,0.01572243959277174,0.13752320442744745,0.016933149406272028,0.0034785687749223277,-0.029426371144112277,0.0004641383461216453,0.003162065924003207,0.10733347383322447,0.0,0.0
0.5606927393970448,0.2800636117181614,0.10288611718910029,0.009954310783389493,0.01260239666708794,0.00842042185055389,0.003535977328554069,0.006055555739806149,0.007212441652496009,0.027165521301157403,0.014045319816278172,0.004149800814127838,0.08614850407038326,0.011954602786345756,0.0019393551363113297,-0.015843472414272995,0.0002331722636995273,0.0001691026938653019,0.0,0.0,0.0
2.523413334554243,1.2613765745816623,0.07145425211379659,0.06392040171212464,0.09151686366584713,0.3533376347393692,0.39755580366333554,0.09476332659820737,0.11556909209839919,0.01654179247034217,0.014226817020926302,0.004295531622168048,0.028222543704553828,0.028189967093128456,0.006415047403031647,-0.03673725551586172,0.0013692356989728728,0.005283519165553303,0.006112186718686337,0.0,0.0
1.2497280783249367,0.6249808362915251,0.09297816616073827,0.08144406465710902,0.0923613665437225,0.03229613310965507,0.02892972895586637,0.07962135588079046,0.10347832165056989,0.017600609142972352,0.013953213727854517,0.0045210351490883325,0.03105523901405304,0.017887249118365176,0.00579029517672876,0.0,0.009383132560191758,0.002214525341225584,0.011232805844480753,0.0,0.0
3.7674904194854086,1.88358138651179,0.3755414821393891,0.17820264141052117,0.14150212281675037,0.15401544012179108,0.15931230552820816,0.069221358774982,0.08231281520575695,0.027265123467017243,0.13827863713972424,0.10547181354756302,0.2765068671314752,0.06773691970303401,0.004991850725313197,-0.0035969100589505615,0.009180273234970624,6.532354890414998e-05,0.09790096853716768,0.0,0.0
2.09220218728498,1.0459865572722886,0.06487330383251741,0.06577948864380961,0.028817446991498498,0.02669996787854792,0.024226848523672243,0.015950392663553175,0.019100624089320048,0.017180455530076282,0.013140401631617142,0.00407325982091219,0.3839389065339337,0.050307453761682115,0.2988533020777975,-0.0005067512513493081,0.009968995414720724,0.0037060696929164497,0.020105464177465716,0.0,0.0
4.805260477872774,2.4032222247545816,0.6188013245689947,0.5255973359231507,0.21924792767622586,0.22838242397829125,0.23662769052639823,0.06314081704842976,0.11567643084663078,0.025366817494483964,0.012121447569022437,0.0039627520661804335,0.16274255606251664,0.08885291790263908,0.0033827761039752196,-0.009250591576639927,0.01464802102301222,0.018522700811929377,0.07421490509295209,0.0,0.0
3.5508699780746897,1.7761939589976663,0.22664930369428954,0.20616583283208376,0.2743162040641705,0.03704879355379422,0.03466303238544276,0.29877411689779143,0.35522085749131416,0.01874633384110683,0.09969731756448325,0.0741907458752812,0.11159623289254159,0.014673751349715679,0.003171383503387879,-0.0024883852653821035,0.0029611535570432867,2.889416324167407e-05,0.0192604506767173,0.0,0.0
0.6384596114325208,0.31964610882133515,0.11357992621528815,0.00590510434236722,0.015117345475190972,0.00867828633673396,0.004090404580352278,0.00635081152794057,0.007406910900194764,0.029646065695132062,0.014064620491707662,0.004289123460024962,0.09477322241340169,0.005440378550084489,0.006920371688469553,-0.007222416288239119,0.009662936170569056,0.0001104110519671944,0.0,0.0,0.0
1.9605461569846203,0.9800377652583618,0.051967486074938965,0.05169264393805572,0.04214199594284311,0.016504479590499808,0.01309243769826263,0.035892243865730485,0.0436580456319113,0.015694369603273837,0.012805969413457127,0.003943124329327914,0.3557777981672808,0.025690531586869042,0.2877759939238204,0.0,0.009657608556097768,0.003493424927693283,0.010720238476196157,0.0,0.0
2.232921924375651,1.1165144604849329,0.18588458315057516,0.20630893302779021,0.051605857345820856,0.056956187040706485,0.05651770099805488,0.0201053600309078,0.024030235099111938,0.02199829977717797,0.013841059428419856,0.004187866696978097,0.17279699973843304,0.17311648956882603,0.051469861674667695,-0.0005264832416329925,0.009493197824202862,0.0006754784989992134,0.0679458372316782,0.0,0.0
0.2827341070786137,0.14089349623986874,0.027680134986573627,0.003878148356900491,0.012934740072389112,0.008548384903596627,0.004323330922615002,0.0064560687324469205,0.007505883614971991,0.027485935192523438,0.013622645153655862,0.004256980792384303,0.012044492226543838,0.0009533977551481755,0.002191548152536402,-0.0009371118140915511,0.002745814688671845,0.008150217101878915,0.0,0.0,0.0
3.3695707180441454,1.6856305121496766,0.036904684726734485,0.00655257627131766,0.11429326007873107,0.015058406499058949,0.011255468808868914,0.12437828481795962,0.14429946410119596,0.16289936889344633,0.2835144346988369,0.39647083447637554,0.4431246948708097,0.07180533592185923,0.0037335556963711404,-0.14248044921976974,0.000505281911507271,7.742628295733313e-05,0.011547577058207963,0.0,0.0
0.4964819721027367,0.2483907232318068,0.08017698400819104,0.0037185561980892993,0.01217947730520714,0.008408076526968553,0.0040010407248052635,0.006198273039448289,0.007295291304497473,0.019245128663137927,0.013582426720315273,0.004179645948796418,0.07319620029594895,6.435592651936082e-05,0.0025323657612300386,0.0,0.008911918048472153,0.004401508399302866,0.0,0.0,0.0
2.917122087693733,1.4591718131598899,0.2558335727912858,0.1368005475203281,0.21280832238226552,0.025330362838901332,0.021697156551795594,0.2521831893840874,0.2571871298546172,0.020002510960903216,0.022461783783365344,0.015627253085778677,0.13669061395173274,0.01683063304201036,0.0034575088872969865,-0.029248218544691434,0.00046132836821279917,0.003142922202164643,0.1066836574737892,0.0,0.0
3.0429124463941797,1.5213999768949544,0.39627944695586115,0.05817867509411147,0.11762026715885632,0.05627230042703942,0.05374196678160217,0.14136070636453482,0.055486852065651904,0.0223660295650331,0.02915408329040373,0.021744570422318546,0.30150767764258524,0.011878219076920915,0.0023728439994556206,-0.01331212480604832,0.0007049536534413025,0.0006064601288115608,0.2655495416786473,0.0,0.0
0.9047417992192487,0.45260699574933183,0.1388027687772611,0.02255072402434928,0.012790853915577285,0.008741831246811322,0.004057203737868858,0.006331493440747724,0.007319195936438609,0.028467220225102077,0.013335026019352453,0.004279839599770666,0.12089309392941189,0.019763783493360214,0.002238389935675964,0.0,0.003311527500695478,0.030611507497730207,0.028640344189763633,0.0,0.0
